tournament_id,name,status,category,city,country,year,prize
753,UK Championship,Professional,Non-ranking,Preston,England,1982,47000.0
1140,World Amateur Championship - Men,Amateur,World Event,Calgary,Canada,1982,0.0
762,Professional Players Tournament,Professional,Ranking,Birmingham,England,1982,31500.0
2586,Pontins Autumn Open,Pro-am,Event,Prestatyn,Wales,1982,0.0
754,International Open,Professional,Ranking,Derby,England,1982,73500.0
759,Scottish Masters,Professional,Invitational,Glasgow,Scotland,1982,23000.0
2444,Australian Amateur Championship,Amateur,National Championship,,Australia,1982,0.0
2443,Scottish Open Championship,Pro-am,National Championship,,Scotland,1982,0.0
2421,Thailand Amateur Championship,Amateur,National Championship,Bangkok,Thailand,1982,0.0
2549,All-Ireland Amateur Championship,Amateur,National Championship,,Ireland,1982,0.0
795,Australian Masters,Professional,Invitational,Sydney,Australia,1982,18568.0
783,Bass and Golden Leisure Classic,Professional,Invitational,Liverpool,England,1982,1380.0
2558,Pontins Spring Open,Pro-am,Event,Prestatyn,Wales,1982,0.0
788,Pontins Professional,Professional,Non-ranking,Prestatyn,Wales,1982,10500.0
772,World Championship,Professional,Ranking,Sheffield,England,1982,110000.0
782,Highland Masters,Professional,Invitational,Inverness,Scotland,1982,10000.0
2113,Irish Amateur Championship,Amateur,National Championship,DunLaoghaire,Ireland,1982,0.0
2112,Scottish Amateur Championship,Amateur,National Championship,Unknown,Scotland,1982,0.0
776,Irish Masters,Professional,Invitational,Kill,Ireland,1982,20413.0
784,Irish Professional Championship,Professional,Non-ranking,Coleraine,Northern Ireland,1982,8500.0
790,Scottish Professional Championship,Professional,Non-ranking,Dunfermline,Scotland,1982,3100.0
2548,Indian Amateur Championship,Amateur,National Championship,,India,1982,0.0
810,International Masters,Professional,Non-ranking,Derby,England,1982,35200.0
796,Welsh Professional Championship,Professional,Non-ranking,Ebbw Vale,Wales,1982,11500.0
794,Tolly Cobbold Classic,Professional,Invitational,Ipswitch,England,1982,8500.0
778,Masters,Professional,Invitational,London,England,1982,27000.0
785,Classic,Professional,Invitational,Oldham,England,1982,15000.0
1882,English Amateur Championship,Amateur,National Championship,Various,England,1982,0.0
1536,Malta Amateur Championship,Amateur,National Championship,Unknown,Malta,1982,0.0
3061,Northern Ireland Amateur Championship,Amateur,National Championship,Unknown,Northern Ireland,1982,0.0
1706,Welsh Amateur Championship,Amateur,National Championship,Unknown,Wales,1982,0.0
789,Pot Black,Professional,Invitational,Birmingham,England,1982,18000.0
734,UK Championship,Professional,Non-ranking,Preston,England,1983,58800.0
739,Professional Players Tournament,Professional,Ranking,Bristol,England,1983,63600.0
740,International Open,Professional,Ranking,Newcastle,England,1983,81000.0
2587,Pontins Autumn Open,Pro-am,Event,Prestatyn,Wales,1983,0.0
741,Scottish Masters,Professional,Invitational,Glasgow,Scotland,1983,25500.0
2446,Australian Amateur Championship,Amateur,National Championship,Gosford,Australia,1983,0.0
2445,Zimbabwe Amateur Championship,Amateur,National Championship,Bulawayo,Zimbabwe,1983,0.0
735,Scottish Professional Championship,Professional,Non-ranking,Glasgow,Scotland,1983,4900.0
824,Thailand Masters,Professional,Invitational,Bangkok,Thailand,1983,0.0
777,Hong Kong Masters,Professional,Invitational,Hong Kong,Hong Kong,1983,0.0
744,Canadian Professional Championship,Professional,Non-ranking,Toronto,Canada,1983,5250.0
765,Australian Masters,Professional,Invitational,Sydney,Australia,1983,52980.0
3239,British Under-16 Championship,Amateur,National Championship,Teesside,England,1983,0.0
2559,Pontins Spring Open,Pro-am,Event,Prestatyn,Wales,1983,0.0
771,Pontins Brean Sands,Professional,Non-ranking,Brean Sands,England,1983,9000.0
760,Pontins Professional,Professional,Non-ranking,Prestatyn,Wales,1983,9000.0
2109,Irish Amateur Championship,Amateur,National Championship,Unknown,Ireland,1983,0.0
2108,Malta Amateur Championship,Amateur,National Championship,Unknown,Malta,1983,0.0
746,World Championship,Professional,Ranking,Sheffield,England,1983,144700.0
2107,Scottish Amateur Championship,Amateur,National Championship,Unknown,Scotland,1983,0.0
751,Irish Masters,Professional,Invitational,Kill,Ireland,1983,30260.0
763,Irish Professional Championship,Professional,Non-ranking,Belfast,Northern Ireland,1983,15000.0
798,International Masters,Professional,Non-ranking,Derby,England,1983,54200.0
764,Tolly Cobbold Classic,Professional,Invitational,Ipswitch,England,1983,15000.0
766,Welsh Professional Championship,Professional,Non-ranking,Ebbw Vale,Wales,1983,13000.0
752,Masters,Professional,Invitational,London,England,1983,55000.0
755,Classic,Professional,Invitational,Warrington,England,1983,64000.0
1446,Canadian Championship,Pro-am,National Championship,Montreal,Canada,1983,0.0
1883,English Amateur Championship,Amateur,National Championship,Various,England,1983,0.0
1761,Northern Ireland Amateur Championship,Amateur,National Championship,Unknown,Northern Ireland,1983,0.0
1707,Welsh Amateur Championship,Amateur,National Championship,Unknown,Wales,1983,0.0
2308,Womens World Championship,Amateur,World Event,Brean,England,1983,5800.0
761,Pot Black,Professional,Invitational,Birmingham,England,1983,16000.0
719,UK Championship,Professional,Ranking,Preston,England,1984,101800.0
1139,World Amateur Championship - Men,Amateur,World Event,Malahide,Ireland,1984,0.0
721,Grand Prix,Professional,Ranking,Reading,England,1984,225000.0
2588,Pontins Autumn Open,Pro-am,Event,Prestatyn,Wales,1984,0.0
2307,Womens World Championship,Amateur,World Event,Coventry,England,1984,0.0
724,International Open,Professional,Ranking,Newcastle,England,1984,147750.0
725,Scottish Masters,Professional,Invitational,Glasgow,Scotland,1984,28500.0
833,Carlsberg Challenge,Professional,Invitational,Dublin,Ireland,1984,19500.0
737,Hong Kong Masters,Professional,Non-ranking,Hong Kong,Hong Kong,1984,0.0
749,Malaysian Masters,Professional,Invitational,Kuala Lumpur,Malaysia,1984,0.0
736,Singapore Masters,Professional,Invitational,Singapore,Singapore,1984,0.0
738,Thailand Masters,Professional,Non-ranking,Bangkok,Thailand,1984,0.0
845,Costa Del Sol Classic,Professional,Invitational,Fuengirola,Spain,1984,2850.0
726,Australian Professional Championship,Professional,Non-ranking,Dubbo,Australia,1984,7485.0
742,Australian Masters,Professional,Invitational,Sydney,Australia,1984,46415.0
727,Canadian Professional Championship,Professional,Non-ranking,Toronto,Canada,1984,0.0
1006,New Zealand Masters,Professional,Invitational,Auckland,New Zealand,1984,19934.0
1255,Asian Championship,Amateur,Continental Event,Singapore,Singapore,1984,0.0
745,Pontins Professional,Professional,Non-ranking,Prestatyn,Wales,1984,12000.0
2560,Pontins Spring Open,Pro-am,Event,Prestatyn,Wales,1984,0.0
2111,Scottish Amateur Championship,Amateur,National Championship,Unknown,Scotland,1984,0.0
2059,Northern Ireland Amateur Championship,Amateur,National Championship,Belfast,Northern Ireland,1984,0.0
728,World Championship,Professional,Ranking,Sheffield,England,1984,199000.0
2110,Isle of Man Amateur Championship,Amateur,National Championship,Unknown,Isle of Man,1984,0.0
729,Irish Masters,Professional,Invitational,Kill,Ireland,1984,36398.0
732,Welsh Professional Championship,Professional,Non-ranking,Ebbw Vale,Wales,1984,14500.0
773,International Masters,Professional,Non-ranking,Derby,England,1984,63750.0
730,Tolly Cobbold Classic,Professional,Invitational,Ipswitch,England,1984,20500.0
731,Masters,Professional,Invitational,London,England,1984,126500.0
733,Classic,Professional,Ranking,Warrington,England,1984,82000.0
2031,Australian Amateur Championship,Amateur,National Championship,Unknown,Australia,1984,0.0
1410,Belgian Amateur Championship,Amateur,National Championship,Ostend,Belgium,1984,0.0
1447,Canadian Championship,Pro-am,National Championship,Montreal,Canada,1984,0.0
1884,English Amateur Championship,Amateur,National Championship,Various,England,1984,0.0
2101,Irish Amateur Championship,Amateur,National Championship,Unknown,Ireland,1984,0.0
1537,Malta Amateur Championship,Amateur,National Championship,Unknown,Malta,1984,0.0
2065,Scottish Professional Championship,Professional,Non-ranking,Unknown,Scotland,1984,0.0
1810,Swedish Amateur Championship,Amateur,National Championship,Unknown,Sweden,1984,0.0
1708,Welsh Amateur Championship,Amateur,National Championship,Unknown,Wales,1984,0.0
723,Pot Black,Professional,Invitational,Birmingham,England,1984,40750.0
756,Professional Snooker League,Professional,League,Various,,1984,0.0
701,KitKat Break for World Champions,Professional,Invitational,Nottingham,England,1985,30000.0
2306,Womens World Championship,Amateur,World Event,Solihull,England,1985,0.0
1280,WPBSA Pro Ticket Series 87/88 - Event 2,Professional,Tour Qualifier,Barry Island,Wales,1985,11700.0
688,UK Championship,Professional,Ranking,Preston,England,1985,120008.0
1138,World Amateur Championship - Men,Amateur,World Event,Blackpool,England,1985,0.0
1276,WPBSA Pro Ticket Series 87/88 - Event 1,Professional,Tour Qualifier,Prestatyn,Wales,1985,12500.0
697,Canadian Masters,Professional,Invitational,Toronto,Canada,1985,47500.0
690,Grand Prix,Professional,Ranking,Reading,England,1985,249962.0
2589,Pontins Autumn Open,Pro-am,Event,Prestatyn,Wales,1985,0.0
691,Matchroom Trophy,Professional,Ranking,Stoke,England,1985,168008.0
692,Scottish Masters,Professional,Invitational,Glasgow,Scotland,1985,31000.0
698,Hong Kong Masters,Professional,Invitational,Hong Kong,Hong Kong,1985,0.0
693,Australian Professional Championship,Professional,Non-ranking,Sydney,Australia,1985,16425.0
792,Singapore Masters,Professional,Invitational,Singapore,Singapore,1985,0.0
793,Thailand Masters,Professional,Non-ranking,Bangkok,Thailand,1985,0.0
846,Australian Masters,Professional,Invitational,Sydney,Australia,1985,60000.0
694,Canadian Professional Championship,Professional,Non-ranking,Toronto,Canada,1985,5000.0
3063,All-Ireland Amateur Championship,Amateur,National Championship,Camlough,Northern Ireland,1985,0.0
2045,Australian Amateur Championship,Amateur,National Championship,Dareton,Australia,1985,0.0
834,Carlsberg Challenge,Professional,Invitational,Dublin,Ireland,1985,28500.0
3064,Northern Ireland Amateur Championship,Amateur,National Championship,Unknown,Northern Ireland,1985,0.0
1389,Asian Championship,Amateur,Continental Event,Singapore,Singapore,1985,0.0
2561,Pontins Spring Open,Pro-am,Event,Prestatyn,Wales,1985,0.0
1279,WPBSA Pro Ticket Series 86/87 - Event 2,Professional,Tour Qualifier,Brean Sands,England,1985,20000.0
711,Pontins Professional,Professional,Non-ranking,Prestatyn,Wales,1985,0.0
710,Welsh Professional Championship,Professional,Non-ranking,Abertillery,Wales,1985,15000.0
2047,Irish Amateur Championship,Amateur,National Championship,Unknown,Ireland,1985,0.0
2046,Isle of Man Amateur Championship,Amateur,National Championship,Unknown,Isle of Man,1985,0.0
1275,WPBSA Pro Ticket Series 86/87 - Event 1,Professional,Tour Qualifier,Brean Sands,England,1985,19925.0
699,World Championship,Professional,Ranking,Sheffield,England,1985,300600.0
703,Irish Professional Championship,Professional,Non-ranking,Belfast,Northern Ireland,1985,19600.0
1538,Malta Amateur Championship,Amateur,National Championship,Cospicua,Malta,1985,0.0
700,Irish Masters,Professional,Invitational,Kill,Ireland,1985,69025.0
702,British Open,Professional,Ranking,Derby,England,1985,244000.0
720,English Professional Championship,Professional,Non-ranking,Ipswitch,England,1985,75000.0
704,Scottish Professional Championship,Professional,Non-ranking,Edinburgh,Scotland,1985,10000.0
705,Masters,Professional,Invitational,London,England,1985,146252.0
712,Classic,Professional,Ranking,Warrington,England,1985,196000.0
1411,Belgian Amateur Championship,Amateur,National Championship,Middelkerke,Belgium,1985,0.0
1448,Canadian Championship,Pro-am,National Championship,Montreal,Canada,1985,0.0
1885,English Amateur Championship,Amateur,National Championship,Various,England,1985,0.0
1770,Scottish Amateur Championship,Amateur,National Championship,Unknown,Scotland,1985,0.0
1809,Swedish Amateur Championship,Amateur,National Championship,Unknown,Sweden,1985,0.0
1709,Welsh Amateur Championship,Amateur,National Championship,Unknown,Wales,1985,0.0
722,Pot Black,Professional,Invitational,Birmingham,England,1985,0.0
651,Pot Black,Professional,Invitational,Birmingham,England,1986,0.0
639,UK Championship,Professional,Ranking,Preston,England,1986,299980.0
1137,World Amateur Championship - Men,Amateur,World Event,Invercargill,New Zealand,1986,0.0
663,Canadian Masters,Professional,Invitational,Toronto,Canada,1986,62497.0
641,Grand Prix,Professional,Ranking,Reading,England,1986,278595.0
2305,Womens World Championship,Amateur,World Event,Solihull,England,1986,0.0
1277,WPBSA Pro Ticket Series 88/89 - Event 1,Professional,Tour Qualifier,Prestatyn,Wales,1986,11575.0
642,International Open,Professional,Ranking,Stoke,England,1986,172732.0
643,Scottish Masters,Professional,Invitational,Glasgow,Scotland,1986,40000.0
821,Matchroom Trophy,Professional,Invitational,Southend-on-Sea,England,1986,100000.0
835,Carlsberg Challenge,Professional,Invitational,Dublin,Ireland,1986,31000.0
674,Hong Kong Masters,Professional,Invitational,Hong Kong,Hong Kong,1986,86800.0
750,Malaysian Masters,Professional,Invitational,Kuala Lumpur,Malaysia,1986,0.0
781,China Masters,Professional,Invitational,Shanghai,China,1986,0.0
645,Australian Professional Championship,Professional,Non-ranking,Sydney,Australia,1986,12268.0
646,Canadian Professional Championship,Professional,Non-ranking,Toronto,Canada,1986,12900.0
647,South African Professional Championship,Professional,Non-ranking,Johannesburg,South Africa,1986,19650.0
664,Thailand Masters,Professional,Invitational,Bangkok,Thailand,1986,0.0
1037,Australian Masters,Professional,Invitational,Sydney,Australia,1986,16000.0
1391,Asian Championship,Amateur,Continental Event,Unknown,Sri Lanka,1986,0.0
696,Pontins Professional,Professional,Non-ranking,Prestatyn,Wales,1986,0.0
2562,Pontins Spring Open,Pro-am,Event,Prestatyn,Wales,1986,0.0
2043,Scottish Amateur Championship,Amateur,National Championship,Glasgow,Scotland,1986,0.0
1286,WPBSA Pro Ticket Series 87/88- Event 4,Professional,Tour Qualifier,Brean Sands,England,1986,11700.0
1283,WPBSA Pro Ticket Series 87/88 - Event 3,Professional,Tour Qualifier,Barry Island,Wales,1986,12100.0
682,Irish Professional Championship,Professional,Non-ranking,Belfast,Northern Ireland,1986,21100.0
2044,Northern Ireland Amateur Championship,Amateur,National Championship,Unknown,Northern Ireland,1986,0.0
649,World Championship,Professional,Ranking,Sheffield,England,1986,349982.0
650,Irish Masters,Professional,Invitational,Kill,Ireland,1986,77583.0
2041,Irish Amateur Championship,Amateur,National Championship,Malahide,Ireland,1986,0.0
679,Scottish Professional Championship,Professional,Non-ranking,Edinburgh,Scotland,1986,14000.0
680,British Open,Professional,Ranking,Derby,England,1986,274995.0
686,Welsh Professional Championship,Professional,Non-ranking,Abertillery,Wales,1986,15000.0
683,English Professional Championship,Professional,Non-ranking,Ipswitch,England,1986,80000.0
685,Masters,Professional,Invitational,London,England,1986,175000.0
695,Belgian Classic,Professional,Invitational,Oostende,Belgium,1986,40000.0
687,Classic,Professional,Ranking,Warrington,England,1986,224977.0
2030,Australian Amateur Championship,Amateur,National Championship,Unknown,Australia,1986,0.0
1412,Belgian Amateur Championship,Amateur,National Championship,Leuven,Belgium,1986,0.0
2491,Canadian Championship,Amateur,National Championship,,Canada,1986,0.0
1886,English Amateur Championship,Amateur,National Championship,Various,England,1986,0.0
1808,Swedish Amateur Championship,Amateur,National Championship,Unknown,Sweden,1986,0.0
2142,Watney's Open,Pro-am,Event,London,England,1986,0.0
1710,Welsh Amateur Championship,Amateur,National Championship,Unknown,Wales,1986,0.0
618,UK Championship,Professional,Ranking,Preston,England,1987,354998.0
1136,World Amateur Championship - Men,Amateur,World Event,Bangalore,India,1987,0.0
670,Canadian Masters,Professional,Invitational,Toronto,Canada,1987,75000.0
619,Grand Prix,Professional,Ranking,Reading,England,1987,300012.0
2304,Womens World Championship,Amateur,World Event,Puckpool,England,1987,0.0
1043,Matchroom Trophy,Professional,Invitational,Southend,England,1987,125000.0
620,International Open,Professional,Ranking,Stoke,England,1987,199992.0
836,Carling Championships,Professional,Invitational,Dublin,Ireland,1987,32650.0
1287,WPBSA Pro Ticket Series 88/89 - Event 4,Professional,Tour Qualifier,Prestatyn,Wales,1987,14900.0
623,Scottish Masters,Professional,Invitational,Glasgow,Scotland,1987,52000.0
669,Hong Kong Masters,Professional,Invitational,Hong Kong,Hong Kong,1987,75000.0
668,Tokyo Masters,Professional,Invitational,Tokyo,Japan,1987,100000.0
624,Australian Professional Championship,Professional,Non-ranking,Sydney,Australia,1987,9107.0
625,Canadian Professional Championship,Professional,Non-ranking,Toronto,Canada,1987,13600.0
1197,World Under-21 Championship - Men,Amateur,World Event,Hastings,England,1987,0.0
2064,Australian Masters,Professional,Invitational,Sydney,Australia,1987,88883.0
2040,Scottish Amateur Championship,Amateur,National Championship,Unknown,Scotland,1987,0.0
1254,Asian Championship,Amateur,Continental Event,Kuala Lumpur,Malaysia,1987,0.0
648,Pontins Professional,Professional,Non-ranking,Prestatyn,Wales,1987,5000.0
2563,Pontins Spring Open,Pro-am,Event,Prestatyn,Wales,1987,0.0
1284,WPBSA Pro Ticket Series 88/89 - Event 3,Professional,Tour Qualifier,Brean Sands,England,1987,11700.0
1281,WPBSA Pro Ticket Series 88/89 - Event 2,Professional,Tour Qualifier,Isle of Wight,England,1987,11700.0
629,World Championship,Professional,Ranking,Sheffield,England,1987,400000.0
631,Irish Masters,Professional,Invitational,Kill,Ireland,1987,90000.0
989,Kent Cup,Professional,Invitational,Beijing,China,1987,30000.0
3270,Professional Play-offs,Professional,Tour Qualifier,Unknown,England,1987,0.0
633,British Open,Professional,Ranking,Derby,England,1987,300812.0
637,Welsh Professional Championship,Professional,Non-ranking,Newport,Wales,1987,20000.0
635,English Professional Championship,Professional,Non-ranking,Ipswitch,England,1987,86000.0
2042,Irish Amateur Championship,Amateur,National Championship,Malahide,Ireland,1987,0.0
634,Irish Professional Championship,Professional,Non-ranking,Antrim,Northern Ireland,1987,23000.0
632,Scottish Professional Championship,Professional,Non-ranking,Glasgow,Scotland,1987,11000.0
636,Masters,Professional,Invitational,London,England,1987,200000.0
638,Classic,Professional,Ranking,Blackpool,England,1987,249837.0
2029,Australian Amateur Championship,Amateur,National Championship,Unknown,Australia,1987,0.0
1413,Belgian Amateur Championship,Amateur,National Championship,Zele,Belgium,1987,0.0
1449,Canadian Championship,Pro-am,National Championship,Vancouver,Canada,1987,0.0
1567,Dutch Amateur Championship,Amateur,National Championship,Gravenhage,Netherlands,1987,0.0
1887,English Amateur Championship,Amateur,National Championship,Various,England,1987,0.0
1539,Malta Amateur Championship,Amateur,National Championship,Unknown,Malta,1987,0.0
630,Matchroom League,Professional,League,Various,,1987,74800.0
1760,Northern Ireland Amateur Championship,Amateur,National Championship,Unknown,Northern Ireland,1987,0.0
1807,Swedish Amateur Championship,Amateur,National Championship,Unknown,Sweden,1987,0.0
1711,Welsh Amateur Championship,Amateur,National Championship,Unknown,Wales,1987,0.0
659,Norwich Union Grand Prix,Professional,Invitational,Various,,1988,105000.0
592,World Matchplay,Professional,Invitational,Brentwood,England,1988,240000.0
1290,WPBSA Non-Ranking - Event 3,Professional,Non-ranking,Leeds,England,1988,24425.0
593,UK Championship,Professional,Ranking,Preston,England,1988,398000.0
1135,World Amateur Championship - Men,Amateur,World Event,Sydney,Australia,1988,0.0
1289,WPBSA Non-Ranking - Event 2,Professional,Non-ranking,Brixham,England,1988,25000.0
595,Canadian Masters,Professional,Ranking,Toronto,Canada,1988,199992.0
2303,Womens World Championship,Amateur,World Event,Brixham,England,1988,8650.0
596,Grand Prix,Professional,Ranking,Reading,England,1988,324997.0
775,Fosters Professional,Professional,Invitational,Dublin,Ireland,1988,34700.0
767,Matchroom Professional Championship,Professional,Invitational,Southend-on-Sea,England,1988,125000.0
676,WPBSA Pro Ticket Series 89/90 - Event 3,Professional,Tour Qualifier,Prestatyn,Wales,1988,11700.0
601,Dubai Masters,Professional,Invitational,Dubai,United Arab Emirates,1988,73000.0
603,Australian Professional Championship,Professional,Non-ranking,Sydney,Australia,1988,7550.0
602,Canadian Professional Championship,Professional,Non-ranking,Toronto,Canada,1988,22625.0
1288,WPBSA Non-Ranking - Event 1,Professional,Non-ranking,Glasgow,Scotland,1988,25000.0
599,International Open,Professional,Ranking,Stoke,England,1988,224993.0
675,Hong Kong Masters,Professional,Invitational,Hong Kong,Hong Kong,1988,75000.0
1196,World Under-21 Championship - Men,Amateur,World Event,Bangkok,Thailand,1988,0.0
660,New Zealand Masters,Professional,Non-ranking,Wellington,New Zealand,1988,40000.0
677,WPBSA Pro Ticket Series 89/90 - Event 2,Professional,Tour Qualifier,Brean Sands,England,1988,11700.0
1253,Asian Championship,Amateur,Continental Event,Colombo,Sri Lanka,1988,0.0
2564,Pontins Spring Open,Pro-am,Event,Prestatyn,Wales,1988,0.0
2221,Scottish Amateur Championship,Amateur,National Championship,Ibrox,Scotland,1988,3040.0
678,WPBSA Pro Ticket Series 89/90 - Event 1,Professional,Tour Qualifier,Puckpool,England,1988,11700.0
627,Pontins Professional,Professional,Non-ranking,Prestatyn,Wales,1988,6000.0
1166,European Championships - Men,Amateur,Continental Event,Scheveningen,Netherlands,1988,0.0
606,World Championship,Professional,Ranking,Sheffield,England,1988,474003.0
774,Kent Cup,Professional,Non-ranking,Beijing,China,1988,115000.0
609,Irish Masters,Professional,Invitational,Kill,Ireland,1988,108670.0
708,Professional Play-offs,Professional,Tour Qualifier,Preston,England,1988,0.0
611,British Open,Professional,Ranking,Derby,England,1988,298699.0
610,Scottish Professional Championship,Professional,Non-ranking,Edinburgh,Scotland,1988,25000.0
613,Irish Professional Championship,Professional,Non-ranking,Antrim,Northern Ireland,1988,14000.0
616,Welsh Professional Championship,Professional,Non-ranking,Newport,Wales,1988,22500.0
614,English Professional Championship,Professional,Non-ranking,Ipswitch,England,1988,63004.0
2058,Scottish Open Championship,Amateur,National Championship,Glasgow,Scotland,1988,0.0
615,Masters,Professional,Invitational,London,England,1988,225000.0
2028,Australian Amateur Championship,Amateur,National Championship,Unknown,Australia,1988,0.0
1414,Belgian Amateur Championship,Amateur,National Championship,Antwerp,Belgium,1988,0.0
1450,Canadian Championship,Pro-am,National Championship,Halifax,Canada,1988,0.0
617,Classic,Professional,Ranking,Blackpool,England,1988,250010.0
1568,Dutch Amateur Championship,Amateur,National Championship,Alkmaar,Netherlands,1988,0.0
2371,Dutch Open,Pro-am,Event,Rotterdam,Netherlands,1988,0.0
1888,English Amateur Championship,Amateur,National Championship,Various,England,1988,0.0
1503,Irish Amateur Championship,Amateur,National Championship,Unknown,Ireland,1988,0.0
1540,Malta Amateur Championship,Amateur,National Championship,Unknown,Malta,1988,0.0
607,Matchroom League,Professional,League,Various,England,1988,220000.0
1759,Northern Ireland Amateur Championship,Amateur,National Championship,Unknown,Northern Ireland,1988,0.0
628,South African Professional Championship,Professional,Non-ranking,Germiston,South Africa,1988,4000.0
1806,Swedish Amateur Championship,Amateur,National Championship,Unknown,Sweden,1988,0.0
1712,Welsh Amateur Championship,Amateur,National Championship,Unknown,Wales,1988,0.0
550,World Matchplay,Professional,Invitational,Brentwood,England,1989,250000.0
551,UK Championship,Professional,Ranking,Preston,England,1989,420000.0
657,Norwich Union Grand Prix,Professional,Invitational,Various,England,1989,40000.0
1134,World Amateur Championship - Men,Amateur,World Event,Singapore,Singapore,1989,0.0
1274,WPBSA Non-Ranking - Event 2,Professional,Non-ranking,Glasgow,Scotland,1989,22975.0
598,Dubai Classic,Professional,Ranking,Dubai,United Arab Emirates,1989,201000.0
2302,Womens World Championship,Amateur,World Event,Brixham,England,1989,8650.0
552,Grand Prix,Professional,Ranking,Reading,England,1989,349998.0
1285,WPBSA Pro Ticket Series 90/91 - Event 3,Professional,Tour Qualifier,Brean Sands,England,1989,14900.0
553,International Open,Professional,Ranking,Stoke,England,1989,199992.0
554,Scottish Masters,Professional,Invitational,Glasgow,Scotland,1989,86000.0
1273,WPBSA Non-Ranking - Event 1,Professional,Non-ranking,Essex,England,1989,20000.0
555,Asian Open,Professional,Ranking,Bangkok,Thailand,1989,199500.0
556,Hong Kong Open,Professional,Ranking,Hong Kong,Hong Kong,1989,200000.0
665,New Zealand Masters,Professional,Invitational,Wellington,New Zealand,1989,38080.0
1195,World Under-21 Championship - Men,Amateur,World Event,Reykjavik,Iceland,1989,0.0
1252,Asian Championship,Amateur,Continental Event,Delhi,India,1989,0.0
605,Pontins Professional,Professional,Non-ranking,Prestatyn,Wales,1989,3500.0
2565,Pontins Spring Open,Pro-am,Event,Prestatyn,Wales,1989,0.0
1282,WPBSA Pro Ticket Series 90/91 - Event 2,Professional,Tour Qualifier,Camber Sands,England,1989,11700.0
1278,WPBSA Pro Ticket Series 90/91 - Event 1,Professional,Tour Qualifier,Puckpool,Isle of Wight,1989,11700.0
558,World Championship,Professional,Ranking,Sheffield,England,1989,524805.0
706,Professional Play-offs,Professional,Tour Qualifier,Preston,England,1989,0.0
561,Irish Masters,Professional,Invitational,Kill,Ireland,1989,112160.0
562,British Open,Professional,Ranking,Derby,England,1989,346607.0
563,English Professional Championship,Professional,Non-ranking,Bristol,England,1989,66000.0
586,Irish Professional Championship,Professional,Non-ranking,Antrim,Northern Ireland,1989,11850.0
587,Scottish Professional Championship,Professional,Non-ranking,Edinburgh,Scotland,1989,6002.0
588,European Open,Professional,Ranking,Deauville,France,1989,197207.0
589,Masters,Professional,Invitational,London,England,1989,250000.0
2027,Australian Amateur Championship,Amateur,National Championship,Unknown,Australia,1989,0.0
1415,Belgian Amateur Championship,Amateur,National Championship,Antwerp,Belgium,1989,0.0
591,Classic,Professional,Ranking,Blackpool,England,1989,274995.0
1569,Dutch Amateur Championship,Amateur,National Championship,Rotterdam,Netherlands,1989,0.0
2372,Dutch Open,Pro-am,Event,Hilversum,Netherlands,1989,0.0
1889,English Amateur Championship,Amateur,National Championship,Various,England,1989,0.0
1504,Irish Amateur Championship,Amateur,National Championship,Unknown,Ireland,1989,0.0
1541,Malta Amateur Championship,Amateur,National Championship,Unknown,Malta,1989,0.0
559,Matchroom League,Professional,League,Various,,1989,215000.0
1758,Northern Ireland Amateur Championship,Amateur,National Championship,Unknown,Northern Ireland,1989,0.0
2143,Scottish Amateur Championship,Amateur,National Championship,Unknown,Scotland,1989,0.0
604,South African Professional Championship,Professional,Non-ranking,Johannesburg,South Africa,1989,13800.0
1805,Swedish Amateur Championship,Amateur,National Championship,Unknown,Sweden,1989,0.0
1713,Welsh Amateur Championship,Amateur,National Championship,Unknown,Wales,1989,0.0
590,Welsh Professional Championship,Professional,Non-ranking,Newport,Wales,1989,26000.0
666,London Masters,Professional,Invitational,London,England,1989,50000.0
519,World Matchplay,Professional,Invitational,Brentwood,England,1990,200000.0
597,Benson and Hedges Satellite Championship,Professional,Non-ranking,Glasgow,Scotland,1990,8500.0
521,UK Championship,Professional,Ranking,Preston,England,1990,450000.0
522,Dubai Classic,Professional,Ranking,Dubai,United Arab Emirates,1990,199250.0
1133,World Amateur Championship - Men,Amateur,World Event,Colombo,Sri Lanka,1990,0.0
526,Asian Open,Professional,Ranking,Guangzhou,China,1990,199250.0
2301,Womens World Championship,Amateur,World Event,London,England,1990,10000.0
535,Grand Prix,Professional,Ranking,Reading,England,1990,368000.0
2590,Pontins Autumn Open,Pro-am,Event,Prestatyn,Wales,1990,0.0
743,International One Frame Shoot-out,Professional,Non-ranking,Stoke,England,1990,39750.0
534,Humo Masters,Professional,Non-ranking,Antwerp,Belgium,1990,71000.0
537,Scottish Masters,Professional,Invitational,Motherwell,Scotland,1990,96000.0
529,Hong Kong Challenge,Professional,Non-ranking,Hong Kong,Hong Kong,1990,71000.0
1194,World Under-21 Championship - Men,Amateur,World Event,Brisbane,Australia,1990,0.0
707,Professional Play-offs,Professional,Tour Qualifier,Preston,England,1990,0.0
658,Norwich Union Grand Prix,Professional,Invitational,Various,,1990,60000.0
1251,Asian Championship,Amateur,Continental Event,Jakarta,Indonesia,1990,0.0
585,Pontins Professional,Professional,Non-ranking,Prestatyn,Wales,1990,2700.0
2566,Pontins Spring Open,Pro-am,Event,Prestatyn,Wales,1990,0.0
2057,Scottish Amateur Championship,Amateur,National Championship,Glasgow,Scotland,1990,0.0
538,World Championship,Professional,Ranking,Sheffield,England,1990,600008.0
542,Irish Masters,Professional,Invitational,Kill,Ireland,1990,150000.0
990,Kent Cup,Professional,Invitational,Beijing,China,1990,9760.0
540,European Open,Professional,Ranking,Lyon,France,1990,200000.0
543,British Open,Professional,Ranking,Derby,England,1990,365624.0
584,Welsh Professional Championship,Professional,Non-ranking,Newport,Wales,1990,27600.0
545,Masters,Professional,Invitational,London,England,1990,275000.0
547,Classic,Professional,Ranking,Blackpool,England,1990,298699.0
2026,Australian Amateur Championship,Amateur,National Championship,Unknown,Australia,1990,0.0
1416,Belgian Amateur Championship,Amateur,National Championship,Antwerp,Belgium,1990,0.0
1570,Dutch Amateur Championship,Amateur,National Championship,Rotterdam,Netherlands,1990,0.0
2373,Dutch Open,Pro-am,Event,Rotterdam,Netherlands,1990,0.0
1890,English Amateur Championship,Amateur,National Championship,Various,England,1990,0.0
1505,Irish Amateur Championship,Amateur,National Championship,Unknown,Ireland,1990,0.0
1542,Malta Amateur Championship,Amateur,National Championship,Unknown,Malta,1990,0.0
539,Matchroom International League,Professional,League,Various,England,1990,0.0
541,Matchroom League,Professional,League,Various,,1990,220000.0
1757,Northern Ireland Amateur Championship,Amateur,National Championship,Unknown,Northern Ireland,1990,0.0
1804,Swedish Amateur Championship,Amateur,National Championship,Unknown,Sweden,1990,0.0
1714,Welsh Amateur Championship,Amateur,National Championship,Unknown,Wales,1990,0.0
656,London Masters,Professional,Invitational,London,England,1990,75000.0
497,Belgian Challenge,Professional,Non-ranking,Antwerp,Belgium,1991,64000.0
498,World Matchplay,Professional,Invitational,Doncaster,England,1991,160000.0
1132,World Amateur Championship - Men,Amateur,World Event,Bangkok,Thailand,1991,0.0
499,UK Championship,Professional,Ranking,Preston,England,1991,198900.0
2300,Womens World Championship,Amateur,World Event,London,England,1991,22000.0
500,Benson and Hedges Satellite Championship,Professional,Non-ranking,Glasgow,Scotland,1991,8500.0
502,Grand Prix,Professional,Ranking,Reading,England,1991,399300.0
503,Dubai Classic,Professional,Ranking,Dubai,United Arab Emirates,1991,213750.0
2054,New Zealand Amateur Championship,Amateur,National Championship,Matamata,New Zealand,1991,0.0
2591,Pontins Autumn Open,Pro-am,Event,Prestatyn,Wales,1991,0.0
769,World Seniors Championship,Professional,Invitational,Stoke,England,1991,48000.0
504,Scottish Masters,Professional,Invitational,Motherwell,Scotland,1991,105000.0
505,Indian Challenge,Professional,Non-ranking,Delhi,India,1991,59000.0
508,Humo Masters,Professional,Non-ranking,Antwerp,Belgium,1991,85000.0
507,Hong Kong Challenge,Professional,Non-ranking,Hong Kong,Hong Kong,1991,59000.0
506,Pot Black,Professional,Invitational,Stoke,England,1991,33000.0
509,Thailand Masters,Professional,Non-ranking,Bangkok,Thailand,1991,41248.0
1193,World Under-21 Championship - Men,Amateur,World Event,Bangalore,India,1991,0.0
533,European Challenge,Professional,Non-ranking,Waregem,Belgium,1991,50000.0
1392,Asian Championship,Amateur,Continental Event,Unknown,Pakistan,1991,0.0
770,European Masters League,Professional,League,Various,,1991,15000.0
2567,Pontins Spring Open,Pro-am,Event,Prestatyn,Wales,1991,0.0
583,Pontins Professional,Professional,Non-ranking,Prestatyn,Wales,1991,3500.0
510,World Championship,Professional,Ranking,Sheffield,England,1991,748500.0
513,Irish Masters,Professional,Invitational,Kill,Ireland,1991,144000.0
2055,Scottish Amateur Championship,Amateur,National Championship,Glasgow,Scotland,1991,0.0
975,Kent Cup,Professional,Invitational,Beijing,China,1991,9760.0
516,European Open,Professional,Ranking,Rotterdam,Netherlands,1991,196250.0
514,British Open,Professional,Ranking,Derby,England,1991,400000.0
582,Welsh Professional Championship,Professional,Non-ranking,Newport,Wales,1991,33500.0
515,Masters,Professional,Invitational,London,England,1991,350000.0
525,World Masters - Juniors Singles,Amateur,World Event,Birmingham,England,1991,25000.0
523,World Masters - Men's Singles,Professional,Non-ranking,Birmingham,England,1991,696000.0
524,World Masters - Women's Singles,Amateur,World Event,Birmingham,England,1991,49500.0
2025,Australian Amateur Championship,Amateur,National Championship,Unknown,Australia,1991,0.0
1417,Belgian Amateur Championship,Amateur,National Championship,Antwerp,Belgium,1991,0.0
1451,Canadian Championship,Pro-am,National Championship,Toronto,Canada,1991,0.0
517,Classic,Professional,Ranking,Bournemouth,England,1991,300000.0
1571,Dutch Amateur Championship,Amateur,National Championship,Eindhoven,Netherlands,1991,0.0
1891,English Amateur Championship,Amateur,National Championship,Various,England,1991,0.0
1776,Indian Amateur Championship,Amateur,National Championship,Unknown,India,1991,0.0
1506,Irish Amateur Championship,Amateur,National Championship,Unknown,Ireland,1991,0.0
512,Matchroom League,Professional,League,Various,,1991,200000.0
1756,Northern Ireland Amateur Championship,Amateur,National Championship,Unknown,Northern Ireland,1991,0.0
2056,Scottish Open Championship,Amateur,National Championship,Falkirk,Scotland,1991,0.0
1803,Swedish Amateur Championship,Amateur,National Championship,Unknown,Sweden,1991,0.0
1670,United States Amateur Championship,Amateur,National Championship,Oakbrook,United States,1991,0.0
1715,Welsh Amateur Championship,Amateur,National Championship,Unknown,Wales,1991,0.0
667,London Masters,Professional,Invitational,London,England,1991,75000.0
757,Indian Masters,Professional,Invitational,Delhi,India,1992,5000.0
478,Strachan Challenge - Event 1,Professional,Minor Ranking,Aldershot,England,1992,24800.0
474,World Matchplay,Professional,Invitational,Doncaster,England,1992,160000.0
2051,Pakistan Amateur Championship,Amateur,National Championship,Unknown,Pakistan,1992,0.0
1131,World Amateur Championship - Men,Amateur,World Event,Bugibba,Malta,1992,0.0
475,UK Championship,Professional,Ranking,Preston,England,1992,336400.0
532,Humo Masters,Professional,Non-ranking,Antwerp,Belgium,1992,58000.0
480,Benson and Hedges Championship,Professional,Minor Ranking,Glasgow,Scotland,1992,5000.0
481,Grand Prix,Professional,Ranking,Reading,England,1992,424700.0
482,Dubai Classic,Professional,Ranking,Dubai,United Arab Emirates,1992,223800.0
485,Scottish Masters,Professional,Invitational,Motherwell,Scotland,1992,125000.0
3294,All-Ireland Amateur Championship,Amateur,National Championship,Newry,Northern Ireland,1992,0.0
531,Kent Classic,Professional,Non-ranking,Beijing,China,1992,110000.0
2052,Finnish Amateur Championship,Amateur,National Championship,Unknown,Finland,1992,0.0
1192,World Under-21 Championship - Men,Amateur,World Event,Brunei,Brunei,1992,0.0
1250,Asian Championship,Amateur,Continental Event,Bangkok,Thailand,1992,0.0
2568,Pontins Spring Open,Pro-am,Event,Prestatyn,Wales,1992,0.0
572,Irish Professional Championship,Professional,Non-ranking,Cork,Ireland,1992,3000.0
581,Pontins Professional,Professional,Non-ranking,Prestatyn,Wales,1992,12000.0
487,World Championship,Professional,Ranking,Sheffield,England,1992,946500.0
2053,Scottish Amateur Championship,Amateur,National Championship,Glasgow,Scotland,1992,0.0
489,Irish Masters,Professional,Invitational,Kill,Ireland,1992,161500.0
490,European Open,Professional,Ranking,Tongeren,Belgium,1992,145000.0
491,Strachan Open,Professional,Ranking,Bristol,England,1992,60000.0
661,European Challenge,Professional,Non-ranking,Waregem,Belgium,1992,50000.0
492,British Open,Professional,Ranking,Derby,England,1992,442000.0
493,Welsh Open,Professional,Ranking,Newport,Wales,1992,120000.0
494,Masters,Professional,Invitational,London,England,1992,365000.0
495,Asian Open,Professional,Ranking,Bangkok,Thailand,1992,180000.0
488,Matchroom League,Professional,League,Various,,1992,250000.0
2024,Australian Amateur Championship,Amateur,National Championship,Unknown,Australia,1992,0.0
1418,Belgian Amateur Championship,Amateur,National Championship,Antwerp,Belgium,1992,0.0
1452,Canadian Championship,Pro-am,National Championship,Saskatoon,Canada,1992,0.0
496,Classic,Professional,Ranking,Bournemouth,England,1992,326000.0
1572,Dutch Amateur Championship,Amateur,National Championship,Warmond,Netherlands,1992,0.0
1892,English Amateur Championship,Amateur,National Championship,Various,England,1992,0.0
1507,Irish Amateur Championship,Amateur,National Championship,Unknown,Ireland,1992,0.0
1543,Malta Amateur Championship,Amateur,National Championship,Unknown,Malta,1992,0.0
1755,Northern Ireland Amateur Championship,Amateur,National Championship,Unknown,Northern Ireland,1992,0.0
1802,Swedish Amateur Championship,Amateur,National Championship,Unknown,Sweden,1992,0.0
1671,United States Amateur Championship,Amateur,National Championship,Aurora,United States,1992,0.0
1716,Welsh Amateur Championship,Amateur,National Championship,Unknown,Wales,1992,0.0
457,European Open,Professional,Ranking,Antwerp,Belgium,1993,114800.0
1130,World Amateur Championship - Men,Amateur,World Event,Karachi,Pakistan,1993,0.0
458,UK Championship,Professional,Ranking,Preston,England,1993,375000.0
459,Benson and Hedges Championship,Professional,Non-ranking,Glasgow,Scotland,1993,7870.0
2903,Merseyside Professional,Professional,Non-ranking,Liverpool,England,1993,500.0
460,Grand Prix,Professional,Ranking,Reading,England,1993,326800.0
461,Dubai Classic,Professional,Ranking,Dubai,United Arab Emirates,1993,221925.0
462,Scottish Masters,Professional,Invitational,Motherwell,Scotland,1993,140000.0
3105,German Open Snooker Ranking - Event 33 - 2 Star,Amateur,National Ranking,Gifhorn,Germany,1993,0.0
3104,German Open Snooker Ranking - Event 32 - 2 Star,Amateur,National Ranking,Münster,Germany,1993,0.0
2049,Australian Open Championship,Pro-am,Continental Event,Melbourne,Australia,1993,0.0
463,Pot Black,Professional,Invitational,Birmingham,England,1993,34000.0
1191,World Under-21 Championship - Men,Amateur,World Event,Reykjavik,Iceland,1993,0.0
3103,German Open Snooker Ranking - Event 31 - 4 Star - Dornstadt Classic,Amateur,National Ranking,Dornstadt,Germany,1993,0.0
3101,German Open Snooker Ranking - Event 29 - 2 Star,Amateur,National Ranking,Berlin,Germany,1993,0.0
3102,German Open Snooker Ranking - Event 30 - 2 Star,Amateur,National Ranking,Bielefeld,Germany,1993,0.0
3098,German Open Snooker Ranking - Event 26 - 1 Star,Amateur,National Ranking,Aachen,Germany,1993,0.0
3099,German Open Snooker Ranking - Event 27 - 1 Star,Amateur,National Ranking,Kempten,Germany,1993,0.0
3100,German Open Snooker Ranking - Event 28 - 1 Star,Amateur,National Ranking,Gifhorn,Germany,1993,0.0
3096,German Open Snooker Ranking - Event 24 - 2 Star,Amateur,National Ranking,Giessen,Germany,1993,0.0
3097,German Open Snooker Ranking - Event 25 - 1 Star,Amateur,National Ranking,Duisburg,Germany,1993,0.0
3095,German Open Snooker Ranking - Event 22 - 2 Star,Amateur,National Ranking,Dornstadt,Germany,1993,0.0
3094,German Open Snooker Ranking - Event 23 - 2 Star,Amateur,National Ranking,Bielefeld,Germany,1993,0.0
3093,German Open Snooker Ranking - Event 21 - 3 Star - Aachen Open,Amateur,National Ranking,Aachen,Germany,1993,0.0
3091,German Open Snooker Ranking - Event 19 - 1 Star,Amateur,National Ranking,Bochum,Germany,1993,0.0
3092,German Open Snooker Ranking - Event 20 - 1 Star,Amateur,National Ranking,Hannover,Germany,1993,0.0
3090,German Open Snooker Ranking - Event 18 - 2 Star,Amateur,National Ranking,Munich,Germany,1993,0.0
3089,German Open Snooker Ranking - Event 17 - 2 Star,Amateur,National Ranking,Dornstadt,Germany,1993,0.0
1249,Asian Championship,Amateur,Continental Event,Beijing,China,1993,0.0
1399,Asian Under-21 Championship,Amateur,Continental Event,Unknown,Pakistan,1993,0.0
2569,Pontins Spring Open,Pro-am,Event,Prestatyn,Wales,1993,0.0
2050,Scottish Amateur Championship,Amateur,National Championship,Glasgow,Scotland,1993,0.0
3088,German Open Snooker Ranking - Event 16 - 4 Star - Gifhorn Open,Amateur,National Ranking,Gifhorn,Germany,1993,0.0
1165,European Championships - Men,Amateur,Continental Event,Helsinki,Finland,1993,0.0
3086,German Open Snooker Ranking - Event 14 - 1 Star,Amateur,National Ranking,Aachen,Germany,1993,0.0
3087,German Open Snooker Ranking - Event 15 - 1 Star,Amateur,National Ranking,Flensburg,Germany,1993,0.0
3017,German Open Snooker Ranking - Event 12 - 1 Star,Amateur,National Ranking,Dornstadt,Germany,1993,0.0
3016,German Open Snooker Ranking - Event 11 - 1 Star,Amateur,National Ranking,Munich,Germany,1993,0.0
3018,German Open Snooker Ranking - Event 13 - 1 Star,Amateur,National Ranking,Münster,Germany,1993,0.0
580,Pontins Professional,Professional,Non-ranking,Prestatyn,Wales,1993,3500.0
2939,German Open Snooker Ranking - Event 10 - 2 Stars,Amateur,National Ranking,Bochum,Germany,1993,0.0
2299,Womens World Championship,Amateur,World Event,Blackpool,England,1993,34600.0
464,World Championship,Professional,Ranking,Sheffield,England,1993,742400.0
2938,German Open Snooker Ranking - Event 9 - 4 Stars - Gelsenkirchen Open,Pro-am,National Ranking,Gelsenkirchen,Germany,1993,0.0
2937,German Open Snooker Ranking - Event 8 - 2 Stars,Amateur,National Ranking,Gifhorn,Germany,1993,0.0
2935,German Open Snooker Ranking - Event 6 - 1 Star,Amateur,National Ranking,Dornstadt,Germany,1993,0.0
2936,German Open Snooker Ranking - Event 7 - 1 Star,Amateur,National Ranking,Bielefeld,Germany,1993,0.0
2934,German Open Snooker Ranking - Event 5 - 3 Stars - Münster Open,Pro-am,National Ranking,Münster,Germany,1993,0.0
466,International Open,Professional,Ranking,Plymouth,England,1993,149000.0
2923,German Open Snooker Ranking - Event 2 - 1 Star,Amateur,National Ranking,Munich,Germany,1993,328.0
2932,German Open Snooker Ranking - Event 3 - 1 Star,Amateur,National Ranking,Aachen,Germany,1993,0.0
2933,German Open Snooker Ranking - Event 4 - 1 Star,Amateur,National Ranking,Gifhorn,Germany,1993,0.0
467,Irish Masters,Professional,Invitational,Kill,Ireland,1993,180000.0
2921,German Open Snooker Ranking - Event 1 - 4 Stars - Dornstadt Open,Pro-am,National Ranking,Dornstadt,Germany,1993,2640.0
468,Asian Open,Professional,Ranking,Bangkok,Thailand,1993,179750.0
470,British Open,Professional,Ranking,Derby,England,1993,249800.0
471,European Open,Professional,Ranking,Antwerp,Belgium,1993,150000.0
472,Masters,Professional,Invitational,London,England,1993,390000.0
469,Extra Challenge,Professional,Invitational,Bangkok,Thailand,1993,30000.0
476,Strachan Challenge - Event 3,Professional,Minor Ranking,Aldershot,England,1993,25050.0
662,European Challenge,Professional,Non-ranking,Epernay,France,1993,50000.0
473,Welsh Open,Professional,Ranking,Newport,Wales,1993,140000.0
465,European League,Professional,League,Various,,1993,35000.0
477,Strachan Challenge - Event 2,Professional,Minor Ranking,Sheffield,England,1993,25050.0
1419,Belgian Amateur Championship,Amateur,National Championship,Antwerp,Belgium,1993,0.0
1453,Canadian Championship,Pro-am,National Championship,Saskatoon,Canada,1993,0.0
1573,Dutch Amateur Championship,Amateur,National Championship,Amsterdam,Netherlands,1993,0.0
2374,Dutch Open,Pro-am,Event,Breda,Netherlands,1993,0.0
1893,English Amateur Championship,Amateur,National Championship,Various,England,1993,0.0
1787,Iceland Amateur Championship,Amateur,National Championship,Unknown,Iceland,1993,0.0
1775,Indian Amateur Championship,Amateur,National Championship,Unknown,India,1993,0.0
1508,Irish Amateur Championship,Amateur,National Championship,Unknown,Ireland,1993,0.0
571,Irish Professional Championship,Professional,Non-ranking,Cork,Ireland,1993,16000.0
1544,Malta Amateur Championship,Amateur,National Championship,Unknown,Malta,1993,0.0
1754,Northern Ireland Amateur Championship,Amateur,National Championship,Unknown,Northern Ireland,1993,0.0
1620,Polish Amateur Championship,Amateur,National Championship,Unknown,Poland,1993,0.0
1801,Swedish Amateur Championship,Amateur,National Championship,Unknown,Sweden,1993,0.0
1672,United States Amateur Championship,Amateur,National Championship,Aurora,United States,1993,0.0
1717,Welsh Amateur Championship,Amateur,National Championship,Unknown,Wales,1993,0.0
437,European Open,Professional,Ranking,Antwerp,Belgium,1994,297730.0
1129,World Amateur Championship - Men,Amateur,World Event,Johannesburg,South Africa,1994,0.0
439,Malta Grand Prix,Professional,Invitational,Valetta,Malta,1994,16500.0
438,UK Championship,Professional,Ranking,Preston,England,1994,372025.0
2904,Merseyside Professional,Professional,Non-ranking,Liverpool,England,1994,0.0
1056,WPBSA Minor Tour - Event 1,Professional,Non-ranking,Antwerp,Belgium,1994,14000.0
440,Benson and Hedges Championship,Professional,Non-ranking,Edinburgh,England,1994,30000.0
441,Grand Prix,Professional,Ranking,Derby,England,1994,337800.0
442,Dubai Classic,Professional,Ranking,Dubai,United Arab Emirates,1994,220795.0
444,Scottish Masters,Professional,Invitational,Motherwell,Scotland,1994,155000.0
1673,United States Amateur Championship,Amateur,National Championship,Aurora,United States,1994,0.0
1183,World Under-21 Championship - Men,Amateur,World Event,Helsinki,Finland,1994,0.0
1164,European Championships - Men,Amateur,Continental Event,Budapest,Hungary,1994,0.0
1248,Asian Championship,Amateur,Continental Event,Dhaka,Bangladesh,1994,0.0
1400,Asian Under-21 Championship,Amateur,Continental Event,Unknown,Brunei,1994,0.0
2570,Pontins Spring Open,Pro-am,Event,Prestatyn,Wales,1994,0.0
2470,Scottish Amateur Championship,Amateur,National Championship,Glasgow,Scotland,1994,200.0
2298,Womens World Championship,Amateur,World Event,New Delhi,India,1994,17200.0
579,Pontins Professional,Professional,Non-ranking,Prestatyn,Wales,1994,12000.0
446,World Championship,Professional,Ranking,Sheffield,England,1994,1026400.0
1296,African Championship - Men,Amateur,Continental Event,Port Louis,Mauritius,1994,0.0
449,British Open,Professional,Ranking,Plymouth,England,1994,199640.0
450,Irish Masters,Professional,Invitational,Kill,Ireland,1994,190000.0
3236,German Open Snooker Ranking - Event 2 - 3 Stars - Gifhorn Open,Amateur,National Ranking,Gifhorn,Germany,1994,0.0
456,Strachan Challenge - Event 2,Professional,Non-ranking,Leicester,England,1994,17000.0
451,Thailand Open,Professional,Ranking,Bangkok,Thailand,1994,178695.0
1267,Oceania Championship,Amateur,Continental Event,Pukekohe,New Zealand,1994,0.0
455,Strachan Challenge - Event 1,Professional,Non-ranking,Aldershot,England,1994,17000.0
452,International Open,Professional,Ranking,Bournemouth,England,1994,150000.0
453,Masters,Professional,Invitational,London,England,1994,415000.0
454,Welsh Open,Professional,Ranking,Newport,Wales,1994,138285.0
2039,Australian Open Championship,Pro-am,Continental Event,Unknown,Australia,1994,0.0
1420,Belgian Amateur Championship,Amateur,National Championship,Antwerp,Belgium,1994,0.0
1454,Canadian Championship,Pro-am,National Championship,Guelph,Canada,1994,0.0
1574,Dutch Amateur Championship,Amateur,National Championship,Rotterdam,Netherlands,1994,0.0
1894,English Amateur Championship,Amateur,National Championship,Various,England,1994,0.0
1786,Iceland Amateur Championship,Amateur,National Championship,Unknown,Iceland,1994,0.0
1509,Irish Amateur Championship,Amateur,National Championship,Carlow,Ireland,1994,0.0
1545,Malta Amateur Championship,Amateur,National Championship,Unknown,Malta,1994,0.0
445,Matchroom League,Professional,League,Various,,1994,65000.0
1753,Northern Ireland Amateur Championship,Amateur,National Championship,Unknown,Northern Ireland,1994,0.0
1621,Polish Amateur Championship,Amateur,National Championship,Warsaw,Poland,1994,0.0
1800,Swedish Amateur Championship,Amateur,National Championship,Unknown,Sweden,1994,0.0
2020,Welsh Amateur Championship,Amateur,National Championship,Unknown,Wales,1994,0.0
414,German Open,Professional,Ranking,Frankfurt,Germany,1995,228000.0
415,UK Championship,Professional,Ranking,Preston,England,1995,400000.0
1128,World Amateur Championship - Men,Amateur,World Event,Bristol,England,1995,0.0
2905,Merseyside Professional,Professional,Non-ranking,Liverpool,England,1995,0.0
418,Malta Grand Prix,Professional,Invitational,Marsaskala,Malta,1995,15900.0
419,Grand Prix,Professional,Ranking,Sunderland,England,1995,330000.0
416,Benson and Hedges Championship,Professional,Non-ranking,Edinburgh,Scotland,1995,30000.0
2592,Pontins Autumn Open,Pro-am,Event,Prestatyn,Wales,1995,0.0
420,Thailand Classic,Professional,Ranking,Bangkok,Thailand,1995,225405.0
421,Scottish Masters,Professional,Invitational,Motherwell,Scotland,1995,165000.0
2038,Australian Open Championship,Professional,Non-ranking,Melbourne,Australia,1995,0.0
2297,Womens World Championship,Amateur,World Event,New Delhi,India,1995,13500.0
1182,World Under-21 Championship - Men,Amateur,World Event,Singapore,Singapore,1995,0.0
655,Red and White Challenge,Professional,Invitational,Islamabad,Pakistan,1995,9000.0
1393,Asian Championship,Amateur,Continental Event,Unknown,Thailand,1995,0.0
1455,Canadian Championship,Pro-am,National Championship,Guildford,Canada,1995,0.0
3112,Oman Amateur Champiosnhip,Amateur,National Championship,Muscat,Oman,1995,0.0
578,Pontins Professional,Professional,Non-ranking,Prestatyn,Wales,1995,3500.0
2571,Pontins Spring Open,Pro-am,Event,Prestatyn,Wales,1995,0.0
2048,Scottish Amateur Championship,Amateur,National Championship,Glasgow,Scotland,1995,0.0
3079,Hungarian Amateur Championship,Amateur,National Championship,Budapest,Hungary,1995,0.0
621,WPBSA Minor Tour - Event 5,Professional,Non-ranking,Marsaskala,Malta,1995,9000.0
1163,European Championships - Men,Amateur,Continental Event,Banbridge,Northern Ireland,1995,0.0
1266,Oceania Championship,Amateur,Continental Event,Gosford,Australia,1995,0.0
1575,Dutch Amateur Championship,Amateur,National Championship,Tilburg,Netherlands,1995,0.0
422,World Championship,Professional,Ranking,Sheffield,England,1995,1359000.0
428,British Open,Professional,Ranking,Plymouth,England,1995,329760.0
1075,WPBSA Minor Tour - Event 4,Professional,Non-ranking,Helsinki,Finland,1995,23550.0
431,Irish Masters,Professional,Invitational,Kill,Ireland,1995,200000.0
432,Thailand Open,Professional,Ranking,Bangkok,Thailand,1995,182850.0
1074,WPBSA Minor Tour - Event 3,Professional,Non-ranking,Munich,Germany,1995,6500.0
433,International Open,Professional,Ranking,Bournemouth,England,1995,323100.0
434,Masters,Professional,Invitational,London,England,1995,435000.0
1057,WPBSA Minor Tour - Event 2,Professional,Non-ranking,Khonkaen,Thailand,1995,7650.0
435,Welsh Open,Professional,Ranking,Newport,Wales,1995,196400.0
436,Charity Challenge,Professional,Invitational,Birmingham,England,1995,160000.0
1402,African Championship - Men,Amateur,Continental Event,Durban,South Africa,1995,0.0
1421,Belgian Amateur Championship,Amateur,National Championship,Antwerp,Belgium,1995,0.0
1895,English Amateur Championship,Amateur,National Championship,Various,England,1995,0.0
423,European League,Professional,League,Various,,1995,51000.0
1789,Finnish Amateur Championship,Amateur,National Championship,Helsinki,Finland,1995,0.0
1482,German Amateur Championship,Amateur,National Championship,Hannover,Germany,1995,0.0
1510,Irish Amateur Championship,Amateur,National Championship,Unknown,Ireland,1995,0.0
1546,Malta Amateur Championship,Amateur,National Championship,Unknown,Malta,1995,0.0
2970,Northern Ireland Amateur Championship,Amateur,National Championship,Hillsborough,Northern Ireland,1995,0.0
1622,Polish Amateur Championship,Amateur,National Championship,Lublin,Poland,1995,0.0
1799,Swedish Amateur Championship,Amateur,National Championship,Unknown,Sweden,1995,0.0
1674,United States Amateur Championship,Amateur,National Championship,San Gabriel,United States,1995,0.0
378,German Open,Professional,Ranking,Osnabrück,Germany,1996,230000.0
379,UK Championship,Professional,Ranking,Preston,England,1996,380000.0
1127,World Amateur Championship - Men,Amateur,World Event,New Plymouth,New Zealand,1996,0.0
2906,Merseyside Professional,Professional,Non-ranking,Liverpool,England,1996,0.0
382,Grand Prix,Professional,Ranking,Bournemouth,England,1996,330000.0
383,Malta Grand Prix,Professional,Invitational,Marsaskala,Malta,1996,5000.0
385,Benson and Hedges Championship,Professional,Non-ranking,Edinburgh,Scotland,1996,30000.0
2593,Pontins Autumn Open,Pro-am,Event,Prestatyn,Wales,1996,0.0
386,Scottish Masters,Professional,Invitational,Motherwell,Scotland,1996,175000.0
387,Asian Classic,Professional,Ranking,Bangkok,Thailand,1996,230000.0
3113,New Zealand Amateur Championship,Amateur,National Championship,Rotorua,New Zealand,1996,0.0
2349,Australian Amateur Championship,Amateur,National Championship,Brisbane,Australia,1996,0.0
1181,World Under-21 Championship - Men,Amateur,World Event,Vanderbijl Park,South Africa,1996,0.0
2118,Egypt Amateur Championship,Amateur,National Championship,Port Said,Egypt,1996,0.0
1820,Austrian Amateur Championship,Amateur,National Championship,Vienna,Austria,1996,0.0
1394,Asian Championship,Amateur,Continental Event,Unknown,China,1996,0.0
2972,European Championships - Women,Amateur,Continental Event,Antwerp,Belgium,1996,650.0
577,Pontins Professional,Professional,Non-ranking,Prestatyn,Wales,1996,3000.0
2572,Pontins Spring Open,Pro-am,Event,Prestatyn,Wales,1996,0.0
3107,Oceania Championship,Amateur,Continental Event,Taupo,New Zealand,1996,0.0
622,Malta Masters,Professional,Invitational,Marsaskala,Malta,1996,15000.0
1162,European Championships - Men,Amateur,Continental Event,Antwerp,Belgium,1996,0.0
3114,Norwegian Amateur Championship,Amateur,National Championship,Oslo,Norway,1996,0.0
1788,Finnish Amateur Championship,Amateur,National Championship,Helsinki,Finland,1996,0.0
397,World Championship,Professional,Ranking,Sheffield,England,1996,1200000.0
399,British Open,Professional,Ranking,Plymouth,England,1996,321400.0
1576,Dutch Amateur Championship,Amateur,National Championship,Warmond,Netherlands,1996,0.0
400,Irish Masters,Professional,Invitational,Kill,Ireland,1996,190000.0
401,Thailand Open,Professional,Ranking,Bangkok,Thailand,1996,224405.0
402,European Open,Professional,Ranking,Valetta,Malta,1996,325000.0
409,International Open,Professional,Ranking,Swindon,England,1996,325000.0
410,Masters,Professional,Invitational,London,England,1996,460000.0
654,Guangzhou Masters,Professional,Invitational,Guangzhou,China,1996,11000.0
411,Welsh Open,Professional,Ranking,Newport,Wales,1996,205000.0
412,Charity Challenge,Professional,Invitational,Birmingham,England,1996,150000.0
2037,Australian Open Championship,Pro-am,Continental Event,Unknown,Australia,1996,0.0
1422,Belgian Amateur Championship,Amateur,National Championship,Antwerp,Belgium,1996,0.0
1456,Canadian Championship,Pro-am,National Championship,Saskatoon,Canada,1996,0.0
1896,English Amateur Championship,Amateur,National Championship,Various,England,1996,0.0
1785,Iceland Amateur Championship,Amateur,National Championship,Unknown,Iceland,1996,0.0
1511,Irish Amateur Championship,Amateur,National Championship,Carlow,Ireland,1996,0.0
1547,Malta Amateur Championship,Amateur,National Championship,Unknown,Malta,1996,0.0
1752,Northern Ireland Amateur Championship,Amateur,National Championship,Banbridge,Northern Ireland,1996,0.0
1623,Polish Amateur Championship,Amateur,National Championship,Kalisz,Poland,1996,0.0
1769,Scottish Amateur Championship,Amateur,National Championship,Glasgow,Scotland,1996,0.0
1798,Swedish Amateur Championship,Amateur,National Championship,Unknown,Sweden,1996,0.0
1675,United States Amateur Championship,Amateur,National Championship,San Gabriel,United States,1996,0.0
398,European League,Professional,League,Various,,1996,110000.0
355,German Open,Professional,Ranking,Bingen am Rhein,Germany,1997,278400.0
1126,World Amateur Championship - Men,Amateur,World Event,Bulawayo,Zimbabwe,1997,0.0
356,UK Championship,Professional,Ranking,Preston,England,1997,440000.0
2981,German Amateur Championship,Amateur,National Championship,Unknown,Germany,1997,0.0
2907,Merseyside Professional,Professional,Non-ranking,Liverpool,England,1997,0.0
357,Malta Grand Prix,Professional,Invitational,,Malta,1997,5000.0
359,Benson and Hedges Championship,Professional,Non-ranking,Malvern,England,1997,32750.0
360,Grand Prix,Professional,Ranking,Bournemouth,England,1997,348800.0
2023,Australian Amateur Championship,Amateur,National Championship,Brisbane,Australia,1997,0.0
2594,Pontins Autumn Open,Pro-am,Event,Prestatyn,Wales,1997,0.0
361,Scottish Masters,Professional,Invitational,Motherwell,Scotland,1997,180500.0
363,China International,Professional,Invitational,Beijing,China,1997,10000.0
1180,World Under-21 Championship - Men,Amateur,World Event,Carlow,Ireland,1997,0.0
364,Superstar International,Professional,Invitational,Guangzhou,China,1997,31000.0
2091,New Zealand Amateur Championship,Amateur,National Championship,Unknown,New Zealand,1997,0.0
714,WPBSA Qualifying School - Event 1,Professional,Tour Qualifier,Plymouth,England,1997,0.0
715,WPBSA Qualifying School - Event 2,Professional,Tour Qualifier,Plymouth,England,1997,0.0
716,WPBSA Qualifying School - Event 3,Professional,Tour Qualifier,Plymouth,England,1997,0.0
717,WPBSA Qualifying School - Event 4,Professional,Tour Qualifier,Plymouth,England,1997,0.0
2093,Bermuda Amateur Championship,Amateur,National Championship,Unknown,Bermuda,1997,0.0
3108,Oceania Championship,Amateur,Continental Event,Unknown,Papua New Guinea,1997,0.0
1161,European Championships - Men,Amateur,Continental Event,Biarritz,France,1997,0.0
1395,Asian Championship,Amateur,Continental Event,Unknown,United Arab Emirates,1997,0.0
2971,European Championships - Women,Amateur,Continental Event,Biarritz,France,1997,0.0
576,Pontins Professional,Professional,Non-ranking,Prestatyn,Wales,1997,0.0
2573,Pontins Spring Open,Pro-am,Event,Prestatyn,Wales,1997,0.0
1676,United States Amateur Championship,Amateur,National Championship,Monterey,United States,1997,0.0
1813,Austrian Amateur Championship,Amateur,National Championship,Wels,Austria,1997,0.0
2092,Norwegian Amateur Championship,Amateur,National Championship,Oslo,Norway,1997,0.0
365,World Championship,Professional,Ranking,Sheffield,England,1997,1410150.0
1234,European Championships - Under 19,Amateur,Continental Event,Saint Helier,Jersey,1997,0.0
369,British Open,Professional,Ranking,Plymouth,England,1997,328100.0
370,Irish Masters,Professional,Invitational,Kill,Ireland,1997,195000.0
371,Thailand Open,Professional,Ranking,Bangkok,Thailand,1997,232000.0
973,Seniors Pot Black,Professional,Invitational,Chichester,England,1997,0.0
372,European Open,Professional,Ranking,Valetta,Malta,1997,321760.0
374,International Open,Professional,Ranking,Aberdeen,Scotland,1997,330000.0
375,Masters,Professional,Invitational,London,England,1997,500000.0
376,Welsh Open,Professional,Ranking,Newport,Wales,1997,215080.0
377,Charity Challenge,Professional,Invitational,Birmingham,England,1997,130000.0
2036,Australian Open Championship,Pro-am,Continental Event,Unknown,Australia,1997,0.0
1423,Belgian Amateur Championship,Amateur,National Championship,Antwerp,Belgium,1997,0.0
1457,Canadian Championship,Pro-am,National Championship,Saint John,Canada,1997,0.0
1577,Dutch Amateur Championship,Amateur,National Championship,Warmond,Netherlands,1997,0.0
1897,English Amateur Championship,Amateur,National Championship,Various,England,1997,0.0
2550,German Amateur Championship,Amateur,National Championship,Unknown,Germany,1997,0.0
1784,Iceland Amateur Championship,Amateur,National Championship,Unknown,Iceland,1997,0.0
1512,Irish Amateur Championship,Amateur,National Championship,Unknown,Ireland,1997,0.0
1548,Malta Amateur Championship,Amateur,National Championship,Unknown,Malta,1997,0.0
1751,Northern Ireland Amateur Championship,Amateur,National Championship,Unknown,Northern Ireland,1997,0.0
1624,Polish Amateur Championship,Amateur,National Championship,Wrocław,Poland,1997,0.0
2827,Scottish Amateur Championship,Amateur,National Championship,,Scotland,1997,0.0
1797,Swedish Amateur Championship,Amateur,National Championship,Unknown,Sweden,1997,0.0
1718,Welsh Amateur Championship,Amateur,National Championship,Unknown,Wales,1997,0.0
2295,Womens World Championship,Amateur,World Event,Llanelli,Wales,1997,0.0
368,European League,Professional,League,Various,,1997,60000.0
338,Irish Open,Professional,Ranking,Tallaght,Ireland,1998,297860.0
339,German Masters,Professional,Invitational,Bingen am Rhein,Germany,1998,110000.0
340,Malta Grand Prix,Professional,Invitational,Bugibba,Malta,1998,20000.0
341,UK Championship,Professional,Ranking,Bournemouth,England,1998,452670.0
1125,World Amateur Championship - Men,Amateur,World Event,Guangzhou,China,1998,0.0
342,Benson and Hedges Championship,Professional,Non-ranking,Malvern,England,1998,32750.0
2908,Merseyside Professional,Professional,Non-ranking,Liverpool,England,1998,0.0
395,UK Tour - Event 2,Professional,Tour Qualifier,Swindon,England,1998,33400.0
2035,Australian Open Championship,Pro-am,Continental Event,Mt Pritchard,Australia,1998,0.0
380,Grand Prix,Professional,Ranking,Preston,England,1998,365000.0
1179,World Under-21 Championship - Men,Amateur,World Event,Rabat,Malta,1998,0.0
396,UK Tour - Event 1,Professional,Tour Qualifier,Stockport,England,1998,33400.0
2595,Pontins Autumn Open,Pro-am,Event,Prestatyn,Wales,1998,0.0
343,Scottish Masters,Professional,Invitational,Motherwell,Scotland,1998,175400.0
1483,German Amateur Championship,Amateur,National Championship,Duisburg,Germany,1998,0.0
1396,Asian Championship,Amateur,Continental Event,Unknown,Pakistan,1998,0.0
747,Champions Super League,Professional,Invitational,Guangzhou,China,1998,27250.0
718,Oceania Tour Qualifier,Amateur,Tour Qualifier,Melbourne,Australia,1998,0.0
2574,Pontins Spring Open,Pro-am,Event,Prestatyn,Wales,1998,0.0
2974,Austrian Amateur Championship,Amateur,National Championship,Vienna,Austria,1998,0.0
575,Pontins Professional,Professional,Non-ranking,Prestatyn,Wales,1998,3500.0
1160,European Championships - Men,Amateur,Continental Event,Helsinki,Finland,1998,0.0
2487,European Championships - Women,Amateur,Continental Event,Helsinki,Finland,1998,0.0
2212,European Championships - Under 19,Amateur,Continental Event,Rabat,Malta,1998,0.0
344,World Championship,Professional,Ranking,Sheffield,England,1998,1335000.0
346,British Open,Professional,Ranking,Plymouth,England,1998,348800.0
673,Africa/Middle East Tour Qualifier,Professional,Tour Qualifier,Cairo,Egypt,1998,0.0
671,Asian Tour Qualifier - Event 1,Professional,Tour Qualifier,Guangzhou,China,1998,0.0
347,Irish Masters,Professional,Invitational,Kill,Ireland,1998,135297.0
349,Thailand Masters,Professional,Ranking,Bangkok,Thailand,1998,279200.0
1265,Oceania Championship,Amateur,Continental Event,Melbourne,Australia,1998,0.0
350,Charity Challenge,Professional,Invitational,Derby,England,1998,130000.0
351,Scottish Open,Professional,Ranking,Aberdeen,Scotland,1998,347800.0
352,Masters,Professional,Invitational,London,England,1998,535000.0
354,Welsh Open,Professional,Ranking,Newport,Wales,1998,347600.0
345,Premier League,Professional,League,Various,,1998,60000.0
2022,Australian Amateur Championship,Amateur,National Championship,Unknown,Australia,1998,0.0
1424,Belgian Amateur Championship,Amateur,National Championship,Antwerp,Belgium,1998,0.0
1458,Canadian Championship,Pro-am,National Championship,Halifax,Canada,1998,0.0
1578,Dutch Amateur Championship,Amateur,National Championship,Warmond,Netherlands,1998,0.0
1898,English Amateur Championship,Amateur,National Championship,Various,England,1998,0.0
1783,Iceland Amateur Championship,Amateur,National Championship,Unknown,Iceland,1998,0.0
1513,Irish Amateur Championship,Amateur,National Championship,Unknown,Ireland,1998,0.0
1549,Malta Amateur Championship,Amateur,National Championship,Unknown,Malta,1998,0.0
1750,Northern Ireland Amateur Championship,Amateur,National Championship,Unknown,Northern Ireland,1998,0.0
1625,Polish Amateur Championship,Amateur,National Championship,Warsaw,Poland,1998,0.0
2828,Scottish Amateur Championship,Amateur,National Championship,,Scotland,1998,0.0
1796,Swedish Amateur Championship,Amateur,National Championship,Unknown,Sweden,1998,0.0
404,UK Tour - Event 1,Professional,Tour Qualifier,Aldershot,England,1998,39800.0
405,UK Tour - Event 2,Professional,Tour Qualifier,Stockport,England,1998,39600.0
406,UK Tour - Event 3,Professional,Tour Qualifier,Swindon,England,1998,39200.0
407,UK Tour - Event 4,Professional,Tour Qualifier,Stirling,England,1998,39000.0
408,UK Tour - Event 5,Professional,Tour Qualifier,Newcastle-under-Lyne,England,1998,39600.0
1677,United States Amateur Championship,Amateur,National Championship,Grayslake,United States,1998,0.0
1719,Welsh Amateur Championship,Amateur,National Championship,Unknown,Wales,1998,0.0
2294,Womens World Championship,Amateur,World Event,Sheffield,England,1998,14500.0
317,China Open,Professional,Ranking,Shanghai,China,1999,296905.0
318,UK Championship,Professional,Ranking,Bournemouth,England,1999,495350.0
1815,Swiss Amateur Championship,Amateur,National Championship,Various,Switzerland,1999,0.0
1124,World Amateur Championship - Men,Amateur,World Event,Port Moresby,Papua New Guinea,1999,0.0
2909,Merseyside Professional,Professional,Non-ranking,Liverpool,England,1999,0.0
319,Benson and Hedges Championship,Professional,Non-ranking,Malvern,England,1999,37850.0
320,Grand Prix,Professional,Ranking,Preston,England,1999,392150.0
392,UK Tour - Event 1,Professional,Tour Qualifier,Oldham,England,1999,27900.0
2596,Pontins Autumn Open,Pro-am,Event,Prestatyn,Wales,1999,0.0
322,Scottish Masters,Professional,Invitational,Motherwell,Scotland,1999,181900.0
324,British Open,Professional,Ranking,Plymouth,England,1999,399200.0
325,Champions Cup,Professional,Invitational,Croydon,England,1999,175000.0
1295,African Championship - Men,Amateur,Continental Event,Cairo,Egypt,1999,0.0
326,Millennium Cup,Professional,Invitational,Hong Kong,Hong Kong,1999,0.0
1178,World Under-21 Championship - Men,Amateur,World Event,Cairo,Egypt,1999,0.0
1247,Asian Championship,Amateur,Continental Event,Bangkok,Thailand,1999,0.0
2575,Pontins Spring Open,Pro-am,Event,Prestatyn,Wales,1999,0.0
1159,European Championships - Men,Amateur,Continental Event,Enschede,Netherlands,1999,0.0
2832,European Championships - Women,Amateur,Continental Event,Enschede,Netherlands,1999,0.0
2975,Austrian Amateur Championship,Amateur,National Championship,Wels,Austria,1999,0.0
574,Pontins Professional,Professional,Non-ranking,Prestatyn,Wales,1999,0.0
1678,United States Amateur Championship,Amateur,National Championship,Grayslake,United States,1999,0.0
2223,Scottish Amateur Championship,Amateur,National Championship,,Scotland,1999,175.0
2988,Malaysian Amateur Championship,Amateur,National Championship,Kuala Terengganu,Malaysia,1999,0.0
328,World Championship,Professional,Ranking,Sheffield,England,1999,1379600.0
393,UK Tour - Event 4,Professional,Tour Qualifier,Stockport,England,1999,33400.0
329,British Open,Professional,Ranking,Plymouth,England,1999,365275.0
331,Irish Masters,Professional,Invitational,Kill,Ireland,1999,168601.0
332,China International,Professional,Ranking,Shanghai,China,1999,256250.0
333,Thailand Masters,Professional,Ranking,Bangkok,Thailand,1999,291400.0
334,Charity Challenge,Professional,Invitational,Derby,England,1999,130000.0
394,UK Tour - Event 3,Professional,Tour Qualifier,Swindon,England,1999,33400.0
335,Scottish Open,Professional,Ranking,Aberdeen,Scotland,1999,360175.0
336,Masters,Professional,Invitational,London,England,1999,575000.0
337,Welsh Open,Professional,Ranking,Cardiff,Wales,1999,382900.0
330,Premier League,Professional,League,Various,,1999,123500.0
2034,Australian Open Championship,Pro-am,Continental Event,Unknown,Australia,1999,0.0
1425,Belgian Amateur Championship,Amateur,National Championship,Antwerp,Belgium,1999,0.0
1459,Canadian Championship,Pro-am,National Championship,Saint John,Canada,1999,0.0
1579,Dutch Amateur Championship,Amateur,National Championship,Warmond,Netherlands,1999,0.0
1899,English Amateur Championship,Amateur,National Championship,Various,England,1999,0.0
2213,European Championships - Under 19,Amateur,Continental Event,Kalisz,Poland,1999,0.0
1484,German Amateur Championship,Amateur,National Championship,Unknown,Germany,1999,0.0
1782,Iceland Amateur Championship,Amateur,National Championship,Unknown,Iceland,1999,0.0
1514,Irish Amateur Championship,Amateur,National Championship,Unknown,Ireland,1999,0.0
1550,Malta Amateur Championship,Amateur,National Championship,Unknown,Malta,1999,0.0
3159,New Zealand Amateur Championship,Amateur,National Championship,Unknown,New Zealand,1999,0.0
1749,Northern Ireland Amateur Championship,Amateur,National Championship,Unknown,Northern Ireland,1999,0.0
1626,Polish Amateur Championship,Amateur,National Championship,Lublin,Poland,1999,0.0
1795,Swedish Amateur Championship,Amateur,National Championship,Unknown,Sweden,1999,0.0
1720,Welsh Amateur Championship,Amateur,National Championship,Unknown,Wales,1999,0.0
2293,Womens World Championship,Amateur,World Event,Sheffield,England,1999,14500.0
306,Challenge Tour - Event 2,Professional,Tour Qualifier,Harrogate,England,2000,31800.0
295,China Open,Professional,Ranking,Shenzen,China,2000,311080.0
1123,World Amateur Championship - Men,Amateur,World Event,Changchun,China,2000,0.0
297,UK Championship,Professional,Ranking,Bournemouth,England,2000,542780.0
2979,Swiss Amateur Championship,Amateur,National Championship,Adliswil,Switzerland,2000,0.0
299,Benson and Hedges Championship,Professional,Non-ranking,Malvern,England,2000,38850.0
2910,Merseyside Professional,Professional,Non-ranking,Liverpool,England,2000,0.0
304,Challenge Tour - Event 1,Professional,Tour Qualifier,Swindon,England,2000,32150.0
300,Scottish Masters,Professional,Invitational,Motherwell,Scotland,2000,193000.0
302,Grand Prix,Professional,Ranking,Telford,England,2000,426350.0
303,British Open,Professional,Ranking,Plymouth,England,2000,438300.0
2597,Pontins Autumn Open,Pro-am,Event,Prestatyn,Wales,2000,0.0
2131,German Amateur Championship,Amateur,National Championship,Unknown,Germany,2000,0.0
305,Champions Cup,Professional,Invitational,Brighton,England,2000,200000.0
1294,African Championship - Men,Amateur,Continental Event,Unknown,Morocco,2000,0.0
1742,Malaysian Amateur Championship,Amateur,National Championship,Selangor,Malaysia,2000,0.0
1739,Northern Ireland Amateur Championship,Amateur,National Championship,Portadown,Northern Ireland,2000,0.0
1743,United Arab Emirates Amateur Championship,Amateur,National Championship,Dubai,United Arab Emirates,2000,0.0
1177,World Under-21 Championship - Men,Amateur,World Event,Bangalore,India,2000,0.0
2976,Austrian Amateur Championship,Amateur,National Championship,Vienna,Austria,2000,0.0
1246,Asian Championship,Amateur,Continental Event,Hong Kong,Hong Kong,2000,0.0
1220,European Championships - Masters,Amateur,Continental Event,Riga,Latvia,2000,0.0
1158,European Championships - Men,Amateur,Continental Event,Stirling,Scotland,2000,0.0
2969,European Championships - Women,Amateur,Continental Event,Stirling,Scotland,2000,0.0
2576,Pontins Spring Open,Pro-am,Event,Prestatyn,Wales,2000,0.0
573,Pontins Professional,Professional,Non-ranking,Prestatyn,Wales,2000,0.0
2895,Channel Island Championship,Amateur,Event,Unknown,Jersey,2000,0.0
3111,Oceania Championship,Amateur,Continental Event,Unknown,New Zealand,2000,0.0
308,World Championship,Professional,Ranking,Sheffield,England,2000,1456150.0
1233,European Championships - Under 19,Amateur,Continental Event,Budapest,Hungary,2000,0.0
389,UK Tour - Event 4,Professional,Tour Qualifier,Swindon,England,2000,27900.0
311,Scottish Open,Professional,Ranking,Aberdeen,Scotland,2000,397600.0
312,Irish Masters,Professional,Invitational,Kill,Ireland,2000,166811.0
390,UK Tour - Event 3,Professional,Tour Qualifier,Stockport,England,2000,27900.0
313,Thailand Masters,Professional,Ranking,Bangkok,Thailand,2000,266790.0
314,Malta Grand Prix,Professional,Ranking,Valetta,Malta,2000,290220.0
315,Masters,Professional,Invitational,London,England,2000,615000.0
316,Welsh Open,Professional,Ranking,Cardiff,Wales,2000,401250.0
391,UK Tour - Event 2,Professional,Tour Qualifier,Swindon,England,2000,27900.0
310,Premier League,Professional,League,Various,,2000,123500.0
2021,Australian Amateur Championship,Amateur,National Championship,Unknown,Australia,2000,0.0
2033,Australian Open Championship,Pro-am,Continental Event,Unknown,Australia,2000,0.0
1426,Belgian Amateur Championship,Amateur,National Championship,Antwerp,Belgium,2000,0.0
1460,Canadian Championship,Pro-am,National Championship,Guelph,Canada,2000,0.0
1580,Dutch Amateur Championship,Amateur,National Championship,Warmond,Netherlands,2000,0.0
1900,English Amateur Championship,Amateur,National Championship,Various,England,2000,0.0
3022,French Amateur Championship,Amateur,National Championship,Mulhouse,France,2000,0.0
1781,Iceland Amateur Championship,Amateur,National Championship,Unknown,Iceland,2000,0.0
1774,Indian Amateur Championship,Amateur,National Championship,Unknown,India,2000,0.0
1515,Irish Amateur Championship,Amateur,National Championship,Unknown,Ireland,2000,0.0
1551,Malta Amateur Championship,Amateur,National Championship,Unknown,Malta,2000,0.0
3158,New Zealand Amateur Championship,Amateur,National Championship,Unknown,New Zealand,2000,0.0
1740,Nordic Snooker Championship,Amateur,Continental Event,Aarhus,Denmark,2000,0.0
1627,Polish Amateur Championship,Amateur,National Championship,Kalisz,Poland,2000,0.0
1794,Swedish Amateur Championship,Amateur,National Championship,Unknown,Sweden,2000,0.0
1741,Thailand Amateur Championship,Amateur,National Championship,Bangkok,Thailand,2000,0.0
1679,United States Amateur Championship,Amateur,National Championship,Grayslake,United States,2000,0.0
1721,Welsh Amateur Championship,Amateur,National Championship,Unknown,Wales,2000,0.0
2292,Womens World Championship,Amateur,World Event,Sheffield,England,2000,14500.0
276,Challenge Tour - Event 2,Professional,Tour Qualifier,Swindon,England,2001,18900.0
273,UK Championship,Professional,Ranking,York,England,2001,755250.0
2354,WSA Open Tour - Event 2,Professional,Non-ranking,Glasgow,Scotland,2001,12500.0
275,European Open,Professional,Ranking,Valetta,Malta,2001,250000.0
1659,Swiss Amateur Championship,Amateur,National Championship,Zofingen,Switzerland,2001,0.0
277,Benson and Hedges Championship,Professional,Non-ranking,Mansfield,England,2001,41700.0
2911,Merseyside Professional,Professional,Non-ranking,Liverpool,England,2001,0.0
278,LG Cup,Professional,Ranking,Preston,England,2001,617200.0
280,Challenge Tour - Event 1,Professional,Tour Qualifier,Harrogate,England,2001,14300.0
2598,Pontins Autumn Open,Pro-am,Event,Prestatyn,Wales,2001,0.0
279,British Open,Professional,Ranking,Newcastle,England,2001,670250.0
281,Scottish Masters,Professional,Invitational,Glasgow,Scotland,2001,187000.0
2353,WSA Open Tour - Event 1,Professional,Non-ranking,Leicester,England,2001,12500.0
3304,German Amateur Championship - Masters,Amateur,National Championship,Bad Wildungen,Germany,2001,0.0
1485,German Amateur Championship,Amateur,National Championship,Bad Wildungen,Germany,2001,0.0
2483,World Games,Pro-am,World Event,Akita,Japan,2001,0.0
283,Champions Cup,Professional,Invitational,Brighton,England,2001,200000.0
1176,World Under-21 Championship - Men,Amateur,World Event,Stirling,Scotland,2001,0.0
1812,Austrian Amateur Championship,Amateur,National Championship,Wels,Austria,2001,0.0
3021,French Amateur Championship,Amateur,National Championship,Unknown,France,2001,0.0
1245,Asian Championship,Amateur,Continental Event,Karachi,Pakistan,2001,0.0
1219,European Championships - Masters,Amateur,Continental Event,Riga,Latvia,2001,0.0
1157,European Championships - Men,Amateur,Continental Event,Riga,Latvia,2001,0.0
2968,European Championships - Women,Amateur,Continental Event,Riga,Latvia,2001,0.0
1477,Finnish Amateur Championship,Amateur,National Championship,Helsinki,Finland,2001,0.0
1597,Northern Ireland Amateur Championship,Amateur,National Championship,Portadown,Northern Ireland,2001,0.0
2577,Pontins Spring Open,Pro-am,Event,Prestatyn,Wales,2001,0.0
1383,Asian Under-21 Championship,Amateur,Continental Event,Bangkok,Thailand,2001,0.0
285,World Championship,Professional,Ranking,Sheffield,England,2001,1532000.0
287,Scottish Open,Professional,Ranking,Aberdeen,Scotland,2001,438050.0
296,Challenge Tour - Event 4,Professional,Tour Qualifier,Harrogate,England,2001,32150.0
1475,Danish Amateur Championship,Amateur,National Championship,Aalborg,Denmark,2001,0.0
1232,European Championships - Under 19,Amateur,Continental Event,Bad Wildungen,Germany,2001,0.0
1616,Pakistan Amateur Championship,Amateur,National Championship,Quetta,Pakistan,2001,0.0
288,Irish Masters,Professional,Invitational,Dublin,Ireland,2001,153340.0
289,Thailand Masters,Professional,Ranking,Bangkok,Thailand,2001,282000.0
298,Challenge Tour - Event 3,Professional,Tour Qualifier,Swindon,England,2001,18300.0
1264,Oceania Championship,Amateur,Continental Event,Sydney,Australia,2001,0.0
290,Malta Grand Prix,Professional,Invitational,Valetta,Malta,2001,36000.0
291,Masters,Professional,Invitational,London,England,2001,650000.0
292,Welsh Open,Professional,Ranking,Cardiff,Wales,2001,440200.0
286,Premier League,Professional,League,Various,,2001,150000.0
1427,Belgian Amateur Championship,Amateur,National Championship,Geraardsbergen,Belgium,2001,0.0
1461,Canadian Championship,Pro-am,National Championship,Vaughan,Canada,2001,0.0
1581,Dutch Amateur Championship,Amateur,National Championship,Spijkenisse,Netherlands,2001,0.0
1901,English Amateur Championship,Amateur,National Championship,Various,England,2001,0.0
1780,Iceland Amateur Championship,Amateur,National Championship,Unknown,Iceland,2001,0.0
1773,Indian Amateur Championship,Amateur,National Championship,Unknown,India,2001,0.0
1516,Irish Amateur Championship,Amateur,National Championship,Unknown,Ireland,2001,0.0
1552,Malta Amateur Championship,Amateur,National Championship,Unknown,Malta,2001,0.0
3157,New Zealand Amateur Championship,Amateur,National Championship,Unknown,New Zealand,2001,0.0
3189,Nordic Snooker Championship,Amateur,Continental Event,Reykjavik,Iceland,2001,0.0
1605,Norwegian Amateur Championship,Amateur,National Championship,Baerum,Norway,2001,0.0
1628,Polish Amateur Championship,Amateur,National Championship,Warsaw,Poland,2001,0.0
1768,Scottish Amateur Championship,Amateur,National Championship,Unknown,Scotland,2001,0.0
1652,South African Amateur Championship,Amateur,National Championship,Rustenburg,South Africa,2001,0.0
1793,Swedish Amateur Championship,Amateur,National Championship,Unknown,Sweden,2001,0.0
1680,United States Amateur Championship,Amateur,National Championship,Grayslake,United States,2001,0.0
1722,Welsh Amateur Championship,Amateur,National Championship,Tonypandy,Wales,2001,0.0
2291,Womens World Championship,Amateur,World Event,Sheffield,England,2001,10400.0
252,UK Championship,Professional,Ranking,York,England,2002,613550.0
3069,WSA Open Tour - Event 1,Professional,Non-ranking,Harrogate,England,2002,4000.0
1814,Swiss Amateur Championship,Amateur,National Championship,Zolfingen,Switzerland,2002,0.0
2010,Australian Open Championship,Pro-am,Continental Event,Mt Pritchard,Australia,2002,0.0
253,British Open,Professional,Ranking,Telford,England,2002,450000.0
266,Challenge Tour - Event 1,Professional,Tour Qualifier,Mansfield,England,2002,20300.0
2912,Merseyside Professional,Professional,Non-ranking,Liverpool,England,2002,0.0
1486,German Amateur Championship,Amateur,National Championship,Bad Wildungen,Germany,2002,0.0
1122,World Amateur Championship - Men,Amateur,World Event,Cairo,Egypt,2002,0.0
254,Benson and Hedges Championship,Professional,Non-ranking,Mansfield,England,2002,44900.0
255,LG Cup,Professional,Ranking,Preston,England,2002,597200.0
1387,African Championship - Men,Amateur,Continental Event,Cairo,Egypt,2002,0.0
256,Scottish Masters,Professional,Invitational,Glasgow,Scotland,2002,192000.0
2011,Australian Amateur Championship,Amateur,National Championship,Melbourne,Australia,2002,0.0
1175,World Under-21 Championship - Men,Amateur,World Event,Riga,Latvia,2002,0.0
2977,Austrian Amateur Championship,Amateur,National Championship,Vienna,Austria,2002,0.0
1764,French Amateur Championship,Amateur,National Championship,Grenoble,France,2002,0.0
1397,Asian Championship,Amateur,Continental Event,Unknown,China,2002,0.0
1382,Asian Under-21 Championship,Amateur,Continental Event,Calcutta,India,2002,0.0
1218,European Championships - Masters,Amateur,Continental Event,Kalisz,Poland,2002,0.0
1156,European Championships - Men,Amateur,Continental Event,Kalisz,Poland,2002,0.0
2967,European Championships - Women,Amateur,Continental Event,Kalisz,Poland,2002,0.0
1598,Northern Ireland Amateur Championship,Amateur,National Championship,Portadown,Northern Ireland,2002,0.0
2578,Pontins Spring Open,Pro-am,Event,Prestatyn,Wales,2002,0.0
3068,WSA Open Tour - Event 6,Professional,Non-ranking,Prestatyn,Wales,2002,9300.0
261,World Championship,Professional,Ranking,Sheffield,England,2002,1614585.0
264,Scottish Open,Professional,Ranking,Aberdeen,Scotland,2002,597200.0
1231,European Championships - Under 19,Amateur,Continental Event,Carlow,Ireland,2002,0.0
3067,WSA Open Tour - Event 5,Professional,Non-ranking,Stockport,England,2002,12500.0
2243,Norwegian Amateur Championship,Amateur,National Championship,Baerum,Norway,2002,0.0
267,Irish Masters,Professional,Invitational,Dublin,Ireland,2002,164500.0
269,Challenge Tour - Event 4,Professional,Tour Qualifier,Swindon,England,2002,24650.0
268,Thailand Masters,Professional,Ranking,Bangkok,Thailand,2002,477900.0
2835,Oceania Championship,Amateur,Continental Event,Unknown,Australia,2002,0.0
3066,WSA Open Tour - Event 4,Professional,Non-ranking,Stockport,England,2002,12500.0
270,China Open,Professional,Ranking,Shanghai,China,2002,450800.0
272,Masters,Professional,Invitational,London,England,2002,695000.0
3065,WSA Open Tour - Event 3,Professional,Non-ranking,Swindon,England,2002,12500.0
293,Welsh Open,Professional,Ranking,Cardiff,Wales,2002,597200.0
274,Challenge Tour - Event 3,Professional,Tour Qualifier,Harrogate,England,2002,23900.0
259,Premier League,Professional,League,Various,,2002,180000.0
1428,Belgian Amateur Championship,Amateur,National Championship,Geraardsbergen,Belgium,2002,0.0
1462,Canadian Championship,Pro-am,National Championship,Saint John,Canada,2002,0.0
1582,Dutch Amateur Championship,Amateur,National Championship,Spijkenisse,Netherlands,2002,0.0
1902,English Amateur Championship,Amateur,National Championship,Various,England,2002,0.0
1779,Iceland Amateur Championship,Amateur,National Championship,Unknown,Iceland,2002,0.0
1772,Indian Amateur Championship,Amateur,National Championship,Unknown,India,2002,0.0
1517,Irish Amateur Championship,Amateur,National Championship,Carlow,Ireland,2002,0.0
1553,Malta Amateur Championship,Amateur,National Championship,Unknown,Malta,2002,0.0
3156,New Zealand Amateur Championship,Amateur,National Championship,Unknown,New Zealand,2002,0.0
1629,Polish Amateur Championship,Amateur,National Championship,Kalisz,Poland,2002,0.0
1767,Scottish Amateur Championship,Amateur,National Championship,Unknown,Scotland,2002,0.0
1792,Swedish Amateur Championship,Amateur,National Championship,Unknown,Sweden,2002,0.0
1723,Welsh Amateur Championship,Amateur,National Championship,Unknown,Wales,2002,0.0
2290,Womens World Championship,Amateur,World Event,Sheffield,England,2002,16850.0
232,Masters Qualifying Event,Professional,Non-ranking,Prestatyn,Wales,2003,36600.0
3251,South East Asian Games,Amateur,Continental Event,Ho Chi Minh City,Vietnam,2003,0.0
240,Challenge Tour - Event 2,Professional,Tour Qualifier,Prestatyn,Wales,2003,20300.0
1406,Australian Open Championship,Pro-am,Continental Event,Sydney,Australia,2003,0.0
234,UK Championship,Professional,Ranking,York,England,2003,615000.0
1660,Swiss Amateur Championship,Amateur,National Championship,Zofingen,Switzerland,2003,0.0
236,British Open,Professional,Ranking,Brighton,England,2003,470000.0
2913,Merseyside Professional,Professional,Non-ranking,Liverpool,England,2003,0.0
239,LG Cup,Professional,Ranking,Preston,England,2003,617200.0
2600,Pontins Autumn Open,Pro-am,Event,Prestatyn,Wales,2003,0.0
1121,World Amateur Championship - Men,Amateur,World Event,Jiangmen,China,2003,0.0
241,Challenge Tour - Event 1,Professional,Tour Qualifier,Prestatyn,Wales,2003,22300.0
2009,Australian Amateur Championship,Amateur,National Championship,Melbourne,Australia,2003,0.0
1174,World Under-21 Championship - Men,Amateur,World Event,Taupo,New Zealand,2003,0.0
1217,European Championships - Masters,Amateur,Continental Event,Bad Wildungen,Germany,2003,0.0
2964,European Championships - Women,Amateur,Continental Event,Bad Wildungen,Germany,2003,0.0
2996,Malaysian Amateur Championship,Amateur,National Championship,Unknown,Malaysia,2003,0.0
2579,Pontins Spring Open,Pro-am,Event,Prestatyn,Wales,2003,0.0
1155,European Championships - Men,Amateur,Continental Event,Bad Wildungen,Germany,2003,0.0
1811,Austrian Amateur Championship,Amateur,National Championship,Vienna,Austria,2003,0.0
251,Challenge Tour - Event 4,Professional,Tour Qualifier,Prestatyn,Wales,2003,20200.0
1778,Iceland Amateur Championship,Amateur,National Championship,Reykjavik,Iceland,2003,0.0
242,World Championship,Professional,Ranking,Sheffield,England,2003,1815250.0
2128,German Amateur Championship,Amateur,National Championship,Bad Wildungen,Germany,2003,0.0
3316,German Amateur Championship - Masters,Amateur,National Championship,Bad Wildungen,Germany,2003,0.0
246,Scottish Open,Professional,Ranking,Edinburgh,Scotland,2003,597200.0
1230,European Championships - Under 19,Amateur,Continental Event,Riga,Latvia,2003,0.0
2889,Guernsey Amateur Championship,Amateur,National Championship,Unknown,Guernsey,2003,0.0
2896,Jersey Amateur Championship,Amateur,National Championship,Unknown,Jersey,2003,0.0
3072,WSA Open Tour - Event 4,Professional,Non-ranking,Cambridge,England,2003,3810.0
247,Irish Masters,Professional,Ranking,Dublin,Ireland,2003,399680.0
258,Challenge Tour - Event 3,Professional,Tour Qualifier,Swindon,England,2003,20200.0
248,European Open,Professional,Ranking,Torquay,England,2003,250000.0
3071,WSA Open Tour - Event 3,Professional,Non-ranking,Stockport,England,2003,3880.0
3190,Nordic Snooker Championship,Amateur,Continental Event,Tampere,Finland,2003,0.0
260,Challenge Tour - Event 2,Professional,Tour Qualifier,Swindon,England,2003,20800.0
249,Masters,Professional,Invitational,London,England,2003,750000.0
1500,Indian Amateur Championship,Amateur,National Championship,Jammu,India,2003,0.0
3070,WSA Open Tour - Event 2,Professional,Non-ranking,Leicester,England,2003,1700.0
250,Welsh Open,Professional,Ranking,Cardiff,Wales,2003,597200.0
245,Premier League,Professional,League,Various,,2003,180000.0
1429,Belgian Amateur Championship,Amateur,National Championship,Duffel,Belgium,2003,0.0
1463,Canadian Championship,Pro-am,National Championship,Halifax,Canada,2003,0.0
1583,Dutch Amateur Championship,Amateur,National Championship,Spijkenisse,Netherlands,2003,0.0
1903,English Amateur Championship,Amateur,National Championship,Various,England,2003,0.0
1763,French Amateur Championship,Amateur,National Championship,Unknown,France,2003,0.0
1518,Irish Amateur Championship,Amateur,National Championship,Unknown,Ireland,2003,0.0
1554,Malta Amateur Championship,Amateur,National Championship,Unknown,Malta,2003,0.0
3155,New Zealand Amateur Championship,Amateur,National Championship,Unknown,New Zealand,2003,0.0
1748,Northern Ireland Amateur Championship,Amateur,National Championship,Unknown,Northern Ireland,2003,0.0
2240,Norwegian Amateur Championship,Amateur,National Championship,,Norway,2003,0.0
3243,Pakistan Amateur Championship,Amateur,National Championship,Unknown,Pakistan,2003,0.0
1630,Polish Amateur Championship,Amateur,National Championship,Warsaw,Poland,2003,0.0
1766,Scottish Amateur Championship,Amateur,National Championship,Unknown,Scotland,2003,0.0
3273,South African Amateur Championship,Amateur,National Championship,Unknown,South Africa,2003,0.0
1791,Swedish Amateur Championship,Amateur,National Championship,Unknown,Sweden,2003,0.0
1745,Welsh Amateur Championship,Amateur,National Championship,Unknown,Wales,2003,0.0
2289,Womens World Championship,Amateur,World Event,Sheffield,England,2003,0.0
217,Challenge Tour - Event 2,Professional,Tour Qualifier,Prestatyn,Wales,2004,20300.0
2375,Dutch Open,Pro-am,Event,Den Bosch,Netherlands,2004,0.0
1205,World Amateur Championship - Masters,Amateur,World Event,Veldthoven,Netherlands,2004,0.0
1120,World Amateur Championship - Men,Amateur,World Event,Velthoven,Netherlands,2004,0.0
218,UK Championship,Professional,Ranking,York,England,2004,525000.0
219,British Open,Professional,Ranking,Brighton,England,2004,200000.0
2914,Merseyside Professional,Professional,Non-ranking,Liverpool,England,2004,0.0
2543,Ukrainian Amateur Championship,Amateur,National Championship,Kiev,Ukraine,2004,0.0
2008,Australian Open Championship,Pro-am,Continental Event,Mt Pritchard,Australia,2004,0.0
220,Grand Prix,Professional,Ranking,Preston,England,2004,420000.0
2599,Pontins Autumn Open,Pro-am,Event,Prestatyn,Wales,2004,0.0
221,Challenge Tour - Event 1,Professional,Tour Qualifier,Prestatyn,Wales,2004,20200.0
3174,1. Snooker Grand Prix,Pro-am,Event,Fürth,Germany,2004,0.0
2351,Australian Amateur Championship,Amateur,National Championship,,Australia,2004,0.0
1650,Singapore Amateur Championship,Amateur,National Championship,Singapore,Singapore,2004,0.0
1668,Thailand Amateur Championship,Amateur,National Championship,Unknown,Thailand,2004,0.0
1595,New Zealand Amateur Championship,Amateur,National Championship,Christchurch,New Zealand,2004,0.0
1173,World Under-21 Championship - Men,Amateur,World Event,Carlow,Ireland,2004,0.0
1681,United States Amateur Championship,Amateur,National Championship,New York,United States,2004,0.0
1519,Irish Amateur Championship,Amateur,National Championship,Carlow,Ireland,2004,0.0
1244,Asian Championship,Amateur,Continental Event,Aqaba,Jordan,2004,0.0
1381,Asian Under-21 Championship,Amateur,Continental Event,Kuala Lumpur,Malaysia,2004,0.0
1409,Austrian Amateur Championship,Amateur,National Championship,Volkermarkt,Austria,2004,0.0
1216,European Championships - Masters,Amateur,Continental Event,Volkermarkt,Austria,2004,0.0
2965,European Championships - Women,Amateur,Continental Event,Volkermarkt,Austria,2004,0.0
1478,Finnish Amateur Championship,Amateur,National Championship,Helsinki,Finland,2004,0.0
2580,Pontins Spring Open,Pro-am,Event,Prestatyn,Wales,2004,0.0
1655,Swedish Amateur Championship,Amateur,National Championship,Stockholm,Sweden,2004,0.0
1154,European Championships - Men,Amateur,Continental Event,Volkermarkt,Austria,2004,0.0
1599,Northern Ireland Amateur Championship,Amateur,National Championship,Antrim,Northern Ireland,2004,0.0
237,Challenge Tour - Event 4,Professional,Tour Qualifier,Prestatyn,Wales,2004,20300.0
1653,South African Amateur Championship,Amateur,National Championship,Johannesburg,South Africa,2004,0.0
2806,Channel Island Championship,Amateur,Event,Saint Helier,Jersey,2004,0.0
2984,Swiss Amateur Championship,Amateur,National Championship,Baden,Switzerland,2004,0.0
224,World Championship,Professional,Ranking,Sheffield,England,2004,1371720.0
2127,German Amateur Championship,Amateur,National Championship,Landsberg,Germany,2004,0.0
227,Players Championship,Professional,Ranking,Glasgow,Scotland,2004,584000.0
1229,European Championships - Under 19,Amateur,Continental Event,Wellingborough,England,2004,0.0
2890,Guernsey Amateur Championship,Amateur,National Championship,Unknown,Guernsey,2004,0.0
2242,Norwegian Amateur Championship,Amateur,National Championship,Stavanger,Norway,2004,0.0
228,Irish Masters,Professional,Ranking,Dublin,Ireland,2004,396800.0
229,European Open,Professional,Ranking,Portomaso,Malta,2004,400800.0
238,Challenge Tour - Event 3,Professional,Tour Qualifier,Prestatyn,Wales,2004,20300.0
1617,Pakistan Amateur Championship,Amateur,National Championship,Karachi,Pakistan,2004,0.0
230,Masters,Professional,Invitational,London,England,2004,350000.0
231,Welsh Open,Professional,Ranking,Cardiff,Wales,2004,446100.0
223,Premier League,Professional,League,Various,,2004,180000.0
1430,Belgian Amateur Championship,Amateur,National Championship,Duffel,Belgium,2004,0.0
1464,Canadian Championship,Pro-am,National Championship,Quebec,Canada,2004,0.0
1584,Dutch Amateur Championship,Amateur,National Championship,Zaandam,Netherlands,2004,0.0
1904,English Amateur Championship,Amateur,National Championship,Various,England,2004,0.0
1762,French Amateur Championship,Amateur,National Championship,Unknown,France,2004,0.0
3244,Hong Kong Amateur Championship,Amateur,National Championship,Unknown,Hong Kong,2004,0.0
1777,Iceland Amateur Championship,Amateur,National Championship,Unknown,Iceland,2004,0.0
1771,Indian Amateur Championship,Amateur,National Championship,Unknown,India,2004,0.0
2800,Jersey Amateur Championship,Amateur,National Championship,,Jersey,2004,0.0
1555,Malta Amateur Championship,Amateur,National Championship,Unknown,Malta,2004,0.0
1631,Polish Amateur Championship,Amateur,National Championship,Warsaw,Poland,2004,0.0
1765,Scottish Amateur Championship,Amateur,National Championship,Glasgow,Scotland,2004,0.0
3234,Vietnamese Amateur Championship,Amateur,National Championship,Unknown,Vietnam,2004,0.0
1744,Welsh Amateur Championship,Amateur,National Championship,Unknown,Wales,2004,0.0
2376,Dutch Open,Pro-am,Event,Den Bosch,Netherlands,2005,0.0
192,UK Championship,Professional,Ranking,York,England,2005,495875.0
1204,World Amateur Championship - Masters,Amateur,World Event,Manama,Bahrain,2005,0.0
197,PIOS - Event 5,Professional,Tour Qualifier,Prestatyn,Wales,2005,8165.0
3250,South East Asian Games,Amateur,Continental Event,Manila,Philippines,2005,0.0
196,Masters Qualifying Event,Professional,Non-ranking,Prestatyn,Wales,2005,1600.0
195,Pot Black,Professional,Invitational,London,England,2005,38000.0
570,Irish Professional Championship,Professional,Non-ranking,Templelogue,Ireland,2005,6122.0
200,PIOS - Event 4,Professional,Tour Qualifier,Prestatyn,Wales,2005,16470.0
2007,Australian Open Championship,Pro-am,Continental Event,Mt Pritchard,Australia,2005,0.0
199,Grand Prix,Professional,Ranking,Preston,England,2005,417000.0
2542,Ukrainian Amateur Championship,Amateur,National Championship,Lviv,Ukraine,2005,0.0
3173,German Open,Pro-am,Event,Fürth,Germany,2005,0.0
194,Premier League,Professional,League,Various,,2005,248000.0
203,PIOS - Event 3,Professional,Tour Qualifier,Prestatyn,Wales,2005,16575.0
1682,United States Amateur Championship,Amateur,National Championship,San Gabriel,United States,2005,0.0
1408,Australian Amateur Championship,Amateur,National Championship,Unknown,Australia,2005,0.0
1619,Papua New Guinea Amateur Championship,Amateur,National Championship,Port Moesby,Papua New Guinea,2005,0.0
1669,Thailand Amateur Championship,Amateur,National Championship,Bangkok,Thailand,2005,0.0
201,Northern Ireland Trophy,Professional,Invitational,Belfast,Northern Ireland,2005,104000.0
1172,World Under-21 Championship - Men,Amateur,World Event,Manama,Bahrain,2005,0.0
1596,New Zealand Amateur Championship,Amateur,National Championship,Unknown,New Zealand,2005,0.0
2482,World Games,Pro-am,World Event,Duisburg,Germany,2005,0.0
1654,Sri Lanka Amateur Championship,Amateur,National Championship,Unknown,Sri Lanka,2005,0.0
204,PIOS - Event 2,Professional,Tour Qualifier,Prestatyn,Wales,2005,12960.0
1243,Asian Championship,Amateur,Continental Event,Bangkok,Thailand,2005,0.0
1380,Asian Under-21 Championship,Amateur,Continental Event,Bangkok,Thailand,2005,0.0
1215,European Championships - Masters,Amateur,Continental Event,Ostrów Wielkopolski,Poland,2005,0.0
1153,European Championships - Men,Amateur,Continental Event,Ostrów Wielkopolski,Poland,2005,0.0
2966,European Championships - Women,Amateur,Continental Event,Ostrów Wielkopolski,Poland,2005,0.0
1476,Fiji Amateur Championship,Amateur,National Championship,Suva,Fiji,2005,0.0
1479,Finnish Amateur Championship,Amateur,National Championship,Helsinki,Finland,2005,0.0
1600,Northern Ireland Amateur Championship,Amateur,National Championship,Antrim,Northern Ireland,2005,0.0
2581,Pontins Spring Open,Pro-am,Event,Prestatyn,Wales,2005,0.0
1656,Swedish Amateur Championship,Amateur,National Championship,Stockholm,Sweden,2005,0.0
207,PIOS - Event 1,Professional,Tour Qualifier,Prestatyn,Wales,2005,13056.0
3272,South African Amateur Championship,Amateur,National Championship,Durban,South Africa,2005,0.0
3324,Iceland Amateur Championship,Amateur,National Championship,Unknown,Iceland,2005,0.0
1533,Malaysian Amateur Championship,Amateur,National Championship,Summit,Malaysia,2005,0.0
2807,Channel Island Championship,Amateur,Event,St. Peter Port,Guernsey,2005,0.0
1661,Swiss Amateur Championship,Amateur,National Championship,Zofingen,Switzerland,2005,0.0
208,World Championship,Professional,Ranking,Sheffield,England,2005,1263800.0
211,Challenge Tour - Event 4,Professional,Tour Qualifier,Prestatyn,Wales,2005,16930.0
1228,European Championships - Under 19,Amateur,Continental Event,Ekaterinburg,Russia,2005,0.0
1499,Hong Kong Amateur Championship,Amateur,National Championship,Hong Kong,Hong Kong,2005,0.0
1531,Isle of Man Amateur Championship,Amateur,National Championship,Unknown,Isle of Man,2005,0.0
2801,Jersey Amateur Championship,Amateur,National Championship,,Jersey,2005,0.0
1645,Scottish Amateur Championship,Amateur,National Championship,Glasgow,Scotland,2005,0.0
1724,Welsh Amateur Championship,Amateur,National Championship,Unknown,Wales,2005,0.0
210,China Open,Professional,Ranking,Beijing,China,2005,173000.0
2241,Norwegian Amateur Championship,Amateur,National Championship,Stavanger,Norway,2005,0.0
213,Challenge Tour - Event 3,Professional,Tour Qualifier,Prestatyn,Wales,2005,17100.0
212,Irish Masters,Professional,Ranking,Dublin,Ireland,2005,250000.0
214,Masters,Professional,Invitational,London,England,2005,400000.0
1501,Indian Amateur Championship,Amateur,National Championship,Unknown,India,2005,0.0
1618,Pakistan Amateur Championship,Amateur,National Championship,Karachi,Pakistan,2005,0.0
215,Malta Cup,Professional,Ranking,Portomaso,Malta,2005,197500.0
216,Welsh Open,Professional,Ranking,Newport,Wales,2005,225000.0
206,Premier League,Professional,League,Various,,2005,245000.0
3193,Austrian Amateur Championship,Amateur,National Championship,Unknown,Austria,2005,0.0
1431,Belgian Amateur Championship,Amateur,National Championship,Duffel,Belgium,2005,0.0
1465,Canadian Championship,Pro-am,National Championship,Montreal,Canada,2005,0.0
1585,Dutch Amateur Championship,Amateur,National Championship,Ridderkerk,Netherlands,2005,0.0
1905,English Amateur Championship,Amateur,National Championship,Various,England,2005,0.0
3191,French Amateur Championship,Amateur,National Championship,Unknown,France,2005,0.0
1487,German Amateur Championship,Amateur,National Championship,Bad Wildungen,Germany,2005,0.0
3318,German Amateur Championship - Masters,Amateur,National Championship,Unknown,Germany,2005,0.0
2805,Guernsey Amateur Championship,Amateur,National Championship,,Guernsey,2005,0.0
1520,Irish Amateur Championship,Amateur,National Championship,Unknown,Ireland,2005,0.0
1556,Malta Amateur Championship,Amateur,National Championship,Naxxar,Malta,2005,0.0
1632,Polish Amateur Championship,Amateur,National Championship,Ostrów Wielkopolski,Poland,2005,0.0
2288,Womens World Championship,Amateur,World Event,Cambridge,England,2005,2850.0
1953,German Grand Prix - Event 1,Amateur,National Ranking,Ulm,Germany,2006,0.0
1979,Belarus Amateur Championship,Amateur,National Championship,Minsk,Belarus,2006,0.0
174,UK Championship,Professional,Ranking,York,England,2006,548000.0
2377,Dutch Open,Pro-am,Event,,Netherlands,2006,0.0
1203,World Amateur Championship - Masters,Amateur,World Event,Amman,Jordan,2006,0.0
176,PIOS - Event 3,Professional,Tour Qualifier,Prestatyn,Wales,2006,11208.0
1094,World Amateur Championship - Men,Amateur,World Event,Amman,Jordan,2006,0.0
183,Masters Qualifying Event,Professional,Non-ranking,Sheffield,England,2006,1600.0
2541,Ukrainian Amateur Championship,Amateur,National Championship,Kiev,Ukraine,2006,0.0
3317,German Amateur Championship - Masters,Amateur,National Championship,Bad Wildungen,Germany,2006,0.0
177,Grand Prix,Professional,Ranking,Aberdeen,Scotland,2006,455750.0
2005,Australian Open Championship,Pro-am,Continental Event,Mt Pritchard,Australia,2006,0.0
179,PIOS - Event 2,Professional,Tour Qualifier,Prestatyn,Wales,2006,11138.0
569,Irish Professional Championship,Professional,Non-ranking,Templelogue,Ireland,2006,4730.0
180,PIOS - Event 1,Professional,Tour Qualifier,Prestatyn,Wales,2006,11208.0
175,Premier League,Professional,League,Various,,2006,239000.0
181,Pot Black,Professional,Invitational,London,England,2006,40000.0
182,Northern Ireland Trophy,Professional,Ranking,Belfast,Northern Ireland,2006,198500.0
2006,Australian Amateur Championship,Amateur,National Championship,Melbourne,Australia,2006,0.0
3172,German Open,Pro-am,Event,Fürth,Germany,2006,0.0
1683,United States Amateur Championship,Amateur,National Championship,San Gabriel,United States,2006,0.0
1242,Asian Championship,Amateur,Continental Event,Colombo,Sri Lanka,2006,0.0
1152,European Championships - Men,Amateur,Continental Event,Constanta,Romania,2006,0.0
2228,European Championships - Women,Amateur,Continental Event,Constanta,Romania,2006,0.0
1379,Asian Under-21 Championship,Amateur,Continental Event,Tehran,Iran,2006,0.0
1214,European Championships - Masters,Amateur,Continental Event,Constanta,Romania,2006,0.0
2994,Hungarian Amateur Championship,Amateur,National Championship,Unknown,Hungary,2006,0.0
1521,Irish Amateur Championship,Amateur,National Championship,Carlow,Ireland,2006,0.0
187,PIOS - Event 8,Professional,Tour Qualifier,Prestatyn,Wales,2006,4690.0
1263,Oceania Championship,Amateur,Continental Event,Auckland,New Zealand,2006,0.0
2808,Channel Island Championship,Amateur,Event,Saint Helier,Jersey,2006,0.0
185,World Championship,Professional,Ranking,Sheffield,England,2006,901240.0
1607,Norwegian Amateur Championship,Amateur,National Championship,Elmers,Norway,2006,0.0
3266,Swiss Amateur Championship,Amateur,National Championship,Baden,Switzerland,2006,0.0
1227,European Championships - Under 19,Amateur,Continental Event,Riga,Latvia,2006,0.0
2891,Guernsey Amateur Championship,Amateur,National Championship,Unknown,Guernsey,2006,0.0
2287,Womens World Championship,Amateur,World Event,Cambridge,England,2006,0.0
186,China Open,Professional,Ranking,Beijing,China,2006,197250.0
189,PIOS - Event 7,Professional,Tour Qualifier,Prestatyn,Wales,2006,7205.0
188,Welsh Open,Professional,Ranking,Newport,Wales,2006,223275.0
1119,IBSF World Grand Prix,Amateur,World Event,Prestatyn,Wales,2006,0.0
193,PIOS - Event 6,Professional,Tour Qualifier,Prestatyn,Wales,2006,2475.0
2522,Czech Amateur Championship,Amateur,National Championship,,Czech Republic,2006,0.0
190,Malta Cup,Professional,Ranking,Portomaso,Malta,2006,118500.0
191,Masters,Professional,Invitational,London,England,2006,415000.0
1432,Belgian Amateur Championship,Amateur,National Championship,Alken,Belgium,2006,0.0
1466,Canadian Championship,Pro-am,National Championship,Markham,Canada,2006,0.0
1586,Dutch Amateur Championship,Amateur,National Championship,Warmond,Netherlands,2006,0.0
3080,EBSA International Play-Off,Amateur,Event,Constanta,Romania,2006,0.0
1906,English Amateur Championship,Amateur,National Championship,Various,England,2006,0.0
1488,German Amateur Championship,Amateur,National Championship,Unknown,Germany,2006,0.0
2802,Jersey Amateur Championship,Amateur,National Championship,,Jersey,2006,0.0
1557,Malta Amateur Championship,Amateur,National Championship,Unknown,Malta,2006,0.0
3073,Northern Ireland Amateur Championship,Amateur,National Championship,Unknown,Northern Ireland,2006,0.0
1633,Polish Amateur Championship,Amateur,National Championship,Warsaw,Poland,2006,0.0
2323,Pontins Pro-Am - Event 1,Pro-am,Event,Prestatyn,Wales,2006,0.0
2324,Pontins Pro-Am - Event 2,Pro-am,Event,Prestatyn,Wales,2006,0.0
2325,Pontins Pro-Am - Event 3,Pro-am,Event,Prestatyn,Wales,2006,0.0
2326,Pontins Pro-Am - Event 4,Pro-am,Event,Prestatyn,Wales,2006,0.0
2327,Pontins Pro-Am - Event 5,Pro-am,Event,Prestatyn,Wales,2006,0.0
2328,Pontins Pro-Am - Event 6,Pro-am,Event,Prestatyn,Wales,2006,0.0
2329,Pontins Pro-Am - Grand Final,Pro-am,Event,Prestatyn,Wales,2006,0.0
2102,Scottish Amateur Championship,Amateur,National Championship,Unknown,Scotland,2006,0.0
2830,Swedish Amateur Championship,Amateur,National Championship,Unknown,Sweden,2006,0.0
1725,Welsh Amateur Championship,Amateur,National Championship,Unknown,Wales,2006,0.0
148,PIOS - Event 5,Professional,Tour Qualifier,Prestatyn,Wales,2007,13280.0
147,UK Championship,Professional,Ranking,Telford,England,2007,615400.0
1978,Belarus Amateur Championship,Amateur,National Championship,Minsk,Belarus,2007,0.0
2378,Dutch Open,Pro-am,Event,Den Bosch,Netherlands,2007,0.0
3147,Indian Amateur Championship,Amateur,National Championship,Unknown,India,2007,0.0
2336,Pontins Pro-Am - Grand Final,Pro-am,Event,Prestatyn,Wales,2007,9600.0
2540,Ukrainian Amateur Championship,Amateur,National Championship,Kiev,Ukraine,2007,0.0
1092,World Amateur Championship - Men,Amateur,World Event,Korat,Thailand,2007,0.0
1489,German Amateur Championship,Amateur,National Championship,Bad Wildungen,Germany,2007,0.0
151,Northern Ireland Trophy,Professional,Ranking,Belfast,Northern Ireland,2007,220500.0
3075,Asian Indoor Games - Women,Amateur,Continental Event,Macau,China,2007,0.0
1202,World Amateur Championship - Masters,Amateur,World Event,Korat,Thailand,2007,0.0
3074,Asian Indoor Games - Men,Pro-am,Continental Event,Macau,China,2007,0.0
2335,Pontins Pro-Am - Event 6,Pro-am,Event,Prestatyn,Wales,2007,2650.0
2003,Australian Open Championship,Pro-am,Continental Event,Mt Pritchard,Australia,2007,0.0
153,PIOS - Event 4,Professional,Tour Qualifier,Prestatyn,Wales,2007,13205.0
152,Grand Prix,Professional,Ranking,Aberdeen,Scotland,2007,491100.0
154,Pot Black,Professional,Invitational,Sheffield,England,2007,40000.0
2334,Pontins Pro-Am - Event 5,Pro-am,Event,Prestatyn,Wales,2007,2300.0
568,Irish Professional Championship,Professional,Non-ranking,Dublin,Ireland,2007,11539.0
155,PIOS - Event 3,Professional,Tour Qualifier,Prestatyn,Wales,2007,13205.0
1957,German Grand Prix - Event 5,Amateur,National Ranking,Kempten,Germany,2007,0.0
146,Masters Qualifying Event,Professional,Non-ranking,Sheffield,England,2007,1600.0
149,Premier League,Professional,League,Various,,2007,259000.0
2333,Pontins Pro-Am - Event 4,Pro-am,Event,Prestatyn,Wales,2007,2800.0
1171,World Under-21 Championship - Men,Amateur,World Event,Goa,India,2007,0.0
3296,World Under-21 Championship - Women,Amateur,World Event,Goa,India,2007,0.0
2004,Australian Amateur Championship,Amateur,National Championship,Melbourne,Australia,2007,0.0
157,Shanghai Masters,Professional,Ranking,Shanghai,China,2007,250000.0
158,PIOS - Event 2,Professional,Tour Qualifier,Prestatyn,Wales,2007,13280.0
3171,Paul Hunter Classic,Pro-am,Event,Fürth,Germany,2007,0.0
2332,Pontins Pro-Am - Event 3,Pro-am,Event,Prestatyn,Wales,2007,2800.0
159,PIOS - Event 1,Professional,Tour Qualifier,Prestatyn,Wales,2007,13280.0
2331,Pontins Pro-Am - Event 2,Pro-am,Event,Prestatyn,Wales,2007,2800.0
1388,African Championship - Men,Amateur,Continental Event,Casablanca,Morocco,2007,0.0
1956,German Grand Prix - Event 4,Amateur,National Ranking,Bielefeld,Germany,2007,0.0
1151,European Championships - Men,Amateur,Continental Event,Carlow,Ireland,2007,0.0
2227,European Championships - Women,Amateur,Continental Event,Carlow,Ireland,2007,0.0
2330,Pontins Pro-Am - Event 1,Pro-am,Event,Prestatyn,Wales,2007,2800.0
1241,Asian Championship,Amateur,Continental Event,Karachi,Pakistan,2007,0.0
1377,Asian Under-21 Championship,Amateur,Continental Event,Doha,Qatar,2007,0.0
1213,European Championships - Masters,Amateur,Continental Event,Carlow,Ireland,2007,0.0
1684,United States Amateur Championship,Amateur,National Championship,San Gabriel,United States,2007,0.0
2978,Austrian Amateur Championship,Amateur,National Championship,Unknown,Austria,2007,0.0
2997,Hungarian Amateur Championship,Amateur,National Championship,Unknown,Hungary,2007,0.0
162,PIOS - Event 8,Professional,Tour Qualifier,Prestatyn,Wales,2007,10613.0
2366,Oceania Championship - Ladies,Amateur,Continental Event,Queensland,Australia,2007,0.0
1262,Oceania Championship,Amateur,Continental Event,Queensland,Australia,2007,0.0
1955,German Grand Prix - Event 3,Amateur,National Ranking,Cologne,Germany,2007,0.0
1606,Norwegian Amateur Championship,Amateur,National Championship,Svithun,Norway,2007,0.0
161,World Championship,Professional,Ranking,Sheffield,England,2007,985000.0
2899,Channel Island Championship,Amateur,Event,St. Peter Port,Guernsey,2007,0.0
2985,Swiss Amateur Championship,Amateur,National Championship,Zofingen,Switzerland,2007,0.0
165,PIOS - Event 7,Professional,Tour Qualifier,Prestatyn,Wales,2007,10928.0
1226,European Championships - Under 19,Amateur,Continental Event,Prestatyn,Wales,2007,0.0
2892,Guernsey Amateur Championship,Amateur,National Championship,Unknown,Guernsey,2007,0.0
3164,Iceland Amateur Championship,Amateur,National Championship,Unknown,Iceland,2007,0.0
2286,Womens World Championship,Amateur,World Event,Cambridge,England,2007,0.0
163,China Open,Professional,Ranking,Beijing,China,2007,222750.0
167,PIOS - Event 6,Professional,Tour Qualifier,Prestatyn,Wales,2007,10998.0
1954,German Grand Prix - Event 2,Amateur,National Ranking,Rüsselsheim,Germany,2007,0.0
168,Welsh Open,Professional,Ranking,Newport,Wales,2007,245500.0
2887,Czech Amateur Championship,Amateur,National Championship,Unknown,Czech Republic,2007,0.0
169,PIOS - Event 5,Professional,Tour Qualifier,Prestatyn,Wales,2007,11138.0
170,Malta Cup,Professional,Ranking,Portomaso,Malta,2007,200500.0
2727,Indian Amateur Championship,Amateur,National Championship,Bangalore,India,2007,0.0
172,Masters,Professional,Invitational,London,England,2007,467000.0
173,PIOS - Event 4,Professional,Tour Qualifier,Prestatyn,Wales,2007,11138.0
1433,Belgian Amateur Championship,Amateur,National Championship,Alken,Belgium,2007,0.0
1467,Canadian Championship,Pro-am,National Championship,Ottawa,Canada,2007,0.0
1587,Dutch Amateur Championship,Amateur,National Championship,Warmond,Netherlands,2007,0.0
3081,EBSA International Play-Off,Amateur,Event,Carlow,Ireland,2007,0.0
1907,English Amateur Championship,Amateur,National Championship,Various,England,2007,0.0
3319,German Amateur Championship - Masters,Amateur,National Championship,Unknown,Germany,2007,0.0
1522,Irish Amateur Championship,Amateur,National Championship,Unknown,Ireland,2007,0.0
2803,Jersey Amateur Championship,Amateur,National Championship,,Jersey,2007,0.0
3192,Malaysian Amateur Championship,Amateur,National Championship,Unknown,Malaysia,2007,0.0
1558,Malta Amateur Championship,Amateur,National Championship,Unknown,Malta,2007,0.0
3121,New Zealand Amateur Championship,Amateur,National Championship,Unknown,New Zealand,2007,0.0
2495,Northern Ireland Amateur Championship,Amateur,National Championship,,Northern Ireland,2007,0.0
1634,Polish Amateur Championship,Amateur,National Championship,Kalisz,Poland,2007,0.0
2103,Scottish Amateur Championship,Amateur,National Championship,Unknown,Scotland,2007,0.0
2831,Swedish Amateur Championship,Amateur,National Championship,Unknown,Sweden,2007,0.0
2829,Welsh Amateur Championship,Amateur,National Championship,Unknown,Wales,2007,0.0
3023,Chinese National Championship,Pro-am,National Championship,Yixing,China,2007,0.0
113,UK Championship,Professional,Ranking,Telford,England,2008,650000.0
2379,Dutch Open,Pro-am,Event,Den Bosch,Netherlands,2008,0.0
1201,World Amateur Championship - Masters,Amateur,World Event,Wels,Austria,2008,0.0
1209,World Amateur Championship - Women,Amateur,World Event,Wels,Austria,2008,0.0
2728,Indian Amateur Championship,Amateur,National Championship,Indore,India,2008,0.0
115,World Series of Snooker - Moscow,Pro-am,Event,Moscow,Russia,2008,0.0
116,Masters Qualifying Event,Professional,Non-ranking,Sheffield,England,2008,1600.0
117,PIOS - Event 5,Professional,Tour Qualifier,Prestatyn,Wales,2008,13205.0
118,Bahrain Championship,Professional,Ranking,Manama,Bahrain,2008,263525.0
2539,Ukrainian Amateur Championship,Amateur,National Championship,Kiev,Ukraine,2008,0.0
1490,German Amateur Championship,Amateur,National Championship,Bad Wildungen,Germany,2008,0.0
1091,World Amateur Championship - Men,Amateur,World Event,Wels,Austria,2008,0.0
119,World Series of Snooker - Warsaw,Pro-am,Event,Warsaw,Poland,2008,0.0
120,PIOS - Event 4,Professional,Tour Qualifier,Prestatyn,Wales,2008,13280.0
2001,Australian Open Championship,Pro-am,Continental Event,Mt Pritchard,Australia,2008,0.0
121,Grand Prix,Professional,Ranking,Glasgow,Scotland,2008,494600.0
122,Shanghai Masters,Professional,Ranking,Shanghai,China,2008,298350.0
1952,German Grand Prix - Event 5,Amateur,National Ranking,Kempten,Germany,2008,0.0
114,Premier League,Professional,League,Various,,2008,269000.0
123,PIOS - Event 3,Professional,Tour Qualifier,Prestatyn,Wales,2008,13280.0
125,Northern Ireland Trophy,Professional,Ranking,Belfast,Northern Ireland,2008,200500.0
2002,Australian Amateur Championship,Amateur,National Championship,Melbourne,Australia,2008,0.0
126,PIOS - Event 2,Professional,Tour Qualifier,Prestatyn,Wales,2008,13280.0
3170,Paul Hunter Classic,Pro-am,Event,Fürth,Germany,2008,0.0
129,World Series of Snooker - Berlin,Pro-am,Event,Berlin,Germany,2008,0.0
3144,6-Reds International,Professional,6-reds,Bangkok,Thailand,2008,0.0
131,PIOS - Event 1,Professional,Tour Qualifier,Prestatyn,Wales,2008,13280.0
132,World Series of Snooker - Saint Helier,Pro-am,Event,Saint Helier,Jersey,2008,0.0
1951,German Grand Prix - Event 4,Amateur,National Ranking,Bochum,Germany,2008,0.0
1150,European Championships - Men,Amateur,Continental Event,Lublin,Poland,2008,0.0
2226,European Championships - Women,Amateur,Continental Event,Lublin,Poland,2008,0.0
133,Jiangsu Classic,Professional,Invitational,Various,China,2008,74000.0
1212,European Championships - Masters,Amateur,Continental Event,Lublin,Poland,2008,0.0
2993,Hungarian Amateur Championship,Amateur,National Championship,Unknown,Hungary,2008,0.0
1523,Irish Amateur Championship,Amateur,National Championship,Carlow,Ireland,2008,0.0
1685,United States Amateur Championship,Amateur,National Championship,San Gabriel,United States,2008,0.0
1977,Belarus Amateur Championship,Amateur,National Championship,Minsk,Belarus,2008,0.0
2285,Womens World Championship,Amateur,World Event,Cambridge,England,2008,1700.0
1240,Asian Championship,Amateur,Continental Event,Dubai,United Arab Emirates,2008,0.0
2557,Swedish Amateur Championship,Amateur,National Championship,Unknown,Sweden,2008,0.0
1950,German Grand Prix - Event 3,Amateur,National Ranking,Elchingen,Germany,2008,0.0
136,World Championship,Professional,Ranking,Sheffield,England,2008,1197000.0
2809,Channel Island Championship,Amateur,Event,Saint Helier,Jersey,2008,0.0
138,PIOS - Event 8,Professional,Tour Qualifier,Prestatyn,Wales,2008,12625.0
2521,Czech Amateur Championship,Amateur,National Championship,,Czech Republic,2008,0.0
1293,African Championship - Men,Amateur,Continental Event,Tripoli,Libya,2008,0.0
1376,Asian Under-21 Championship,Amateur,Continental Event,Yangon,Myanmar,2008,0.0
1225,European Championships - Under 19,Amateur,Continental Event,Glasgow,Scotland,2008,0.0
2893,Guernsey Amateur Championship,Amateur,National Championship,Unknown,Guernsey,2008,0.0
139,China Open,Professional,Ranking,Beijing,China,2008,270000.0
140,PIOS - Event 7,Professional,Tour Qualifier,Prestatyn,Wales,2008,13055.0
1949,German Grand Prix - Event 2,Amateur,National Ranking,Rüsselsheim,Germany,2008,0.0
1608,Norwegian Amateur Championship,Amateur,National Championship,Elmers,Norway,2008,0.0
1261,Oceania Championship,Amateur,Continental Event,New South Wales,Australia,2008,0.0
137,Championship League,Professional,League,Stock,England,2008,166600.0
143,PIOS - Event 6,Professional,Tour Qualifier,Prestatyn,Wales,2008,13130.0
142,Welsh Open,Professional,Ranking,Newport,Wales,2008,225500.0
144,Malta Cup,Professional,Invitational,Portomaso,Malta,2008,76000.0
145,Masters,Professional,Invitational,London,England,2008,460000.0
1948,German Grand Prix - Event 1,Amateur,National Ranking,Berlin,Germany,2008,0.0
1434,Belgian Amateur Championship,Amateur,National Championship,Alken,Belgium,2008,0.0
1468,Canadian Championship,Pro-am,National Championship,Toronto,Canada,2008,0.0
1588,Dutch Amateur Championship,Amateur,National Championship,Warmond,Netherlands,2008,0.0
3082,EBSA International Play-Off,Amateur,Event,Lubin,Poland,2008,0.0
1908,English Amateur Championship,Amateur,National Championship,Various,England,2008,0.0
2765,Malaysian Amateur Championship,Amateur,National Championship,Unknown,Malaysia,2008,0.0
1559,Malta Amateur Championship,Amateur,National Championship,Unknown,Malta,2008,0.0
2017,New Zealand Amateur Championship,Amateur,National Championship,Unknown,New Zealand,2008,0.0
2494,Northern Ireland Amateur Championship,Amateur,National Championship,,Northern Ireland,2008,0.0
2367,Oceania Championship - Ladies,Amateur,Continental Event,New South Wales,Australia,2008,0.0
1635,Polish Amateur Championship,Amateur,National Championship,Warsaw,Poland,2008,0.0
2337,Pontins Pro-Am - Event 1,Pro-am,Event,Prestatyn,Wales,2008,0.0
2338,Pontins Pro-Am - Event 2,Pro-am,Event,Prestatyn,Wales,2008,0.0
2339,Pontins Pro-Am - Event 3,Pro-am,Event,Prestatyn,Wales,2008,0.0
2340,Pontins Pro-Am - Event 4,Pro-am,Event,Prestatyn,Wales,2008,0.0
2341,Pontins Pro-Am - Event 5,Pro-am,Event,Prestatyn,Wales,2008,0.0
2342,Pontins Pro-Am - Event 6,Pro-am,Event,Prestatyn,Wales,2008,0.0
2343,Pontins Pro-Am - Grand Final,Pro-am,Event,Prestatyn,Wales,2008,0.0
2826,Scottish Amateur Championship,Amateur,National Championship,,Scotland,2008,0.0
2207,Thailand Amateur Championship,Amateur,National Championship,,Thailand,2008,0.0
1726,Welsh Amateur Championship,Amateur,National Championship,Unknown,Wales,2008,0.0
3249,South East Asian Games,Amateur,Continental Event,Vientiane,Laos,2009,0.0
76,PIOS - Event 5,Professional,Tour Qualifier,Prestatyn,Wales,2009,10500.0
77,UK Championship,Professional,Ranking,Telford,England,2009,625000.0
3145,6-Reds World Championship,Pro-am,6-reds,Killarney,Ireland,2009,0.0
1200,World Amateur Championship - Masters,Amateur,World Event,Hyderabad,India,2009,0.0
1208,World Amateur Championship - Women,Amateur,World Event,Hyderabad,India,2009,0.0
1089,World Amateur Championship - Men,Amateur,World Event,Hyderabad,India,2009,0.0
2538,Ukrainian Amateur Championship,Amateur,National Championship,Kiev,Ukraine,2009,0.0
79,Pro Challenge Series - Event 3,Professional,Non-ranking,Leicester,England,2009,15000.0
2837,Asian Indoor Games - 6-Reds Men,Pro-am,Continental Event,Ho Chi Minh City,Vietnam,2009,0.0
2838,Asian Indoor Games - 6-Reds Women,Amateur,Continental Event,Ho Chi Minh City,Vietnam,2009,0.0
2839,Asian Indoor Games - Men,Pro-am,Continental Event,Ho Chi Minh City,Vietnam,2009,0.0
1491,German Amateur Championship,Amateur,National Championship,Bad Wildungen,Germany,2009,0.0
75,Masters Qualifying Event,Professional,Non-ranking,Prestatyn,Wales,2009,3600.0
3305,German Amateur Championship - Masters,Amateur,National Championship,Bad Wildungen,Germany,2009,0.0
80,PIOS - Event 4,Professional,Tour Qualifier,Prestatyn,Wales,2009,10500.0
81,World Series of Snooker - Prague,Pro-am,Event,Prague,Czech Republic,2009,0.0
1999,Australian Open Championship,Pro-am,Continental Event,Mt Pritchard,Australia,2009,0.0
82,Grand Prix,Professional,Ranking,Glasgow,Scotland,2009,502100.0
1947,German Grand Prix - Final,Amateur,National Ranking,Regensburg,Germany,2009,0.0
3255,Papua New Guinea Amateur Championship,Amateur,National Championship,Port Moresby,Papua New Guinea,2009,0.0
83,Shanghai Masters,Professional,Ranking,Shanghai,China,2009,296360.0
78,Premier League,Professional,League,Various,,2009,228000.0
93,Pro Challenge Series - Event 2,Professional,6-reds,Prestatyn,Wales,2009,9500.0
2776,Malaysian Amateur Championship,Amateur,National Championship,Petaling Jaya,Malaysia,2009,0.0
84,PIOS - Event 3,Professional,Tour Qualifier,Prestatyn,Wales,2009,12000.0
2000,Australian Amateur Championship,Amateur,National Championship,Melbourne,Australia,2009,0.0
1170,World Under-21 Championship - Men,Amateur,World Event,Kish,Iran,2009,0.0
3169,Paul Hunter Classic,Pro-am,Event,Fürth,Germany,2009,0.0
86,Pro Challenge Series - Event 1,Professional,Non-ranking,Leeds,England,2009,15000.0
87,PIOS - Event 2,Professional,Tour Qualifier,Prestatyn,Wales,2009,12100.0
2481,World Games,Pro-am,World Event,Kaohsiung,Taiwan,2009,0.0
3143,6-Reds World Grand Prix,Professional,6-reds,Bangkok,Thailand,2009,0.0
92,PIOS - Event 1,Professional,Tour Qualifier,Prestatyn,Wales,2009,13540.0
1946,German Grand Prix - Event 4,Amateur,National Ranking,Berlin,Germany,2009,0.0
1149,European Championships - Men,Amateur,Continental Event,Duffel,Belgium,2009,0.0
2225,European Championships - Women,Amateur,Continental Event,Duffel,Belgium,2009,0.0
94,Jiangsu Classic,Professional,Invitational,Wuxi,China,2009,88000.0
684,European Championships - Masters,Amateur,Continental Event,Duffel,Belgium,2009,0.0
1524,Irish Amateur Championship,Amateur,National Championship,Unknown,Ireland,2009,0.0
1686,United States Amateur Championship,Amateur,National Championship,Brooklyn,United States,2009,0.0
2872,Austrian Amateur Championship,Amateur,National Championship,Gerasdorf,Austria,2009,0.0
1945,German Grand Prix - Event 3,Amateur,National Ranking,Viersen,Germany,2009,0.0
95,World Series of Snooker - Killarney,Pro-am,Event,Killarney,Ireland,2009,0.0
96,World Series of Snooker - Portugal (Grand Final),Pro-am,Event,Portimão,Portugal,2009,
97,PIOS - Event 8,Professional,Tour Qualifier,Prestatyn,Wales,2009,12980.0
1239,Asian Championship,Amateur,Continental Event,Tangshan,China,2009,0.0
2116,Scottish Amateur Championship,Amateur,National Championship,Unknown,Scotland,2009,0.0
1986,Latvia Amateur Championship,Amateur,National Championship,Riga,Latvia,2009,0.0
1976,Belarus Amateur Championship,Amateur,National Championship,Minsk,Belarus,2009,0.0
98,World Championship,Professional,Ranking,Sheffield,England,2009,1258000.0
2814,Channel Island Championship,Amateur,Event,St. Peter Port,Guernsey,2009,0.0
1609,Norwegian Amateur Championship,Amateur,National Championship,Oslo,Norway,2009,0.0
2986,Swiss Amateur Championship,Amateur,National Championship,Adliswil,Switzerland,2009,0.0
2284,Womens World Championship,Amateur,World Event,Cambridge,England,2009,1900.0
1292,African Championship - Men,Amateur,Continental Event,Johannesburg,South Africa,2009,0.0
1375,Asian Under-21 Championship,Amateur,Continental Event,Pune,India,2009,0.0
2894,Guernsey Amateur Championship,Amateur,National Championship,Unknown,Guernsey,2009,0.0
99,China Open,Professional,Ranking,Beijing,China,2009,267900.0
2520,Czech Amateur Championship,Amateur,National Championship,,Czech Republic,2009,0.0
2368,Oceania Championship - Ladies,Amateur,Continental Event,Port Moresby,Papua New Guinea,2009,0.0
100,PIOS - Event 7,Professional,Tour Qualifier,Prestatyn,Wales,2009,12980.0
1260,Oceania Championship,Amateur,Continental Event,Port Moresby,Papua New Guinea,2009,0.0
1944,German Grand Prix - Event 2,Amateur,National Ranking,Rüsselsheim,Germany,2009,0.0
1224,European Championships - Under 19,Amateur,Continental Event,St Petersburg,Russia,2009,0.0
2844,Pakistan Amateur Championship,Amateur,National Championship,Karachi,Pakistan,2009,0.0
110,PIOS - Event 6,Professional,Tour Qualifier,Prestatyn,Wales,2009,12980.0
111,Welsh Open,Professional,Ranking,Newport,Wales,2009,225500.0
1943,German Grand Prix - Event 1,Amateur,National Ranking,Hannover,Germany,2009,0.0
112,Masters,Professional,Invitational,London,England,2009,482000.0
101,Championship League,Professional,League,Stock,England,2009,166900.0
1435,Belgian Amateur Championship,Amateur,National Championship,Duffel,Belgium,2009,0.0
1469,Canadian Championship,Pro-am,National Championship,Toronto,Canada,2009,0.0
1589,Dutch Amateur Championship,Amateur,National Championship,Warmond,Netherlands,2009,0.0
3083,EBSA International Play-Off,Amateur,Event,Duffel,Belgium,2009,0.0
1909,English Amateur Championship,Amateur,National Championship,Various,England,2009,0.0
3148,Indian Amateur Championship,Amateur,National Championship,Unknown,India,2009,0.0
2804,Jersey Amateur Championship,Amateur,National Championship,,Jersey,2009,0.0
1560,Malta Amateur Championship,Amateur,National Championship,Unknown,Malta,2009,0.0
2016,New Zealand Amateur Championship,Amateur,National Championship,Unknown,New Zealand,2009,0.0
2493,Northern Ireland Amateur Championship,Amateur,National Championship,,Northern Ireland,2009,0.0
1636,Polish Amateur Championship,Amateur,National Championship,Lublin,Poland,2009,0.0
2344,Pontins Pro-Am - Event 1,Pro-am,Event,Prestatyn,Wales,2009,0.0
2345,Pontins Pro-Am - Event 2,Pro-am,Event,Prestatyn,Wales,2009,0.0
2346,Pontins Pro-Am - Event 3,Pro-am,Event,Prestatyn,Wales,2009,0.0
2347,Pontins Pro-Am - Event 4,Pro-am,Event,Prestatyn,Wales,2009,0.0
2348,Pontins Pro-Am - Grand Final,Pro-am,Event,Prestatyn,Wales,2009,0.0
2556,Swedish Amateur Championship,Amateur,National Championship,Unknown,Sweden,2009,0.0
1727,Welsh Amateur Championship,Amateur,National Championship,Unknown,Wales,2009,0.0
2991,Hungarian Amateur Championship,Amateur,National Championship,Budapest,Hungary,2010,0.0
18,UK Championship,Professional,Ranking,Telford,England,2010,624500.0
1088,World Amateur Championship - Men,Amateur,World Event,Damascus,Syria,2010,0.0
3038,Chinese National Championship,Pro-am,National Championship,Unknown,China,2010,0.0
1199,World Amateur Championship - Masters,Amateur,World Event,Damascus,Syria,2010,0.0
1207,World Amateur Championship - Women,Amateur,World Event,Damascus,Syria,2010,0.0
20,EPTC - Event 6,Professional,Minor Ranking,Prague,Czech Republic,2010,50000.0
2322,EPTC - Event 6 - Plate,Pro-am,Event,Prague,Czech Republic,2010,0.0
21,EPTC - Event 5,Professional,Minor Ranking,Hamm,Germany,2010,47800.0
2321,EPTC - Event 5 - Plate,Pro-am,Event,Hamm,Germany,2010,0.0
22,World Seniors Championship,Professional,Invitational,Bradford,England,2010,50000.0
2537,Ukrainian Amateur Championship,Amateur,National Championship,Kiev,Ukraine,2010,0.0
23,EPTC - Event 4,Professional,Minor Ranking,Gloucester,England,2010,48000.0
2320,EPTC - Event 4 - Plate,Pro-am,Event,Gloucester,England,2010,0.0
1492,German Amateur Championship,Amateur,National Championship,Bad Wildungen,Germany,2010,0.0
3306,German Amateur Championship - Masters,Amateur,National Championship,Bad Wildungen,Germany,2010,0.0
24,EPTC - Event 3,Professional,Minor Ranking,Rüsselsheim,Germany,2010,48000.0
2319,EPTC - Event 3 - Plate,Pro-am,Event,Rüsselsheim,Germany,2010,0.0
2529,Russian Amateur Championship,Amateur,National Championship,Tjumen,Russia,2010,0.0
1997,Australian Open Championship,Pro-am,Continental Event,Mt Pritchard,Australia,2010,0.0
25,PTC - Event 6,Professional,Minor Ranking,Sheffield,England,2010,50000.0
27,PTC - Event 5,Professional,Minor Ranking,Sheffield,England,2010,50000.0
28,EPTC - Event 2,Professional,Minor Ranking,Bruges,Belgium,2010,48000.0
2318,EPTC - Event 2 - Plate,Pro-am,Event,Bruges,Belgium,2010,0.0
1942,German Grand Prix - Final,Amateur,National Ranking,Unknown,Germany,2010,0.0
29,World Open,Professional,Ranking,Glasgow,Scotland,2010,502000.0
30,Shanghai Masters,Professional,Ranking,Shanghai,China,2010,318600.0
19,Premier League,Professional,League,Various,,2010,225000.0
3232,Papua New Guinea Amateur Championship,Amateur,National Championship,Port Moresby,Papua New Guinea,2010,0.0
31,EPTC - Event 1,Professional,Minor Ranking,Fürth,Germany,2010,47800.0
2317,EPTC - Event 1 - Plate,Pro-am,Event,Fürth,Germany,2010,0.0
32,PTC - Event 4,Professional,Minor Ranking,Sheffield,England,2010,50000.0
1998,Australian Amateur Championship,Amateur,National Championship,Melbourne,Australia,2010,0.0
33,PTC - Event 3,Professional,Minor Ranking,Sheffield,England,2010,50000.0
1169,World Under-21 Championship - Men,Amateur,World Event,Letterkenny,Ireland,2010,0.0
2316,Vienna Open,Pro-am,Event,Vienna,Austria,2010,0.0
3142,6-Reds World Championship,Professional,6-reds,Bangkok,Thailand,2010,0.0
36,PTC - Event 2,Professional,Minor Ranking,Sheffield,England,2010,50000.0
1687,United States Amateur Championship,Amateur,National Championship,San Gabriel,United States,2010,0.0
3030,Pink Ribbon,Pro-am,Event,Gloucester,England,2010,0.0
2158,German Grand Prix - Event 4,Amateur,National Ranking,Hamburg,Germany,2010,0.0
37,PTC - Event 1,Professional,Minor Ranking,Sheffield,England,2010,50000.0
39,Wuxi Classic,Professional,Invitational,Wuxi,China,2010,55000.0
3019,French Amateur Championship,Amateur,National Championship,Castres,France,2010,0.0
2157,German Grand Prix - Event 3,Amateur,National Ranking,Viersen,Germany,2010,0.0
43,European Championships - Masters,Amateur,Continental Event,Bucharest,Romania,2010,2148.0
41,European Championships - Men,Amateur,Continental Event,Bucharest,Romania,2010,4299.0
49,European Championships - Women,Amateur,Continental Event,Bucharest,Romania,2010,2065.0
1291,African Championship - Men,Amateur,Continental Event,Cairo,Egypt,2010,0.0
2867,Austrian Amateur Championship,Amateur,National Championship,Vienna,Austria,2010,0.0
1975,Belarus Amateur Championship,Amateur,National Championship,Minsk,Belarus,2010,0.0
56,PIOS - Event 8,Professional,Tour Qualifier,Prestatyn,Wales,2010,12500.0
1238,Asian Championship,Amateur,Continental Event,Chanthaburi,Thailand,2010,0.0
2845,Scottish Amateur Championship,Amateur,National Championship,Glasgow,Scotland,2010,0.0
1985,Latvia Amateur Championship,Amateur,National Championship,Riga,Latvia,2010,0.0
2992,Malaysian Amateur Championship,Amateur,National Championship,Petaling Jaya,Malaysia,2010,0.0
57,World Championship,Professional,Ranking,Sheffield,England,2010,1111000.0
2810,Channel Island Championship,Amateur,Event,Saint Helier,Jersey,2010,0.0
62,PIOS - Event 7,Professional,Tour Qualifier,Prestatyn,Wales,2010,13300.0
2519,Czech Amateur Championship,Amateur,National Championship,,Czech Republic,2010,0.0
2987,Swiss Amateur Championship,Amateur,National Championship,Zofingen,Switzerland,2010,0.0
2283,Womens World Championship,Amateur,World Event,Cambridge,England,2010,0.0
1374,Asian Under-21 Championship,Amateur,Continental Event,Indore,India,2010,0.0
60,China Open,Professional,Ranking,Beijing,China,2010,318270.0
1610,Norwegian Amateur Championship,Amateur,National Championship,Sarpsborg,Norway,2010,0.0
2370,Oceania Championship - Ladies,Amateur,Continental Event,Mt Pritchard,Australia,2010,0.0
1259,Oceania Championship,Amateur,Continental Event,Mount Pritchard,Australia,2010,0.0
2156,German Grand Prix - Event 2,Amateur,National Ranking,Rüsselsheim,Germany,2010,0.0
1223,European Championships - Under 19,Amateur,Continental Event,St. Paul's Bay,Malta,2010,0.0
73,PIOS - Event 6,Professional,Tour Qualifier,Prestatyn,Wales,2010,12660.0
59,Pro Challenge Series - Event 5,Professional,Non-ranking,Liverpool,England,2010,5000.0
2155,German Grand Prix - Event 1,Amateur,National Ranking,Elchingen,Germany,2010,0.0
58,Welsh Open,Professional,Ranking,Newport,Wales,2010,222200.0
74,Masters,Professional,Invitational,London,England,2010,486000.0
2396,3 Kings Open,Pro-am,Event,Rankweil,Austria,2010,0.0
2868,3 Kings Open,Pro-am,Event,Rankweil,Austria,2010,0.0
72,Championship League,Professional,League,Stock,England,2010,163000.0
1436,Belgian Amateur Championship,Amateur,National Championship,Mole,Belgium,2010,0.0
1470,Canadian Championship,Pro-am,National Championship,Toronto,Canada,2010,0.0
1590,Dutch Amateur Championship,Amateur,National Championship,Hertogenbosch,Netherlands,2010,0.0
3084,EBSA International Play-Off,Amateur,Event,Bucharest,Romania,2010,0.0
1910,English Amateur Championship,Amateur,National Championship,Various,England,2010,0.0
3149,Indian Amateur Championship,Amateur,National Championship,Unknown,India,2010,0.0
1525,Irish Amateur Championship,Amateur,National Championship,Unknown,Ireland,2010,0.0
1561,Malta Amateur Championship,Amateur,National Championship,Unknown,Malta,2010,0.0
3154,New Zealand Amateur Championship,Amateur,National Championship,Unknown,New Zealand,2010,0.0
2492,Northern Ireland Amateur Championship,Amateur,National Championship,,Northern Ireland,2010,0.0
1637,Polish Amateur Championship,Amateur,National Championship,Warsaw,Poland,2010,0.0
2555,Swedish Amateur Championship,Amateur,National Championship,Unknown,Sweden,2010,0.0
1728,Welsh Amateur Championship,Amateur,National Championship,Unknown,Wales,2010,0.0
244,PTC - Event 11,Professional,Minor Ranking,Sheffield,England,2011,50500.0
2528,Russian Amateur Championship,Amateur,National Championship,Tjumen,Russia,2011,0.0
222,UK Championship,Professional,Ranking,York,England,2011,625000.0
2141,Snookerbacker Classic 2012 - Qualifier 1 - Leeds,Amateur,Event,Leeds,England,2011,0.0
2850,Chinese National Championship,Pro-am,National Championship,Unknown,China,2011,0.0
3276,Pan American Championship,Amateur,Continental Event,La Paz,Bolivia,2011,0.0
1646,Scottish Amateur Championship,Amateur,National Championship,Glasgow,Scotland,2011,0.0
235,PTC - Event 10,Professional,Minor Ranking,Sheffield,England,2011,53000.0
3248,South East Asian Games,Amateur,Continental Event,Jakabaring,Indonesia,2011,0.0
1310,NSR - Event 4,Amateur,National Ranking,Hilversum,Netherlands,2011,0.0
225,PTC - Event 9,Professional,Minor Ranking,Antwerp,Belgium,2011,43000.0
1493,German Amateur Championship,Amateur,National Championship,Bad Wildungen,Germany,2011,0.0
3307,German Amateur Championship - Masters,Amateur,National Championship,Bad Wildungen,Germany,2011,0.0
178,World Seniors Championship,Professional,Non-ranking,Peterborough,England,2011,53000.0
2536,Ukrainian Amateur Championship,Amateur,National Championship,Kiev,Ukraine,2011,0.0
1086,World Amateur Championship - Men,Amateur,World Event,Bangalore,India,2011,0.0
198,PTC - Event 8,Professional,Minor Ranking,Killarney,Ireland,2011,43000.0
1309,NSR - Event 3,Amateur,National Ranking,Utrecht,Netherlands,2011,0.0
1995,Australian Open Championship,Pro-am,Continental Event,Mt Pritchard,Australia,2011,0.0
171,PTC - Event 7,Professional,Minor Ranking,Gloucester,England,2011,50000.0
164,PTC - Event 6,Professional,Minor Ranking,Warsaw,Poland,2011,43085.0
1308,NSR - Event 2,Amateur,National Ranking,Zaandam,Netherlands,2011,0.0
150,PTC - Event 5,Professional,Minor Ranking,Sheffield,England,2011,50000.0
1941,German Grand Prix - Final,Amateur,National Ranking,Köln,Germany,2011,0.0
135,Brazil Masters,Professional,Invitational,Florianópolis,Brazil,2011,132911.0
53,Shanghai Masters,Professional,Ranking,Shanghai,China,2011,350000.0
1307,NSR - Event 1,Amateur,National Ranking,Leiden,Netherlands,2011,0.0
67,PTC - Event 4,Professional,Minor Ranking,Fürth,Germany,2011,43500.0
63,PTC - Event 3,Professional,Minor Ranking,Sheffield,England,2011,50000.0
108,Premier League,Professional,League,Various,,2011,210000.0
1996,Australian Amateur Championship,Amateur,National Championship,Melbourne,Australia,2011,0.0
51,PTC - Event 2,Professional,Minor Ranking,Gloucester,England,2011,50000.0
52,Australian Open,Professional,Ranking,Bendigo,Australia,2011,289000.0
1168,World Under-21 Championship - Men,Amateur,World Event,Montreal,Canada,2011,0.0
50,Wuxi Classic,Professional,Invitational,Wuxi,China,2011,56000.0
3031,Pink Ribbon,Pro-am,Event,Gloucester,England,2011,0.0
1688,United States Amateur Championship,Amateur,National Championship,Brooklyn,United States,2011,0.0
2853,Austrian Amateur Championship,Amateur,National Championship,Graz,Austria,2011,0.0
1940,German Grand Prix - Event 4,Amateur,National Ranking,Landsberg,Germany,2011,0.0
2,PTC - Event 1,Professional,Minor Ranking,Sheffield,England,2011,50000.0
2870,African 6-red Championship,Amateur,Continental Event,Kairo,Egypt,2011,0.0
417,European Championships - Men,Amateur,Continental Event,Sofia,Bulgaria,2011,0.0
2224,European Championships - Women,Amateur,Continental Event,Sofia,Bulgaria,2011,0.0
1270,African Championship - Men,Amateur,Continental Event,Cairo,Egypt,2011,0.0
1211,European Championships - Masters,Amateur,Continental Event,Sofia,Bulgaria,2011,0.0
3233,Northern Ireland Amateur Championship,Amateur,National Championship,Unknown,Northern Ireland,2011,0.0
1611,Norwegian Amateur Championship,Amateur,National Championship,Sarpsborg,Norway,2011,0.0
47,Q School - Event 3,Professional,Tour Qualifier,Sheffield,England,2011,0.0
1974,Belarus Amateur Championship,Amateur,National Championship,Minsk,Belarus,2011,0.0
45,Q School - Event 2,Professional,Tour Qualifier,Sheffield,England,2011,0.0
1939,German Grand Prix - Event 3,Amateur,National Ranking,Viersen,Germany,2011,0.0
44,Q School - Event 1,Professional,Tour Qualifier,Sheffield,England,2011,0.0
3163,Iceland Amateur Championship,Amateur,National Championship,Unknown,Iceland,2011,0.0
2989,Scottish Amateur Championship,Amateur,National Championship,Clydebank,Scotland,2011,500.0
1984,Latvia Amateur Championship,Amateur,National Championship,Riga,Latvia,2011,0.0
1663,Swiss Amateur Championship,Amateur,National Championship,Münchenstein,Switzerland,2011,0.0
3,World Championship,Professional,Ranking,Sheffield,England,2011,1111000.0
2815,Channel Island Championship,Amateur,Event,St. Peter Port,Guernsey,2011,0.0
567,Scottish Professional Championship,Professional,Non-ranking,Clydebank,Scotland,2011,9500.0
2282,Womens World Championship,Amateur,World Event,Bury St Edmunds,England,2011,3160.0
1237,Asian Championship,Amateur,Continental Event,Indore,India,2011,0.0
1373,Asian Under-21 Championship,Amateur,Continental Event,Kish Island,Iran,2011,0.0
2518,Czech Amateur Championship,Amateur,National Championship,,Czech Republic,2011,0.0
1,China Open,Professional,Ranking,Beijing,China,2011,319075.0
13,PTC Grand Final,Professional,Ranking,Dublin,Ireland,2011,197500.0
1938,German Grand Prix - Event 2,Amateur,National Ranking,Rüsselsheim,Germany,2011,0.0
1222,European Championships - Under 21,Amateur,Continental Event,St. Paul's Bay,Malta,2011,0.0
2468,Oceania 6-red Championship,Amateur,6-reds,Auckland,New Zealand,2011,0.0
1258,Oceania Championship,Amateur,Continental Event,Auckland,New Zealand,2011,0.0
15,Welsh Open,Professional,Ranking,Newport,Wales,2011,201500.0
16,German Masters,Professional,Ranking,Berlin,Germany,2011,227105.0
1937,German Grand Prix - Event 1,Amateur,National Ranking,Hamburg,Germany,2011,0.0
42,Snooker Shootout,Professional,Invitational,Blackpool,England,2011,129500.0
17,Masters,Professional,Invitational,London,England,2011,500000.0
12,Championship League,Professional,League,Stock,England,2011,165800.0
1437,Belgian Amateur Championship,Amateur,National Championship,Duffel,Belgium,2011,0.0
1471,Canadian Championship,Pro-am,National Championship,Toronto,Canada,2011,0.0
1591,Dutch Amateur Championship,Amateur,National Championship,Hertogenbosch,Netherlands,2011,0.0
1911,English Amateur Championship,Amateur,National Championship,Various,England,2011,0.0
2219,Finnish Amateur Championship,Amateur,National Championship,,Finland,2011,0.0
3150,Indian Amateur Championship,Amateur,National Championship,Unknown,India,2011,0.0
1526,Irish Amateur Championship,Amateur,National Championship,Unknown,Ireland,2011,0.0
1562,Malta Amateur Championship,Amateur,National Championship,Unknown,Malta,2011,0.0
2015,New Zealand Amateur Championship,Amateur,National Championship,Unknown,New Zealand,2011,0.0
1638,Polish Amateur Championship,Amateur,National Championship,Zielona Gora,Poland,2011,0.0
2554,Swedish Amateur Championship,Amateur,National Championship,Unknown,Sweden,2011,0.0
1729,Welsh Amateur Championship,Amateur,National Championship,Unknown,Wales,2011,0.0
2792,Guernsey Amateur Championship,Amateur,National Championship,,Guernsey,2011,0.0
1337,NSR - Event 7,Amateur,National Ranking,Warmond,Netherlands,2012,0.0
2133,Snookerbacker Classic 2013 - Qualifier 4 - Leeds,Amateur,Event,Leeds,England,2012,0.0
544,European Tour - Event 5,Professional,Minor Ranking,Ravenscraig,Scotland,2012,54752.0
2527,Russian Amateur Championship,Amateur,National Championship,Tjumen,Russia,2012,0.0
548,EBSA Qualifying Tour - Scotland,Amateur,Tour Qualifier,Ravenscraig,Scotland,2012,0.0
1819,Hungarian Amateur Championship,Amateur,National Championship,Unknown,Hungary,2012,0.0
520,UK Championship,Professional,Ranking,York,England,2012,637500.0
1198,World Amateur Championship - Masters,Amateur,World Event,Sofia,Bulgaria,2012,0.0
1206,World Amateur Championship - Women,Amateur,World Event,Sofia,Bulgaria,2012,0.0
1085,World Amateur Championship - Men,Amateur,World Event,Sofia,Bulgaria,2012,2495.0
2535,Ukrainian Amateur Championship,Amateur,National Championship,Kiev,Ukraine,2012,0.0
518,European Tour - Event 4,Professional,Minor Ranking,Sofia,Bulgaria,2012,56736.0
536,EBSA Qualifying Tour - Bulgaria,Amateur,Tour Qualifier,Sofia,Bulgaria,2012,0.0
511,PTC - Event 4,Professional,Minor Ranking,Gloucester,England,2012,50000.0
501,APTC - Event 3,Professional,Minor Ranking,Zhengzhou,China,2012,50000.0
425,International Championship,Professional,Ranking,Chengdu,China,2012,575500.0
1336,NSR - Event 6,Amateur,National Ranking,Hilversum,Netherlands,2012,0.0
448,World Seniors Championship,Professional,Non-ranking,Portsmouth,England,2012,50000.0
1494,German Amateur Championship,Amateur,National Championship,Bad Wildungen,Germany,2012,0.0
3308,German Amateur Championship - Masters,Amateur,National Championship,Bad Wildungen,Germany,2012,0.0
479,European Tour - Event 3,Professional,Minor Ranking,Antwerp,Belgium,2012,54736.0
483,EBSA Qualifying Tour - Belgium,Amateur,Tour Qualifier,Antwerp,Belgium,2012,0.0
2134,Snookerbacker Classic 2013 - Qualifier 3 - Gloucester,Amateur,Event,Gloucester,England,2012,0.0
1993,Australian Open Championship,Pro-am,Continental Event,Mt Pritchard,Australia,2012,0.0
2135,Snookerbacker Classic 2013 - Qualifier 2 - Gloucester,Amateur,Event,Gloucester,England,2012,0.0
426,European Tour - Event 2,Professional,Minor Ranking,Gdynia,Poland,2012,54150.0
1335,NSR - Event 5,Amateur,National Ranking,Maassluis,Netherlands,2012,0.0
2136,Snookerbacker Classic 2013 - Qualifier 1 - Leeds,Amateur,Event,Leeds,England,2012,0.0
447,APTC - Event 2,Professional,Minor Ranking,Yixing,China,2012,50000.0
1936,German Grand Prix - Final,Amateur,National Ranking,Wuppertal,Germany,2012,0.0
384,Shanghai Masters,Professional,Ranking,Shanghai,China,2012,410000.0
1612,Norwegian Amateur Championship,Amateur,National Championship,Oslo,Norway,2012,0.0
1333,NSR - Event 4,Amateur,National Ranking,Den Haag,Netherlands,2012,0.0
430,PTC - Event 3,Professional,Minor Ranking,Gloucester,England,2012,50000.0
484,EBSA Qualifying Tour - Germany,Amateur,Tour Qualifier,Nuremberg,Germany,2012,0.0
424,European Tour - Event 1,Professional,Minor Ranking,Fürth,Germany,2012,55926.0
1994,Australian Amateur Championship,Amateur,National Championship,Melbourne,Australia,2012,0.0
427,Premier League,Professional,League,Various,,2012,224000.0
413,PTC - Event 2,Professional,Minor Ranking,Gloucester,England,2012,50000.0
381,PTC - Event 1,Professional,Minor Ranking,Gloucester,England,2012,50000.0
1167,World Under-21 Championship - Men,Amateur,World Event,Wuxi,China,2012,0.0
2315,Vienna Open,Pro-am,Event,Vienna,Austria,2012,0.0
366,Australian Open,Professional,Ranking,Bendigo,Australia,2012,277120.0
644,6-Reds World Championship,Professional,6-reds,Bangkok,Thailand,2012,122230.0
362,Wuxi Classic,Professional,Ranking,Wuxi,China,2012,399000.0
367,APTC - Event 1,Professional,Minor Ranking,Zhangjiagang,China,2012,49800.0
1738,Austrian Amateur Championship,Amateur,National Championship,Vienna,Austria,2012,0.0
1935,German Grand Prix - Event 4,Amateur,National Ranking,Köln,Germany,2012,0.0
612,Pink Ribbon,Pro-am,Event,Gloucester,England,2012,10000.0
388,European Championships - Men,Amateur,Continental Event,Daugavpils,Latvia,2012,0.0
2208,European Championships - Women,Amateur,Continental Event,Daugavpils,Latvia,2012,0.0
600,Canadian Championship,Pro-am,National Championship,Toronto,Canada,2012,0.0
1210,European Championships - Masters,Amateur,Continental Event,Daugavpils,Latvia,2012,0.0
2859,Sri Lanka Amateur Championship,Amateur,National Championship,Colombo,Sri Lanka,2012,0.0
1601,Northern Ireland Amateur Championship,Amateur,National Championship,Antrim,Northern Ireland,2012,0.0
1313,NSR - Event 3,Amateur,National Ranking,Warmond,Netherlands,2012,0.0
1973,Belarus Amateur Championship,Amateur,National Championship,Minsk,Belarus,2012,0.0
2235,Portuguese Amateur Championship,Amateur,National Championship,,Portugal,2012,0.0
358,Q School - Event 3,Professional,Tour Qualifier,Sheffield,England,2012,0.0
1689,United States Amateur Championship,Amateur,National Championship,San Gabriel,United States,2012,0.0
353,Q School - Event 2,Professional,Tour Qualifier,Sheffield,England,2012,0.0
348,Q School - Event 1,Professional,Tour Qualifier,Sheffield,England,2012,0.0
1236,Asian Championship,Amateur,Continental Event,Doha,Qatar,2012,0.0
1647,Scottish Amateur Championship,Amateur,National Championship,Glasgow,Scotland,2012,0.0
2990,Scottish Amateur Championship,Amateur,National Championship,Unknown,Scotland,2012,0.0
1312,NSR - Event 2,Amateur,National Ranking,Maassluis,Netherlands,2012,0.0
1934,German Grand Prix - Event 3,Amateur,National Ranking,Hamburg,Germany,2012,0.0
1664,Swiss Amateur Championship,Amateur,National Championship,Münchenstein,Switzerland,2012,0.0
2517,Czech Amateur Championship,Amateur,National Championship,,Czech Republic,2012,0.0
2281,Womens World Championship,Amateur,World Event,Cambridge,England,2012,1515.0
263,World Championship,Professional,Ranking,Sheffield,England,2012,1152500.0
1983,Latvia Amateur Championship,Amateur,National Championship,Riga,Latvia,2012,0.0
1311,NSR - Event 1,Amateur,National Ranking,Leiden,Netherlands,2012,0.0
1269,African Championship - Men,Amateur,Continental Event,Johannesburg,South Africa,2012,0.0
1372,Asian Under-21 Championship,Amateur,Continental Event,Goa,India,2012,0.0
307,China Open,Professional,Ranking,Beijing,China,2012,398500.0
321,PTC Grand Final,Professional,Ranking,Galway,Ireland,2012,242000.0
1933,German Grand Prix - Event 2,Amateur,National Ranking,Rüsselsheim,Germany,2012,0.0
1221,European Championships - Under 21,Amateur,Continental Event,Sofia,Bulgaria,2012,0.0
2467,Oceania 6-red Championship,Amateur,6-reds,Carnegie,Australia,2012,0.0
1257,Oceania Championship,Amateur,Continental Event,Carnegie,Australia,2012,0.0
265,World Open,Professional,Ranking,Haikou,China,2012,387300.0
2137,Snookerbacker Classic 2012 - Grand Finals,Amateur,Event,Gloucester,England,2012,2450.0
294,Welsh Open,Professional,Ranking,Newport,Wales,2012,201500.0
2138,Snookerbacker Classic 2012 - Qualifier 4 - Essex,Amateur,Event,Essex,England,2012,0.0
2139,Snookerbacker Classic 2012 - Qualifier 3 - Dublin,Amateur,Event,Dublin,Ireland,2012,0.0
233,German Masters,Professional,Ranking,Berlin,Germany,2012,235003.0
3037,Indian Amateur Championship,Amateur,National Championship,Unknown,India,2012,0.0
2140,Snookerbacker Classic 2012 - Qualifier 2 - Gloucester,Amateur,Event,Gloucester,England,2012,0.0
284,Snooker Shootout,Professional,Invitational,Blackpool,England,2012,130000.0
1932,German Grand Prix - Event 1,Amateur,National Ranking,Nürnberg,Germany,2012,0.0
271,Masters,Professional,Invitational,London,England,2012,500000.0
262,Championship League,Professional,League,Stock,England,2012,180100.0
243,PTC - Event 12,Professional,Minor Ranking,Fürstenfeldbruck,Germany,2012,50500.0
2395,3 Kings Open,Pro-am,Event,Rankweil,Austria,2012,0.0
1438,Belgian Amateur Championship,Amateur,National Championship,Gander,Belgium,2012,0.0
1592,Dutch Amateur Championship,Amateur,National Championship,Hertogenbosch,Netherlands,2012,0.0
1912,English Amateur Championship,Amateur,National Championship,Various,England,2012,0.0
2218,Finnish Amateur Championship,Amateur,National Championship,,Finland,2012,0.0
2182,Iceland Amateur Championship,Amateur,National Championship,,Iceland,2012,0.0
1527,Irish Amateur Championship,Amateur,National Championship,Unknown,Ireland,2012,0.0
1563,Malta Amateur Championship,Amateur,National Championship,Unknown,Malta,2012,0.0
1639,Polish Amateur Championship,Amateur,National Championship,Warsaw,Poland,2012,0.0
1657,Swedish Amateur Championship,Amateur,National Championship,Unknown,Sweden,2012,0.0
2019,Thailand Amateur Championship,Amateur,National Championship,Unknown,Thailand,2012,0.0
1730,Welsh Amateur Championship,Amateur,National Championship,Unknown,Wales,2012,0.0
2898,Guernsey Amateur Championship,Amateur,National Championship,Unknown,Guernsey,2012,0.0
3246,South East Asian Games,Amateur,Continental Event,Naypyidaw,Myanmar,2013,0.0
3247,South East Asian Games - 6-Reds - Men,Amateur,Continental Event,Naypyidaw,Myanmar,2013,0.0
2526,Russian Amateur Championship,Amateur,National Championship,Saint Petersburg,Russia,2013,0.0
991,Snookerbacker Classic 2014 - Qualifier 8 - Gloucester,Amateur,Event,Gloucester,England,2013,0.0
2534,Ukrainian Amateur Championship,Amateur,National Championship,Kiev,Ukraine,2013,0.0
1004,Snookerbacker Classic 2014 - Qualifier 7 - Leeds,Amateur,Event,Leeds,England,2013,0.0
1818,Hungarian Amateur Championship,Amateur,National Championship,Unknown,Hungary,2013,0.0
1003,Snookerbacker Classic 2014 - Qualifier 6 - Leeds,Amateur,Event,Leeds,England,2013,0.0
988,World Amateur Championship - Masters,Amateur,World Event,Daugavpils,Latvia,2013,0.0
985,World Amateur Championship - Men,Amateur,World Event,Daugavpils,Latvia,2013,0.0
986,World Amateur Championship - Women,Amateur,World Event,Daugavpils,Latvia,2013,0.0
984,UK Championship,Professional,Ranking,York,England,2013,755000.0
1002,Snookerbacker Classic 2014 - Qualifier 5 - Derby,Amateur,Event,Derby,England,2013,0.0
980,Champion of Champions,Professional,Invitational,Coventry,England,2013,270000.0
978,European Tour - Event 7,Professional,Minor Ranking,Antwerp,Belgium,2013,107657.0
979,EBSA Qualifying Tour - Belgium,Amateur,Tour Qualifier,Antwerp,Belgium,2013,0.0
976,European Tour - Event 6,Professional,Minor Ranking,Gloucester,England,2013,100400.0
977,EBSA Qualifying Tour - England 2,Amateur,Tour Qualifier,Gloucester,England,2013,0.0
969,International Championship,Professional,Ranking,Chengdu,China,2013,615000.0
974,Snookerbacker Classic 2014 - Qualifier 4 - Liverpool,Amateur,Event,Liverpool,England,2013,0.0
1001,Snookerbacker Classic 2014 - Qualifier 3 - Liverpool,Amateur,Event,Liverpool,England,2013,0.0
1495,German Amateur Championship,Amateur,National Championship,Bad Wildungen,Germany,2013,0.0
972,Asian Tour - Event 3,Professional,Minor Ranking,Zhengzhou,China,2013,49800.0
3309,German Amateur Championship - Masters,Amateur,National Championship,Bad Wildungen,Germany,2013,0.0
971,World Seniors Championship,Professional,Non-ranking,Portsmouth,England,2013,50000.0
961,Indian Open,Professional,Ranking,New Delhi,India,2013,300000.0
1991,Australian Open Championship,Pro-am,Continental Event,Mt Pritchard,Australia,2013,0.0
970,European Tour - Event 5,Professional,Minor Ranking,Mülheim,Germany,2013,104157.0
1190,IBSF 6-Reds World Championship - Men,Amateur,6-reds,Carlow,Ireland,2013,0.0
1189,IBSF 6-Reds World Championship - Women,Amateur,6-reds,Carlow,Ireland,2013,0.0
994,Snookerbacker Classic 2014 - Qualifier 2 - Gloucester,Amateur,Event,Gloucester,England,2013,0.0
987,Snookerbacker Classic 2014 - Qualifier 1 - Gloucester,Amateur,Event,Gloucester,England,2013,0.0
968,Asian Tour - Event 2,Professional,Minor Ranking,Zhangjiagang,China,2013,49600.0
3231,Papua New Guinea Amateur Championship,Amateur,National Championship,Port Moresby,Papua New Guinea,2013,0.0
960,Shanghai Masters,Professional,Ranking,Shanghai,China,2013,423000.0
967,6-Reds World Championship,Professional,6-reds,Bangkok,Thailand,2013,120000.0
966,EBSA Qualifying Tour - Germany,Amateur,Tour Qualifier,Nuremberg,Germany,2013,0.0
965,European Tour - Event 4,Professional,Minor Ranking,Fürth,Germany,2013,104157.0
1992,Australian Amateur Championship,Amateur,National Championship,Melbourne,Australia,2013,0.0
963,European Tour - Event 3,Professional,Minor Ranking,Doncaster,England,2013,100400.0
962,EBSA Qualifying Tour - England,Amateur,Tour Qualifier,Doncaster,England,2013,0.0
2480,World Games,Pro-am,World Event,Cali,Colombia,2013,0.0
953,European Tour - Event 2,Professional,Minor Ranking,Rotterdam,Netherlands,2013,104157.0
1115,World Under-21 Championship - Men,Amateur,World Event,Beijing,China,2013,0.0
805,Australian Open,Professional,Ranking,Bendigo,Australia,2013,273398.0
2314,Vienna Open,Pro-am,Event,Vienna,Austria,2013,0.0
3032,Pink Ribbon,Pro-am,Event,Gloucester,England,2013,0.0
2794,Asian Indoor Games - 6-Reds Men,Pro-am,Continental Event,Incheon,South Korea,2013,0.0
2793,Asian Indoor Games - 6-Reds Women,Amateur,Continental Event,Incheon,South Korea,2013,0.0
2795,Asian Indoor Games - Men,Pro-am,Continental Event,Incheon,South Korea,2013,0.0
2236,Portuguese Amateur Championship,Amateur,National Championship,,Portugal,2013,0.0
2231,Slovakian Amateur Championship,Amateur,National Championship,Bratislava,Slovakia,2013,0.0
2877,African 6-red Championship,Amateur,6-reds,Marrakech,Morocco,2013,0.0
791,Wuxi Classic,Professional,Ranking,Wuxi,China,2013,474000.0
1931,German Grand Prix - Event 5,Amateur,National Ranking,Hamburg,Germany,2013,0.0
831,Asian Tour - Event 1,Professional,Minor Ranking,Yixing,China,2013,50000.0
825,European Tour - Event 1,Professional,Minor Ranking,Sofia,Bulgaria,2013,104157.0
1268,African Championship - Men,Amateur,Continental Event,Marrakech,Morocco,2013,0.0
2766,Malaysian Amateur Championship,Amateur,National Championship,Kuala Lumpur,Malaysia,2013,0.0
1106,European Championships - Masters,Amateur,Continental Event,Zielona Gora,Poland,2013,0.0
1104,European Championships - Men,Amateur,Continental Event,Zielona Gora,Poland,2013,0.0
1105,European Championships - Women,Amateur,Continental Event,Zielona Gora,Poland,2013,0.0
1737,Austrian Amateur Championship,Amateur,National Championship,Vienna,Austria,2013,0.0
1528,Irish Amateur Championship,Amateur,National Championship,Carlow,Ireland,2013,0.0
1690,United States Amateur Championship,Amateur,National Championship,Houston,United States,2013,0.0
768,Q School - Event 3,Professional,Tour Qualifier,Sheffield,England,2013,0.0
1930,German Grand Prix - Event 4,Amateur,National Ranking,Wuppertal,Germany,2013,0.0
758,Q School - Event 2,Professional,Tour Qualifier,Sheffield,England,2013,0.0
1972,Belarus Amateur Championship,Amateur,National Championship,Minsk,Belarus,2013,0.0
2217,Finnish Amateur Championship,Amateur,National Championship,,Finland,2013,0.0
748,Q School - Event 1,Professional,Tour Qualifier,Sheffield,England,2013,0.0
1613,Norwegian Amateur Championship,Amateur,National Championship,Sarpsborg,Norway,2013,0.0
1235,Asian Championship,Amateur,Continental Event,Karachi,Pakistan,2013,0.0
3162,Iceland Amateur Championship,Amateur,National Championship,Unknown,Iceland,2013,0.0
713,EBSA Qualifying Tour - Play-offs,Amateur,Tour Qualifier,Sheffield,England,2013,0.0
1929,German Grand Prix - Event 3,Amateur,National Ranking,München,Germany,2013,0.0
1982,Latvia Amateur Championship,Amateur,National Championship,Riga,Latvia,2013,0.0
1913,English Amateur Championship,Amateur,National Championship,Various,England,2013,0.0
1665,Swiss Amateur Championship,Amateur,National Championship,Bern,Switzerland,2013,0.0
681,World Championship,Professional,Ranking,Sheffield,England,2013,1111000.0
2816,Channel Island Championship,Amateur,Event,St. Peter Port,Guernsey,2013,0.0
2280,Womens World Championship,Amateur,World Event,Cambridge,England,2013,600.0
1371,Asian Under-21 Championship,Amateur,Continental Event,Indore,India,2013,0.0
2170,Danish Amateur Championship,Amateur,National Championship,Unknown,Denmark,2013,0.0
560,China Open,Professional,Ranking,Beijing,China,2013,431000.0
1118,European Championships - Under 21,Amateur,Continental Event,Bor,Serbia,2013,0.0
1256,Oceania Championship,Amateur,Continental Event,Port Moresby,Papua New Guinea,2013,0.0
640,PTC Grand Final,Professional,Ranking,Galway,Ireland,2013,301000.0
1928,German Grand Prix - Event 2,Amateur,National Ranking,Rüsselsheim,Germany,2013,0.0
2516,Czech Amateur Championship,Amateur,National Championship,,Czech Republic,2013,0.0
2843,Pakistan Amateur Championship,Amateur,National Championship,Karachi,Pakistan,2013,0.0
549,World Open,Professional,Ranking,Haikou,China,2013,419000.0
844,Snookerbacker Classic 2013 - Grand Finals,Amateur,Event,Leeds,England,2013,1200.0
867,Snookerbacker Classic 2013 - Qualifier 6 - Gloucester,Amateur,Event,Gloucester,England,2013,0.0
608,Welsh Open,Professional,Ranking,Newport,Wales,2013,244000.0
530,German Masters,Professional,Ranking,Berlin,Germany,2013,289739.0
2132,Snookerbacker Classic 2013 - Qualifier 5 - Leeds,Amateur,Event,Leeds,England,2013,0.0
594,Snooker Shootout,Professional,Invitational,Blackpool,England,2013,130000.0
565,Masters,Professional,Invitational,London,England,2013,500000.0
1927,German Grand Prix - Event 1,Amateur,National Ranking,Dortmund,Germany,2013,0.0
566,Dutch Open,Pro-am,Event,Den Bosch,Netherlands,2013,1828.0
557,Championship League,Professional,League,Stock,England,2013,177301.0
528,European Tour - Event 6,Professional,Minor Ranking,Fürstenfeldbruck,Germany,2013,70000.0
2394,3 Kings Open,Pro-am,Event,Rankweil,Austria,2013,0.0
1439,Belgian Amateur Championship,Amateur,National Championship,Lanklaar,Belgium,2013,0.0
1472,Canadian Championship,Pro-am,National Championship,Toronto,Canada,2013,0.0
1593,Dutch Amateur Championship,Amateur,National Championship,Warmond,Netherlands,2013,0.0
2798,Guernsey Amateur Championship,Amateur,National Championship,,Guernsey,2013,0.0
3151,Indian Amateur Championship,Amateur,National Championship,Unknown,India,2013,0.0
2849,Israel Amateur Championship,Amateur,National Championship,Ashdod,Israel,2013,0.0
1564,Malta Amateur Championship,Amateur,National Championship,Unknown,Malta,2013,0.0
2014,New Zealand Amateur Championship,Amateur,National Championship,Royal Oak,New Zealand,2013,0.0
2144,Northern Ireland Amateur Championship,Amateur,National Championship,Unknown,Northern Ireland,2013,0.0
1640,Polish Amateur Championship,Amateur,National Championship,Wrocław,Poland,2013,0.0
1648,Scottish Amateur Championship,Amateur,National Championship,Unknown,Scotland,2013,0.0
2164,South African Amateur Championship,Amateur,National Championship,Unknown,South Africa,2013,0.0
1658,Swedish Amateur Championship,Amateur,National Championship,Unknown,Sweden,2013,0.0
2018,Thailand Amateur Championship,Amateur,National Championship,Unknown,Thailand,2013,0.0
1731,Welsh Amateur Championship,Amateur,National Championship,Unknown,Wales,2013,0.0
2773,Kyrgyzstan Amateur Championship,Amateur,National Championship,Unknown,Kyrgyzstan,2014,0.0
1071,European Tour - Event 5,Professional,Minor Ranking,Lisbon,Portugal,2014,104657.0
2525,Russian Amateur Championship,Amateur,National Championship,Saint Petersburg,Russia,2014,0.0
1338,NSR - Event 1,Amateur,National Ranking,Leiden,Netherlands,2014,0.0
1321,Snookerbacker Classic 2015 - Qualifier 6 - Leeds,Amateur,Event,Leeds,England,2014,0.0
1817,Hungarian Amateur Championship,Amateur,National Championship,Unknown,Hungary,2014,0.0
1322,Snookerbacker Classic 2015 - Qualifier 5 - Leeds,Amateur,Event,Leeds,England,2014,0.0
2533,Ukrainian Amateur Championship,Amateur,National Championship,Kiev,Ukraine,2014,0.0
1069,UK Championship,Professional,Ranking,York,England,2014,740000.0
1065,European Tour - Event 4,Professional,Minor Ranking,Mülheim,Germany,2014,105157.0
1496,German Amateur Championship,Amateur,National Championship,Bad Wildungen,Germany,2014,0.0
1068,World Amateur Championship - Masters,Amateur,World Event,Bangalore,India,2014,0.0
1066,World Amateur Championship - Men,Amateur,World Event,Bangalore,India,2014,0.0
1067,World Amateur Championship - Women,Amateur,World Event,Bangalore,India,2014,0.0
3310,German Amateur Championship - Masters,Amateur,National Championship,Bad Wildungen,Germany,2014,0.0
1323,Snookerbacker Classic 2015 - Qualifier 4 - Preston,Amateur,Event,Preston,England,2014,0.0
1064,Snookerbacker Classic 2015 - Qualifier 3 - Liverpool,Amateur,Event,Liverpool,England,2014,0.0
1063,Champion of Champions,Professional,Invitational,Coventry,England,2014,270000.0
1325,Snookerbacker Classic 2015 - Qualifier 2 - Gloucester,Amateur,Event,Gloucester,England,2014,0.0
1326,Snookerbacker Classic 2015 - Qualifier 1 - Gloucester,Amateur,Event,Gloucester,England,2014,0.0
1058,International Championship,Professional,Ranking,Chengdu,China,2014,628000.0
1060,Asian Tour - Event 2,Professional,Minor Ranking,Haining,China,2014,51000.0
1989,Australian Open Championship,Pro-am,Continental Event,Mt Pritchard,Australia,2014,0.0
1059,European Tour - Event 3,Professional,Minor Ranking,Sofia,Bulgaria,2014,104157.0
1053,Shanghai Masters,Professional,Ranking,Shanghai,China,2014,456000.0
1055,6-Reds World Championship,Professional,6-reds,Bangkok,Thailand,2014,159375.0
3254,Papua New Guinea Amateur Championship,Amateur,National Championship,Unknown,Papua New Guinea,2014,0.0
1054,European Tour - Event 2,Professional,Minor Ranking,Fürth,Germany,2014,105657.0
1990,Australian Amateur Championship,Amateur,National Championship,Melbourne,Australia,2014,0.0
1052,European Tour - Event 1,Professional,Minor Ranking,Riga,Latvia,2014,104157.0
2995,Malaysian Amateur Championship,Amateur,National Championship,Kuala Lumpur,Malaysia,2014,0.0
3033,Pink Ribbon,Pro-am,Event,Gloucester,England,2014,0.0
1049,Australian Open,Professional,Ranking,Bendigo,Australia,2014,277443.0
1048,Wuxi Classic,Professional,Ranking,Wuxi,China,2014,466500.0
1926,German Grand Prix - Event 6,Amateur,National Ranking,Hannover,Germany,2014,0.0
1187,IBSF 6-Reds World Championship - Men,Amateur,6-reds,Sharm el-Sheikh,Egypt,2014,0.0
1188,IBSF 6-Reds World Championship - Women,Amateur,6-reds,Sharm el-Sheikh,Egypt,2014,0.0
1050,Asian Tour - Event 1,Professional,Minor Ranking,Yixing,China,2014,50000.0
1401,Asian Under-21 Championship,Amateur,Continental Event,Chandigarh,India,2014,0.0
2234,Portuguese Amateur Championship,Amateur,National Championship,Estoril,Portugal,2014,0.0
2553,Swedish Amateur Championship,Amateur,National Championship,Stockholm,Sweden,2014,0.0
1109,European Championships - Masters,Amateur,Continental Event,Sofia,Bulgaria,2014,0.0
1107,European Championships - Men,Amateur,Continental Event,Sofia,Bulgaria,2014,0.0
1108,European Championships - Women,Amateur,Continental Event,Sofia,Bulgaria,2014,0.0
1614,Norwegian Amateur Championship,Amateur,National Championship,Trondheim,Norway,2014,0.0
2857,Japanese Amateur Championship,Amateur,National Championship,Unknown,Japan,2014,0.0
1691,United States Amateur Championship,Amateur,National Championship,Brooklyn,United States,2014,0.0
2515,Czech Amateur Championship,Amateur,National Championship,Prague,Czech Republic,2014,0.0
1925,German Grand Prix - Event 5,Amateur,National Ranking,Berlin,Germany,2014,0.0
1666,Swiss Amateur Championship,Amateur,National Championship,Unterentfelden,Switzerland,2014,0.0
1047,Q School - Event 2,Professional,Tour Qualifier,Gloucester,England,2014,0.0
1971,Belarus Amateur Championship,Amateur,National Championship,Minsk,Belarus,2014,0.0
2194,Estonian Amateur Championship,Amateur,National Championship,Tallinn,Estonia,2014,0.0
1046,Q School - Event 1,Professional,Tour Qualifier,Gloucester,England,2014,0.0
1114,World Under-21 Championship - Men,Amateur,World Event,Al Fujairah,United Arab Emirates,2014,0.0
1113,World Under-21 Championship - Women,Amateur,World Event,Al Fujairah,United Arab Emirates,2014,0.0
2382,Vienna Open,Pro-am,Event,Vienna,Austria,2014,0.0
2230,Slovakian Amateur Championship,Amateur,National Championship,,Slovakia,2014,0.0
3323,Iceland Amateur Championship,Amateur,National Championship,Reykjavik,Iceland,2014,0.0
2115,Scottish Amateur Championship,Amateur,National Championship,Unknown,Scotland,2014,0.0
1398,Asian Championship,Amateur,Continental Event,Al Fujairah,United Arab Emirates,2014,0.0
2279,Womens World Championship,Amateur,World Event,Leeds,England,2014,4900.0
1042,World Championship,Professional,Ranking,Sheffield,England,2014,1214000.0
1044,EBSA Qualifying Tour - Play-offs,Professional,Tour Qualifier,Sheffield,England,2014,0.0
1924,German Grand Prix - Event 4,Amateur,National Ranking,München,Germany,2014,0.0
1641,Polish Amateur Championship,Amateur,National Championship,Wrocław,Poland,2014,0.0
2811,Channel Island Championship,Amateur,Event,,Jersey,2014,0.0
2171,Danish Amateur Championship,Amateur,National Championship,Copenhagen,Denmark,2014,0.0
2145,Northern Ireland Amateur Championship,Amateur,National Championship,Unknown,Northern Ireland,2014,0.0
1403,Oceania Championship,Amateur,Continental Event,Albury,Australia,2014,0.0
1033,China Open,Professional,Ranking,Beijing,China,2014,479000.0
1041,Players Championship Grand Final,Professional,Ranking,Preston,England,2014,300000.0
1117,European Championships - Under 21,Amateur,Continental Event,Bucharest,Romania,2014,0.0
1981,Latvia Amateur Championship,Amateur,National Championship,Riga,Latvia,2014,0.0
997,World Open,Professional,Ranking,Haikou,China,2014,479000.0
1923,German Grand Prix - Event 3,Amateur,National Ranking,Rüsselsheim,Germany,2014,0.0
1040,Asian Tour - Event 4,Professional,Minor Ranking,Dongguan,China,2014,50000.0
1039,Snookerbacker Classic 2014 - Grand Finals,Amateur,Event,Gloucester,England,2014,2600.0
1036,Snookerbacker Classic 2014 - Qualifier 11 - Gloucester,Amateur,Event,Gloucester,England,2014,0.0
1035,Welsh Open,Professional,Ranking,Newport,Wales,2014,310000.0
1034,Snookerbacker Classic 2014 - Qualifier 10 - Liverpool,Amateur,Event,Liverpool,England,2014,0.0
1922,German Grand Prix - Event 2,Amateur,National Ranking,Wuppertal,Germany,2014,0.0
1026,European Tour - Event 8,Professional,Minor Ranking,Gdynia,Poland,2014,104657.0
1027,Snookerbacker Classic 2014 - Qualifier 9 - Leeds,Amateur,Event,Leeds,England,2014,0.0
992,German Masters,Professional,Ranking,Berlin,Germany,2014,281669.0
1022,Snooker Shootout,Professional,Invitational,Blackpool,England,2014,129500.0
1921,German Grand Prix - Event 1,Amateur,National Ranking,Dortmund,Germany,2014,0.0
1008,Masters,Professional,Invitational,London,England,2014,600000.0
1005,Championship League,Professional,League,Stock,England,2014,178300.0
2393,3 Kings Open,Pro-am,Event,Rankweil,Austria,2014,0.0
1440,Belgian Amateur Championship,Amateur,National Championship,Dilsen-Stokkem,Belgium,2014,0.0
1473,Canadian Championship,Pro-am,National Championship,Toronto,Canada,2014,0.0
1594,Dutch Amateur Championship,Amateur,National Championship,Maassluis,Netherlands,2014,0.0
1914,English Amateur Championship,Amateur,National Championship,Various,England,2014,0.0
1480,Finnish Amateur Championship,Amateur,National Championship,Unknown,Finland,2014,0.0
2799,Guernsey Amateur Championship,Amateur,National Championship,,Guernsey,2014,0.0
3152,Indian Amateur Championship,Amateur,National Championship,Unknown,India,2014,0.0
1529,Irish Amateur Championship,Amateur,National Championship,Unknown,Ireland,2014,0.0
1565,Malta Amateur Championship,Amateur,National Championship,Unknown,Malta,2014,0.0
2013,New Zealand Amateur Championship,Amateur,National Championship,Auckland,New Zealand,2014,0.0
1732,Welsh Amateur Championship,Amateur,National Championship,Unknown,Wales,2014,0.0
1365,ClickSite Grand Prix - Event 3,Amateur,6-reds,Den Bosch,Netherlands,2015,0.0
1345,European Tour - Event 5,Professional,Minor Ranking,Gibraltar,Gibraltar,2015,97250.0
1344,Snookerbacker Classic 2016 - Qualifier 4 - Leeds,Amateur,Event,Leeds,England,2015,0.0
2152,German Grand Prix - Event 7,Amateur,National Ranking,Rüsselsheim,Germany,2015,0.0
1816,Hungarian Amateur Championship,Amateur,National Championship,Unknown,Hungary,2015,0.0
1343,Snookerbacker Classic 2016 - Qualifier 3 - Derby,Amateur,Event,Derby,England,2015,0.0
2173,Malaysian Amateur Championship,Amateur,National Championship,Kuala Lumpur,Malaysia,2015,0.0
1334,UK Championship,Professional,Ranking,York,England,2015,772000.0
1497,German Amateur Championship,Amateur,National Championship,Bad Wildungen,Germany,2015,0.0
3311,German Amateur Championship - Masters,Amateur,National Championship,Bad Wildungen,Germany,2015,0.0
1347,ClickSite Grand Prix - Event 2,Amateur,National Ranking,Leiden,Netherlands,2015,0.0
1332,Champion of Champions,Professional,Invitational,Coventry,England,2015,300000.0
1331,World Amateur Championship - Masters,Amateur,World Event,Hurghada,Egypt,2015,0.0
1329,World Amateur Championship - Men,Amateur,World Event,Hurghada,Egypt,2015,0.0
1330,World Amateur Championship - Women,Amateur,World Event,Hurghada,Egypt,2015,0.0
1328,European Tour - Event 4,Professional,Minor Ranking,Sofia,Bulgaria,2015,93750.0
2239,Ukrainian Amateur Championship,Amateur,National Championship,Kiev,Ukraine,2015,0.0
1327,Snookerbacker Classic 2016 - Qualifier 2 - Clydebank,Amateur,Event,Clydebank,Scotland,2015,0.0
1298,International Championship,Professional,Ranking,Daqing,China,2015,660000.0
1305,Asian Tour - Event 1,Professional,Minor Ranking,Haining,China,2015,70000.0
1314,Snookerbacker Classic 2016 - Qualifier 1 - Liverpool,Amateur,Event,Liverpool,England,2015,0.0
1988,Australian Open Championship,Pro-am,Continental Event,Mt Pritchard,Australia,2015,0.0
2524,Russian Amateur Championship,Amateur,National Championship,Saint Petersburg,Russia,2015,0.0
1346,ClickSite Grand Prix - Event 1,Amateur,National Ranking,Warmond,Netherlands,2015,0.0
1304,European Tour - Event 3,Professional,Minor Ranking,Mülheim,Germany,2015,93750.0
1302,World Under-18 Championship - Men,Amateur,World Event,St Petersburg,Russia,2015,0.0
1303,World Under-18 Championship - Women,Amateur,World Event,St Petersburg,Russia,2015,0.0
1532,Italian Amateur Championship,Amateur,National Championship,Unknown,Italy,2015,0.0
1184,Shanghai Masters,Professional,Ranking,Shanghai,China,2015,453200.0
1272,6-Reds World Championship,Professional,6-reds,Bangkok,Thailand,2015,143992.0
3166,Papua New Guinea Amateur Championship,Amateur,National Championship,Unknown,Papua New Guinea,2015,0.0
1271,European Tour - Event 2,Professional,Minor Ranking,Fürth,Germany,2015,93750.0
1987,Australian Amateur Championship,Amateur,National Championship,Melbourne,Australia,2015,0.0
1185,IBSF 6-Reds World Championship - Men,Amateur,6-reds,Karachi,Pakistan,2015,0.0
1186,IBSF 6-Reds World Championship - Women,Amateur,6-reds,Karachi,Pakistan,2015,0.0
2846,Singapore Amateur Championship,Amateur,National Championship,Unknown,Singapore,2015,0.0
1110,European Tour - Event 1,Professional,Minor Ranking,Riga,Latvia,2015,93750.0
1111,World Under-21 Championship - Men,Amateur,World Event,Bucharest,Romania,2015,0.0
1112,World Under-21 Championship - Women,Amateur,World Event,Bucharest,Romania,2015,0.0
2012,New Zealand Amateur Championship,Amateur,National Championship,Hamilton,New Zealand,2015,0.0
3034,Pink Ribbon,Pro-am,Event,Gloucester,England,2015,0.0
1100,Australian Open,Professional,Ranking,Bendigo,Australia,2015,261145.0
1734,French Amateur Championship,Amateur,National Championship,Lyon,France,2015,0.0
1920,German Grand Prix - Event 6,Amateur,National Ranking,Hannover,Germany,2015,0.0
3245,South East Asian Games,Amateur,Continental Event,Singapore,Singapore,2015,0.0
1103,European Championships - Masters,Amateur,Continental Event,Prague,Czech Republic,2015,0.0
1101,European Championships - Men,Amateur,Continental Event,Prague,Czech Republic,2015,0.0
1102,European Championships - Women,Amateur,Continental Event,Prague,Czech Republic,2015,0.0
1919,German Grand Prix - Event 5,Amateur,National Ranking,Hamburg,Germany,2015,0.0
1615,Norwegian Amateur Championship,Amateur,National Championship,Oslo,Norway,2015,0.0
2764,Japanese Amateur Championship,Amateur,National Championship,Unknown,Japan,2015,0.0
1692,United States Amateur Championship,Amateur,National Championship,Brooklyn,United States,2015,0.0
2233,Portuguese Amateur Championship,Amateur,National Championship,Estoril,Portugal,2015,0.0
1099,Q School - Event 2,Professional,Tour Qualifier,Burton on Trent,England,2015,0.0
1980,Latvia Amateur Championship,Amateur,National Championship,Unknown,Latvia,2015,0.0
1342,NSR - Event 4,Amateur,National Ranking,Leiden,Netherlands,2015,0.0
1667,Swiss Amateur Championship,Amateur,National Championship,Glattbrugg,Switzerland,2015,0.0
1098,Q School - Event 1,Professional,Tour Qualifier,Burton on Trent,England,2015,0.0
2552,Swedish Amateur Championship,Amateur,National Championship,Stockholm,Sweden,2015,0.0
2514,Czech Amateur Championship,Amateur,National Championship,Prague,Czech Republic,2015,0.0
2193,Estonian Amateur Championship,Amateur,National Championship,Tallinn,Estonia,2015,0.0
2383,Vienna Open,Pro-am,Event,Vienna,Austria,2015,0.0
2881,African 6-red Championship,Amateur,6-reds,Tunis,Tunisia,2015,0.0
2879,African Championship - Masters,Amateur,Continental Event,Tunis,Tunisia,2015,0.0
2175,African Championship - Men,Amateur,Continental Event,Tunis,Tunisia,2015,0.0
2878,African Championship - Women,Amateur,Continental Event,Tunis,Tunisia,2015,0.0
2229,Slovakian Amateur Championship,Amateur,National Championship,Bratislava,Slovakia,2015,0.0
1970,Belarus Amateur Championship,Amateur,National Championship,Minsk,Belarus,2015,0.0
3161,Iceland Amateur Championship,Amateur,National Championship,Unknown,Iceland,2015,0.0
1918,German Grand Prix - Event 4,Amateur,National Ranking,Dresden,Germany,2015,0.0
1297,Asian Championship,Amateur,Continental Event,Kuala Lumpur,Malaysia,2015,0.0
2278,Womens World Championship,Amateur,World Event,Leeds,England,2015,0.0
1095,World Championship,Professional,Ranking,Sheffield,England,2015,1364000.0
2817,Channel Island Championship,Amateur,Event,Saint Sampson,Guernsey,2015,0.0
1642,Polish Amateur Championship,Amateur,National Championship,Lublin,Poland,2015,0.0
1096,EBSA Amateur Play Offs,Professional,Tour Qualifier,Sheffield,England,2015,0.0
1384,Asian Under-21 Championship,Amateur,Continental Event,Beijing,China,2015,0.0
1315,Snookerbacker Classic 2015 - Grand Finals,Amateur,Event,Gloucester,England,2015,0.0
2172,Danish Amateur Championship,Amateur,National Championship,Copenhagen,Denmark,2015,0.0
1498,Guernsey Amateur Championship,Amateur,National Championship,Unknown,Guernsey,2015,0.0
2146,Northern Ireland Amateur Championship,Amateur,National Championship,Unknown,Northern Ireland,2015,0.0
1081,China Open,Professional,Ranking,Beijing,China,2015,478000.0
1316,Snookerbacker Classic 2015 - Qualifier 11 - Last Chance Saloon,Amateur,Event,Gloucester,England,2015,0.0
1404,Oceania Championship,Amateur,Continental Event,Auckland,New Zealand,2015,0.0
1093,Players Championship Grand Final,Professional,Ranking,Bangkok,Thailand,2015,348000.0
1116,European Championships - Under 21,Amateur,Continental Event,St Pauli's Bay,Malta,2015,0.0
1301,German Grand Prix - Event 3,Amateur,National Ranking,Rüsselsheim,Germany,2015,0.0
1090,World Grand Prix,Professional,Invitational,Llandudno,Wales,2015,300000.0
1317,Snookerbacker Classic 2015 - Qualifier 10 - Liverpool,Amateur,Event,Liverpool,England,2015,0.0
1080,Indian Open,Professional,Ranking,Mumbai,India,2015,296000.0
1340,NSR - Event 3,Amateur,National Ranking,Maassluis,Netherlands,2015,0.0
1318,Snookerbacker Classic 2015 - Qualifier 9 - Derby,Amateur,Event,Derby,England,2015,0.0
1087,Snooker Shootout,Professional,Invitational,Blackpool,England,2015,130000.0
1073,World Seniors Championship,Professional,Non-ranking,Blackpool,England,2015,50000.0
1084,European Tour - Event 6,Professional,Minor Ranking,Gdynia,Poland,2015,104157.0
1319,Snookerbacker Classic 2015 - Qualifier 8 - Gloucester,Amateur,Event,Gloucester,England,2015,0.0
1300,German Grand Prix - Event 2,Amateur,National Ranking,Munich,Germany,2015,0.0
1320,Snookerbacker Classic 2015 - Qualifier 7 - Gloucester,Amateur,Event,Gloucester,England,2015,0.0
1083,Welsh Open,Professional,Ranking,Cardiff,Wales,2015,300000.0
1082,Nordic Snooker Championship,Amateur,Continental Event,Oslo,Norway,2015,0.0
1072,German Masters,Professional,Ranking,Berlin,Germany,2015,283844.0
2177,Pakistan Amateur Championship,Amateur,National Championship,Karachi,Pakistan,2015,0.0
3277,Pan American Championship,Amateur,Continental Event,La Paz,Bolivia,2015,0.0
1736,Austrian Amateur Championship,Amateur,National Championship,Graz,Austria,2015,0.0
1079,Asian Tour - Event 3,Professional,Minor Ranking,Xuzhou,China,2015,50000.0
1078,Masters,Professional,Invitational,London,England,2015,600000.0
1339,NSR - Event 2,Amateur,National Ranking,Emmen,Netherlands,2015,0.0
1299,German Grand Prix - Event 1,Amateur,National Ranking,Berlin,Germany,2015,0.0
1077,Championship League,Professional,League,Stock,England,2015,180300.0
2392,3 Kings Open,Pro-am,Event,Rankweil,Austria,2015,0.0
2174,Bahrain Amateur Championship,Amateur,National Championship,Unknown,Bahrain,2015,0.0
1441,Belgian Amateur Championship,Amateur,National Championship,Sint-Truiden,Belgium,2015,0.0
1474,Canadian Championship,Pro-am,National Championship,Toronto,Canada,2015,0.0
2162,Dutch Amateur Championship,Amateur,National Championship,Unknown,Netherlands,2015,0.0
1915,English Amateur Championship,Amateur,National Championship,Various,England,2015,0.0
1481,Finnish Amateur Championship,Amateur,National Championship,Unknown,Finland,2015,0.0
3153,Indian Amateur Championship,Amateur,National Championship,Unknown,India,2015,0.0
1530,Irish Amateur Championship,Amateur,National Championship,Unknown,Ireland,2015,0.0
3020,Jersey Amateur Championship,Amateur,National Championship,Unknown,Jersey,2015,0.0
1566,Malta Amateur Championship,Amateur,National Championship,Unknown,Malta,2015,0.0
1649,Scottish Amateur Championship,Amateur,National Championship,Unknown,Scotland,2015,0.0
2752,Sri Lanka Amateur Championship,Amateur,National Championship,Colombo,Sri Lanka,2015,0.0
1733,Welsh Amateur Championship,Amateur,National Championship,Unknown,Wales,2015,0.0
2261,Scottish Open,Professional,Ranking,Glasgow,Scotland,2016,366000.0
3000,English Amateur Tour - Event 3,Amateur,National Ranking,Gloucester,England,2016,0.0
2350,German Grand Prix - Event 1,Amateur,National Ranking,Karlsruhe,Germany,2016,0.0
2275,Hungarian Amateur Championship,Amateur,National Championship,Budapest,Hungary,2016,0.0
2247,UK Championship,Professional,Ranking,York,England,2016,855000.0
2253,World Amateur Championship - Masters,Amateur,World Event,Doha,Qatar,2016,0.0
2251,World Amateur Championship - Men,Amateur,World Event,Doha,Qatar,2016,0.0
2252,World Amateur Championship - Women,Amateur,World Event,Doha,Qatar,2016,0.0
2248,Northern Ireland Open,Professional,Ranking,Belfast,Northern Ireland,2016,364000.0
2249,German Amateur Championship,Amateur,National Championship,Bad Wildungen,Germany,2016,0.0
2246,Champion of Champions,Professional,Invitational,Coventry,England,2016,300000.0
3312,German Amateur Championship - Masters,Amateur,National Championship,Bad Wildungen,Germany,2016,0.0
2244,China Championship,Professional,Invitational,Guangzhou,China,2016,650000.0
2420,German 6-red Championship,Amateur,6-reds,Rüsselsheim,Germany,2016,0.0
2214,International Championship,Professional,Ranking,Unknown,China,2016,672000.0
2408,German Grand Prix - Masters - Event 2,Amateur,National Ranking,Nuremberg,Germany,2016,0.0
2999,English Amateur Tour - Event 2,Amateur,National Ranking,Sheffield,England,2016,0.0
3285,Australian Open Championship,Pro-am,Continental Event,Sydney,Australia,2016,0.0
2245,English Open,Professional,Ranking,Manchester,England,2016,376000.0
2215,European Masters,Professional,Ranking,Bucharest,Romania,2016,274934.0
2998,English Amateur Tour - Event 1,Amateur,National Ranking,Gloucester,England,2016,0.0
2196,Shanghai Masters,Professional,Ranking,Shanghai,China,2016,476200.0
2407,German Grand Prix - Masters - Event 1,Amateur,National Ranking,Hannover,Germany,2016,0.0
2216,Italian Amateur Championship,Amateur,National Championship,Trezzano sul Naviglio,Italy,2016,0.0
2220,Russian Amateur Championship,Amateur,National Championship,Kasan,Russia,2016,0.0
2211,6-Reds World Championship,Professional,6-reds,Bangkok,Thailand,2016,133000.0
3167,Papua New Guinea Amateur Championship,Amateur,National Championship,Port Moresby,Papua New Guinea,2016,0.0
2186,Paul Hunter Classic,Professional,Ranking,Fürth,Germany,2016,134275.0
2188,World Under-21 Championship - Men,Amateur,World Event,Mol,Belgium,2016,0.0
2189,World Under-21 Championship - Women,Amateur,World Event,Mol,Belgium,2016,0.0
2184,World Under-18 Championship - Men,Amateur,World Event,Mol,Belgium,2016,0.0
2185,World Under-18 Championship - Women,Amateur,World Event,Mol,Belgium,2016,0.0
2187,Australian Amateur Championship,Amateur,National Championship,Melbourne,Australia,2016,0.0
2871,African Championship - Masters,Amateur,Continental Event,Sharm el-Sheikh,Egypt,2016,0.0
2179,African Championship - Men,Amateur,Continental Event,Sharm el-Sheikh,Egypt,2016,0.0
2124,World Open,Professional,Ranking,Yushan,China,2016,544000.0
2604,New Zealand Amateur Championship,Amateur,National Championship,Gore,New Zealand,2016,0.0
2123,Indian Open,Professional,Ranking,Hyderabad,India,2016,300000.0
3035,Pink Ribbon,Pro-am,Event,Gloucester,England,2016,0.0
2168,German Grand Prix - Event 4,Amateur,National Ranking,Hannover,Germany,2016,0.0
2126,Riga Masters,Professional,Ranking,Riga,Latvia,2016,138754.0
2757,Japanese Amateur Championship,Amateur,National Championship,Various,Japan,2016,0.0
2232,Portuguese Amateur Championship,Amateur,National Championship,Figueira da Foz,Portugal,2016,0.0
2181,French Amateur Championship,Amateur,National Championship,Mulhouse,France,2016,0.0
2436,European Championships - Masters,Amateur,Continental Event,Vilnius,Lithuania,2016,0.0
2435,European Championships - Women,Amateur,Continental Event,Vilnius,Lithuania,2016,0.0
2125,European 6-Reds Championship,Amateur,6-reds,Vilnius,Lithuania,2016,0.0
2166,United States Amateur Championship,Amateur,National Championship,Houston,United States,2016,0.0
2167,German Grand Prix - Event 3,Amateur,National Ranking,Hamburg,Germany,2016,0.0
2401,Swiss Amateur Championship,Amateur,National Championship,Unterentfelden,Switzerland,2016,0.0
2122,Q School - Event 2,Professional,Tour Qualifier,Burton on Trent,England,2016,0.0
2238,Turkish Amateur Championship,Amateur,National Championship,Istanbul,Turkey,2016,0.0
2180,Belarus Amateur Championship,Amateur,National Championship,Minsk,Belarus,2016,0.0
2513,Czech Amateur Championship,Amateur,National Championship,Prague,Czech Republic,2016,0.0
2161,Dutch Amateur Championship,Amateur,National Championship,Unknown,Netherlands,2016,0.0
2200,South African Amateur Championship,Amateur,National Championship,Johannesburg,South Africa,2016,0.0
2121,Q School - Event 1,Professional,Tour Qualifier,Burton on Trent,England,2016,0.0
2192,Estonian Amateur Championship,Amateur,National Championship,,Estonia,2016,0.0
2532,Ukrainian Amateur Championship,Amateur,National Championship,Kiev,Ukraine,2016,0.0
2147,Irish Amateur Championship,Amateur,National Championship,Unknown,Ireland,2016,0.0
2151,Norwegian Amateur Championship,Amateur,National Championship,Sarpsborg,Norway,2016,0.0
2551,Swedish Amateur Championship,Amateur,National Championship,Stockholm,Sweden,2016,0.0
2384,Vienna Open,Pro-am,Event,Vienna,Austria,2016,0.0
2210,Finnish Amateur Championship,Amateur,National Championship,,Finland,2016,0.0
3160,Iceland Amateur Championship,Amateur,National Championship,Unknown,Iceland,2016,0.0
2183,Latvia Amateur Championship,Amateur,National Championship,,Latvia,2016,0.0
2150,Scottish Amateur Championship,Amateur,National Championship,Unknown,Scotland,2016,0.0
2195,Slovakian Amateur Championship,Amateur,National Championship,Bratislava,Slovakia,2016,0.0
2160,Canadian Championship,Pro-am,National Championship,Saint-Lambert,Canada,2016,0.0
2120,Danish Amateur Championship,Amateur,National Championship,Copenhagen,Denmark,2016,0.0
2084,Polish Amateur Championship,Amateur,National Championship,Lublin,Poland,2016,0.0
2083,Asian Championship,Amateur,Continental Event,Doha,Qatar,2016,0.0
2063,World Championship,Professional,Ranking,Sheffield,England,2016,1499100.0
1364,EBSA Amateur Play Offs,Professional,Tour Qualifier,Sheffield,England,2016,0.0
2119,Northern Ireland Amateur Championship,Amateur,National Championship,Cookstown,Northern Ireland,2016,0.0
1959,Snookerbacker Classic 2016 - Grand Finals,Amateur,Event,Gloucester,England,2016,10400.0
2277,Womens World Championship,Amateur,World Event,Leeds,England,2016,0.0
2496,Belgian Amateur Championship,Amateur,National Championship,Sint Truiden,Belgium,2016,0.0
2812,Channel Island Championship,Amateur,Event,,Jersey,2016,0.0
2450,Malta Amateur Championship,Amateur,National Championship,,Malta,2016,0.0
1354,China Open,Professional,Ranking,Beijing,China,2016,542500.0
1917,Snookerbacker Classic 2016 - Qualifier 11 - Gloucester,Amateur,Event,Gloucester,England,2016,0.0
1916,Snookerbacker Classic 2016 - Qualifier 10 - Gloucester,Amateur,Event,Gloucester,England,2016,0.0
1386,Players Championship Grand Final,Professional,Ranking,Manchester,England,2016,350000.0
2163,Asian 6-red Championship,Amateur,Continental Event,Abu Dhabi,United Arab Emirates,2016,0.0
1385,Nordic Snooker Championship,Amateur,Continental Event,Copenhagen,Denmark,2016,0.0
2154,German Grand Prix - Event 2,Amateur,National Ranking,München,Germany,2016,0.0
1378,World Grand Prix,Professional,Ranking,Llandudno,Wales,2016,295000.0
1369,Snookerbacker Classic 2016 - Qualifier 8 - Clydebank,Amateur,Event,Clydebank,Scotland,2016,0.0
1370,Snookerbacker Classic 2016 - Qualifier 9 - Liverpool,Amateur,Event,Liverpool,England,2016,0.0
2362,Oceania Championship - Ladies,Amateur,Continental Event,Mt Pritchard,Australia,2016,0.0
1366,Asian Under-21 Championship,Amateur,Continental Event,Colombo,Sri Lanka,2016,0.0
1405,Oceania Championship,Amateur,Continental Event,Mt Pritchard,Australia,2016,0.0
2365,Oceania 6-red Championship - Ladies,Amateur,6-reds,Mt Pritchard,Australia,2016,0.0
2364,Oceania 6-red Championship,Amateur,6-reds,Mt Pritchard,Australia,2016,0.0
1363,European Tour - Event 6,Professional,Minor Ranking,Gdynia,Poland,2016,93750.0
2363,Oceania Under-21 Championship,Amateur,Continental Event,Mt Pritchard,Australia,2016,0.0
1368,Snookerbacker Classic 2016 - Qualifier 7 - Gloucester,Amateur,Event,Gloucester,England,2016,0.0
1367,Snookerbacker Classic 2016 - Qualifier 6 - Gloucester,Amateur,Event,Gloucester,England,2016,0.0
2696,Kazakh Amateur Championship,Amateur,National Championship,,Kazakhstan,2016,0.0
1361,Welsh Open,Professional,Ranking,Cardiff,Wales,2016,334000.0
1358,European Championships - Men,Amateur,Continental Event,Wroclaw,Poland,2016,0.0
1357,Snooker Shootout,Professional,Invitational,Reading,England,2016,128000.0
1352,European Championships - Under 18,Amateur,Continental Event,Wroclaw,Poland,2016,0.0
1353,European Championships - Under 21,Amateur,Continental Event,Wroclaw,Poland,2016,0.0
1348,German Masters,Professional,Ranking,Berlin,Germany,2016,275250.0
2841,Pakistan Amateur Championship,Amateur,National Championship,Karachi,Pakistan,2016,0.0
1362,Snookerbacker Classic 2016 - Qualifier 5 - Preston,Amateur,Event,Preston,England,2016,0.0
2190,Albanian Amateur Championship,Amateur,National Championship,,Albania,2016,0.0
1349,World Seniors Championship,Professional,Non-ranking,Preston,England,2016,50000.0
2165,Indian Amateur Championship,Amateur,National Championship,Indore,India,2016,0.0
2274,Austrian Amateur Championship,Amateur,National Championship,Vienna,Austria,2016,0.0
1958,English Amateur Championship,Amateur,National Championship,Various,England,2016,0.0
2153,German Grand Prix - Event 1,Amateur,National Ranking,Berlin,Germany,2016,0.0
1351,Masters,Professional,Invitational,London,England,2016,600000.0
1350,Championship League,Professional,League,Stock,England,2016,183400.0
2391,3 Kings Open,Pro-am,Event,Rankweil,Austria,2016,0.0
2745,Georgian Amateur Championship,Amateur,National Championship,Unknown,Georgia,2016,0.0
2767,Malaysian Amateur Championship,Amateur,National Championship,Seri Kembangan,Malaysia,2016,0.0
2751,Sri Lanka Amateur Championship,Amateur,National Championship,Unknown,Sri Lanka,2016,0.0
2149,Welsh Amateur Championship,Amateur,National Championship,Unknown,Wales,2016,0.0
2176,Jersey Amateur Championship,Amateur,National Championship,Unknown,Jersey,2016,0.0
2169,Guernsey Amateur Championship,Amateur,National Championship,Unknown,Guernsey,2016,0.0
2621,Estonian Amateur Championship,Amateur,National Championship,Tallinn,Estonia,2017,0.0
2781,German Grand Prix - Masters - Event 2,Amateur,National Ranking,Nürnberg,Germany,2017,0.0
2619,Scottish Open,Professional,Ranking,Glasgow,Scotland,2017,386000.0
3006,English Amateur Tour - Event 3,Amateur,National Ranking,Gloucester,England,2017,0.0
2779,German Grand Prix - Event 1,Amateur,National Ranking,Stuttgart,Germany,2017,0.0
2618,Hungarian Amateur Championship,Amateur,National Championship,Budapest,Hungary,2017,0.0
2749,Sri Lanka Amateur Championship,Amateur,National Championship,Colombo,Sri Lanka,2017,0.0
2616,UK Championship,Professional,Ranking,York,England,2017,850000.0
2615,Northern Ireland Open,Professional,Ranking,Belfast,Northern Ireland,2017,366000.0
2635,World Amateur Championship - Masters,Amateur,World Event,Doha,Qatar,2017,0.0
2633,World Amateur Championship - Men,Amateur,World Event,Doha,Qatar,2017,0.0
2634,World Amateur Championship - Women,Amateur,World Event,Doha,Qatar,2017,0.0
2607,Shanghai Masters,Professional,Ranking,Shanghai,China,2017,700000.0
2614,German Amateur Championship,Amateur,National Championship,Bad Wildungen,Germany,2017,0.0
2613,Champion of Champions,Professional,Invitational,Coventry,England,2017,370000.0
3313,German Amateur Championship - Masters,Amateur,National Championship,Bad Wildungen,Germany,2017,0.0
2602,International Championship,Professional,Ranking,Daqing,China,2017,755000.0
3005,English Amateur Tour - Event 2,Amateur,National Ranking,Sheffield,England,2017,0.0
2833,German 6-red Championship,Amateur,6-reds,Hannover,Germany,2017,0.0
2608,English Open,Professional,Ranking,Barnsley,England,2017,408500.0
2780,German Grand Prix - Masters - Event 1,Amateur,National Ranking,Rüsselsheim,Germany,2017,0.0
2609,Ukrainian Amateur Championship,Amateur,National Championship,Kiew,Ukraine,2017,0.0
3286,Australian Open Championship,Pro-am,Continental Event,Sydney,Australia,2017,0.0
2476,European Masters,Professional,Ranking,Lommel,Belgium,2017,365000.0
2611,Kazakh Amateur Championship,Amateur,National Championship,,Kazakhstan,2017,0.0
3297,World Under-16 Championship - Men,Amateur,World Event,St. Petersburg,Russia,2017,0.0
3298,World Under-16 Championship - Women,Amateur,World Event,St. Petersburg,Russia,2017,0.0
3004,English Amateur Tour - Event 1,Amateur,National Ranking,Gloucester,England,2017,0.0
2639,Asian Indoor Games - Men,Pro-am,Continental Event,Ashgabat,Turkmenistan,2017,0.0
2640,Asian Indoor Games - 6-Reds Men,Pro-am,Continental Event,Ashgabat,Turkmenistan,2017,0.0
2641,Asian Indoor Games - 6-Reds Women,Amateur,Continental Event,Ashgabat,Turkmenistan,2017,0.0
2477,World Open,Professional,Ranking,Yushan,China,2017,697000.0
2740,Russian Amateur Championship,Amateur,National Championship,Saint Peterburg,Russia,2017,0.0
2478,Indian Open,Professional,Ranking,Unknown,India,2017,321000.0
2617,6-Reds World Championship,Professional,6-reds,Bangkok,Thailand,2017,207000.0
2603,Italian Amateur Championship,Amateur,National Championship,,Italy,2017,0.0
3168,Papua New Guinea Amateur Championship,Amateur,National Championship,Port Moresby,Papua New Guinea,2017,0.0
2484,Paul Hunter Classic,Professional,Ranking,Fürth,Germany,2017,105100.0
3240,South East Asian Games,Amateur,Continental Event,Kuala Lumpur,Malaysia,2017,0.0
2610,Australian Amateur Championship,Amateur,National Championship,Melbourne,Australia,2017,0.0
2424,China Championship,Professional,Ranking,Unknown,China,2017,697000.0
2636,IBSF 6-Reds World Championship - Men,Amateur,World Event,Hurghada,Egypt,2017,0.0
2637,IBSF 6-Reds World Championship - Women,Amateur,World Event,Hurghada,Egypt,2017,0.0
2479,World Games,Pro-am,World Event,Wroclaw,Poland,2017,0.0
2475,Hong Kong Masters,Professional,Invitational,Hong Kong,Hong Kong,2017,315000.0
2605,New Zealand Amateur Championship,Amateur,National Championship,Christchurch,New Zealand,2017,0.0
2473,World Under-21 Championship - Men,Amateur,World Event,Beijing,China,2017,0.0
2474,World Under-21 Championship - Women,Amateur,World Event,Beijing,China,2017,0.0
2471,World Under-18 Championship - Men,Amateur,World Event,Beijing,China,2017,0.0
2472,World Under-18 Championship - Women,Amateur,World Event,Beijing,China,2017,0.0
2768,Malaysian Amateur Championship,Amateur,National Championship,Petaling Jaya,Malaysia,2017,0.0
3036,Pink Ribbon,Pro-am,Event,Gloucester,England,2017,4090.0
2642,Asian 6-red Championship,Amateur,Continental Event,Bishkek,Kyrgyzstan,2017,0.0
2778,German Grand Prix - Event 5,Amateur,National Ranking,Bielefeld,Germany,2017,0.0
2423,Riga Masters,Professional,Ranking,Riga,Latvia,2017,222000.0
2531,Latvia Amateur Championship,Amateur,National Championship,Riga,Latvia,2017,0.0
2455,European Championships - Masters,Amateur,Continental Event,Shengjin,Albania,2017,0.0
2456,European Championships - Women,Amateur,Continental Event,Shengjin,Albania,2017,0.0
2447,European Snooker Open,Amateur,Continental Event,Shengjin,Albania,2017,0.0
2433,European 6-Reds Championship,Amateur,Continental Event,Shengjin,Albania,2017,0.0
2438,Scottish Amateur Championship,Amateur,National Championship,,Scotland,2017,0.0
2388,United States Amateur Championship,Amateur,National Championship,New York,United States,2017,0.0
2427,Norwegian Amateur Championship,Amateur,National Championship,Trondheim,Norway,2017,0.0
2511,Portuguese Amateur Championship,Amateur,National Championship,,Portugal,2017,0.0
2428,Swedish Amateur Championship,Amateur,National Championship,Stockholm,Sweden,2017,0.0
2753,Japanese Amateur Championship,Amateur,National Championship,Various,Japan,2017,0.0
2434,Iceland Amateur Championship,Amateur,National Championship,Reykjavik,Iceland,2017,0.0
2404,African Championship - Men,Amateur,Continental Event,Hammamet,Tunisia,2017,0.0
2398,Q School - Event 2,Professional,Tour Qualifier,Preston,England,2017,0.0
2530,Belgian Amateur Championship,Amateur,National Championship,Sint-Truiden,Belgium,2017,0.0
2403,African Championship - Masters,Amateur,Continental Event,Hammamet,Tunisia,2017,0.0
2412,German Grand Prix - Event 4,Amateur,National Ranking,Hamburg,Germany,2017,0.0
2402,African 6-red Championship,Amateur,Continental Event,Hammamet,Tunisia,2017,0.0
2694,Danish Amateur Championship,Amateur,National Championship,,Denmark,2017,0.0
2389,Canadian Championship,Amateur,National Championship,Toronto,Canada,2017,0.0
2397,Q School - Event 1,Professional,Tour Qualifier,Preston,England,2017,0.0
2523,Belarus Amateur Championship,Amateur,National Championship,Minsk,Belarus,2017,0.0
2512,Czech Amateur Championship,Amateur,National Championship,Prague,Czech Republic,2017,0.0
2400,Swiss Amateur Championship,Amateur,National Championship,Reiden,Switzerland,2017,0.0
2426,Finnish Amateur Championship,Amateur,National Championship,Turku,Finland,2017,0.0
2386,Irish Amateur Championship,Amateur,National Championship,Carlow,Ireland,2017,0.0
2449,South African Amateur Championship,Amateur,National Championship,Johannesburg,South Africa,2017,0.0
2385,Vienna Open,Pro-am,Event,Vienna,Austria,2017,0.0
2448,Malta Amateur Championship,Amateur,National Championship,,Malta,2017,0.0
2425,Lithuanian Amateur Championship,Amateur,National Championship,Vilnius,Lithuania,2017,0.0
2466,Slovakian Amateur Championship,Amateur,National Championship,Bratislava,Slovakia,2017,0.0
2399,Asian Championship,Amateur,Continental Event,Doha,Qatar,2017,0.0
2411,Danish Under 21 Championship,Amateur,National Championship,Odense,Denmark,2017,0.0
2413,German Grand Prix - Masters - Event 4,Amateur,National Ranking,Heilbronn,Germany,2017,0.0
2352,World Championship,Professional,Ranking,Sheffield,England,2017,1751000.0
2380,Dutch Amateur Championship,Amateur,National Championship,Maassluis,Netherlands,2017,0.0
2357,Asian Championship - Ladies,Amateur,Continental Event,Chandigarh,India,2017,0.0
2360,EBSA Amateur Play Offs,Professional,Tour Qualifier,Sheffield,England,2017,0.0
2355,Asian Under-21 Championship,Amateur,Continental Event,Chandigarh,India,2017,0.0
2312,English Amateur Championship,Amateur,National Championship,Various,England,2017,0.0
2818,Channel Island Championship,Amateur,Event,,Guernsey,2017,0.0
2422,Polish Amateur Championship,Amateur,National Championship,Lublin,Poland,2017,0.0
2264,China Open,Professional,Ranking,Beijing,China,2017,516000.0
2276,Womens World Championship,Amateur,World Event,Singapore,Singapore,2017,14400.0
3003,English Amateur Tour - Event 6,Amateur,National Ranking,Sheffield,England,2017,0.0
2313,Oceania Championship,Amateur,Continental Event,Albury,Australia,2017,0.0
2272,European Championships - Men,Amateur,Continental Event,Nicosia,Cyprus,2017,0.0
2361,Oceania 6-red Championship - Ladies,Amateur,6-reds,Albury,Australia,2017,0.0
2406,German Grand Prix - Event 3,Amateur,National Ranking,Rüsselsheim,Germany,2017,0.0
2359,Oceania 6-red Championship,Amateur,6-reds,Albury,Australia,2017,0.0
2356,Oceania Championship - Ladies,Amateur,Continental Event,Albury,Australia,2017,0.0
2271,European Championships - Under 21,Amateur,Continental Event,Nicosia,Cyprus,2017,0.0
2358,Oceania Under-21 Championship,Amateur,Continental Event,Albury,Australia,2017,0.0
2269,European Championships - Under 18,Amateur,Continental Event,Nicosia,Cyprus,2017,0.0
2270,Players Championship,Professional,Ranking,Llandudno,Wales,2017,375000.0
2840,Brunei Amateur Championship,Amateur,National Championship,Bandar Seri Begawan,Brunei,2017,0.0
2267,Gibraltar Open,Professional,Ranking,Gibraltar,Gibraltar,2017,93750.0
2381,Jersey Amateur Championship,Amateur,National Championship,Unknown,Jersey,2017,0.0
3002,English Amateur Tour - Event 5,Amateur,National Ranking,Gloucester,England,2017,0.0
2266,Snooker Shootout,Professional,Ranking,Watford,England,2017,130000.0
2409,German Grand Prix - Masters - Event 3,Amateur,National Ranking,Essen,Germany,2017,0.0
2268,Welsh Open,Professional,Ranking,Cardiff,Wales,2017,366000.0
2612,Kyrgyzstan Amateur Championship,Amateur,National Championship,Bishkek,Kyrgyzstan,2017,0.0
2265,World Grand Prix,Professional,Ranking,Preston,England,2017,375000.0
2259,German Masters,Professional,Ranking,Berlin,Germany,2017,286450.0
2836,Pakistan Amateur Championship,Amateur,National Championship,Karachi,Pakistan,2017,0.0
2876,Indian Amateur Championship,Amateur,National Championship,Pune - Maharashtra,India,2017,0.0
2273,Austrian Amateur Championship,Amateur,National Championship,Vienna,Austria,2017,0.0
2405,German Grand Prix - Event 2,Amateur,National Ranking,Aachen,Germany,2017,0.0
2263,Nordic Snooker Championship,Amateur,Continental Event,Reykjavik,Iceland,2017,0.0
2260,Masters,Professional,Invitational,London,England,2017,600000.0
3001,English Amateur Tour - Event 4,Amateur,National Ranking,Sheffield,England,2017,0.0
2390,3 Kings Open,Pro-am,Event,Rankweil,Austria,2017,0.0
2262,Championship League,Professional,League,Coventry,England,2017,181800.0
2702,French Amateur Championship,Amateur,National Championship,,France,2017,0.0
2746,Georgian Amateur Championship,Amateur,National Championship,Tiflis,Georgia,2017,0.0
2387,Northern Ireland Amateur Championship,Amateur,National Championship,Hillsborough,Northern Ireland,2017,0.0
2296,Welsh Amateur Championship,Amateur,National Championship,,Wales,2017,0.0
2897,Guernsey Amateur Championship,Amateur,National Championship,Unknown,Guernsey,2017,0.0
3012,English Amateur Tour - Event 3,Amateur,National Ranking,Sheffield,England,2018,0.0
2758,Scottish Open,Professional,Ranking,Glasgow,Scotland,2018,364000.0
2754,Estonian Amateur Championship,Amateur,National Championship,Tallinn,Estonia,2018,0.0
2789,German Grand Prix - Masters - Event 2,Amateur,National Ranking,Nürnberg,Germany,2018,0.0
2755,Hungarian Amateur Championship,Amateur,National Championship,Budapest,Hungary,2018,0.0
3356,Romania - National League - Event 10,Amateur,National Ranking,Bucharest,Romania,2018,0.0
2756,Spanish Amateur Championship,Amateur,National Championship,Valencia,Spain,2018,0.0
2750,Sri Lanka Amateur Championship,Amateur,National Championship,Colombo,Sri Lanka,2018,0.0
3011,English Amateur Tour - Event 2,Amateur,National Ranking,Gloucester,England,2018,0.0
2744,UK Championship,Professional,Ranking,York,England,2018,845000.0
2763,Challenge Tour - Event 8,Amateur,Event,Budapest,Hungary,2018,9875.0
2743,World Amateur Championship - Masters,Amateur,World Event,Yangon,Myanmar,2018,0.0
2741,World Amateur Championship - Men,Amateur,World Event,Yangon,Myanmar,2018,0.0
2742,World Amateur Championship - Women,Amateur,World Event,Yangon,Myanmar,2018,0.0
2790,German Grand Prix - Event 1,Amateur,National Ranking,Stuttgart,Germany,2018,0.0
3355,Romania - National League - Event 9,Amateur,National Ranking,Bucharest,Romania,2018,0.0
2736,Northern Ireland Open,Professional,Ranking,Belfast,Northern Ireland,2018,364000.0
3354,Romania - National League - Event 8,Amateur,National Ranking,Bucharest,Romania,2018,0.0
2733,German Amateur Championship,Amateur,National Championship,Bad Wildungen,Germany,2018,0.0
2732,Champion of Champions,Professional,Invitational,Coventry,England,2018,370000.0
3314,German Amateur Championship - Masters,Amateur,National Championship,Bad Wildungen,Germany,2018,0.0
2730,International Championship,Professional,Ranking,Daqing,China,2018,772000.0
2788,German Grand Prix - Masters - Event 1,Amateur,National Ranking,Heilbronn,Germany,2018,0.0
3014,English Amateur Tour - Event 5,Amateur,National Ranking,Sheffield,England,2018,0.0
3353,Romania - National League - Event 7,Amateur,National Ranking,Bucharest,Romania,2018,0.0
3287,Australian Open Championship,Pro-am,Continental Event,Sydney,Australia,2018,0.0
2739,Russian Amateur Championship,Amateur,National Championship,Moskow,Russia,2018,0.0
2731,English Open,Professional,Ranking,Crawley,England,2018,381000.0
2762,Challenge Tour - Event 7,Amateur,Event,Barnsley,England,2018,10000.0
3352,Romania - National League - Event 6,Amateur,National Ranking,Bucharest,Romania,2018,0.0
2761,Challenge Tour - Event 6,Amateur,Event,Lommel,Belgium,2018,10000.0
2692,European Masters,Professional,Ranking,Lommel,Belgium,2018,397000.0
3360,World Under-16 Championship - Men,Amateur,World Event,St. Petersburg,Russia,2018,0.0
3361,World Under-16 Championship - Women,Amateur,World Event,St. Petersburg,Russia,2018,0.0
2747,Georgian Amateur Championship,Amateur,National Championship,Tiflis,Georgia,2018,0.0
2693,China Championship,Professional,Ranking,Unknown,China,2018,746000.0
2848,Brunei Amateur Championship,Amateur,National Championship,Berakas,Brunei,2018,0.0
3351,Romania - National League - Event 5,Amateur,National Ranking,Bucharest,Romania,2018,0.0
2735,Ukrainian Amateur Championship,Amateur,National Championship,Lviv,Ukraine,2018,0.0
2760,Challenge Tour - Event 5,Amateur,Event,Derby,England,2018,10000.0
3253,Papua New Guinea Amateur Championship,Amateur,National Championship,Port Moresby,Papua New Guinea,2018,0.0
2721,Shanghai Masters,Professional,Invitational,Shanghai,China,2018,720000.0
3350,Romania - National League - Event 4,Amateur,National Ranking,Bucharest,Romania,2018,0.0
2722,6-Reds World Championship,Professional,6-reds,Bangkok,Thailand,2018,226362.0
3010,English Amateur Tour - Event 1,Amateur,National Ranking,Leeds,England,2018,0.0
2759,Challenge Tour - Event 4,Amateur,Event,Fürth,Germany,2018,10075.0
2691,Paul Hunter Classic,Professional,Ranking,Fürth,Germany,2018,120000.0
2834,German 6-red Championship,Amateur,6-reds,Hannover,Germany,2018,0.0
2697,Australian Amateur Championship,Amateur,National Championship,Melbourne,Australia,2018,0.0
3349,Romania - National League - Event 3,Amateur,National Ranking,Bucharest,Romania,2018,0.0
2684,World Open,Professional,Ranking,Unknown,China,2018,735000.0
2689,Challenge Tour - Event 3,Amateur,Event,Riga,Latvia,2018,9125.0
3029,Pink Ribbon,Pro-am,Event,Gloucester,England,2018,0.0
3348,Romania - National League - Event 2,Amateur,National Ranking,Bucharest,Romania,2018,0.0
2683,Riga Masters,Professional,Ranking,Riga,Latvia,2018,259000.0
2737,New Zealand Amateur Championship,Amateur,National Championship,Papakura,New Zealand,2018,0.0
2738,Singapore Amateur Championship,Amateur,National Championship,Unknown,Singapore,2018,0.0
2688,Challenge Tour - Event 2,Amateur,Event,Preston,England,2018,10000.0
2687,World Under-21 Championship - Men,Amateur,World Event,Jinan,China,2018,0.0
2686,World Under-21 Championship - Women,Amateur,World Event,Jinan,China,2018,0.0
2685,World Under-18 Championship,Amateur,World Event,Jinan,China,2018,0.0
2720,Italian Amateur Championship,Amateur,National Championship,Trazzano sul Naviglio,Italy,2018,0.0
2682,European Championships - Masters,Amateur,Continental Event,Bucharest,Romania,2018,0.0
2681,European Championships - Women,Amateur,Continental Event,Bucharest,Romania,2018,0.0
2785,German Grand Prix - Event 5,Amateur,National Ranking,Eching,Germany,2018,0.0
2680,European Snooker Shootout,Amateur,Continental Event,Bucharest,Romania,2018,0.0
2679,European 6-Reds Championship,Amateur,6-reds,Bucharest,Romania,2018,0.0
2698,South African Amateur Championship,Amateur,National Championship,Port Elisabeth,South Africa,2018,0.0
2678,Challenge Tour - Event 1,Amateur,Event,Burton on Trent,England,2018,10000.0
2724,Dutch Amateur Championship,Amateur,National Championship,Zaandam,Netherlands,2018,0.0
2677,Q School - Event 3,Professional,Tour Qualifier,Burton on Trent,England,2018,0.0
2716,United States Amateur Championship,Amateur,National Championship,Brooklyn,United States,2018,0.0
2700,Belgian Amateur Championship,Amateur,National Championship,Sint-Truiden,Belgium,2018,0.0
2675,Q School - Event 2,Professional,Tour Qualifier,Burton on Trent,England,2018,0.0
2667,Q School - Event 1,Professional,Tour Qualifier,Burton on Trent,England,2018,0.0
2705,Swiss Amateur Championship,Amateur,National Championship,Basel,Switzerland,2018,0.0
2699,Belarus Amateur Championship,Amateur,National Championship,Minsk,Belarus,2018,0.0
2719,Portuguese Amateur Championship,Amateur,National Championship,,Portugal,2018,0.0
2715,Norwegian Amateur Championship,Amateur,National Championship,Sagvag,Norway,2018,0.0
2919,Vienna Open,Pro-am,Event,Vienna,Austria,2018,0.0
2723,Swedish Amateur Championship,Amateur,National Championship,Stockholm,Sweden,2018,0.0
2669,African Championship - Masters,Amateur,Continental Event,Cairo,Egypt,2018,0.0
2670,African Championship - Men,Amateur,Continental Event,Cairo,Egypt,2018,0.0
2707,Latvia Amateur Championship,Amateur,National Championship,,Latvia,2018,0.0
2674,Asian Championship,Amateur,Continental Event,Tabriz,Iran,2018,0.0
2668,African 6-red Championship,Amateur,Continental Event,Cairo,Egypt,2018,0.0
2784,German Grand Prix - Event 4,Amateur,National Ranking,Hannover,Germany,2018,0.0
2717,Canadian Championship,Amateur,National Championship,,Canada,2018,0.0
2748,Japanese Amateur Championship,Amateur,National Championship,Various,Japan,2018,0.0
2676,Scottish Amateur Championship,Amateur,National Championship,Edinburgh,Scotland,2018,0.0
2729,Irish Amateur Championship,Amateur,National Championship,Carlow,Ireland,2018,0.0
2718,Slovakian Amateur Championship,Amateur,National Championship,Bratislava,Slovakia,2018,0.0
2734,Czech Amateur Championship,Amateur,National Championship,,Czech Republic,2018,0.0
2661,World Championship,Professional,Ranking,Sheffield,England,2018,1978000.0
2787,German Grand Prix - Masters - Event 4,Amateur,National Ranking,Karlsruhe,Germany,2018,0.0
2643,English Amateur Championship,Amateur,National Championship,Various,England,2018,0.0
2813,Channel Island Championship,Amateur,Event,Route es Nouaux,Jersey,2018,0.0
2626,China Open,Professional,Ranking,Beijing,China,2018,1035000.0
2695,Danish Amateur Championship,Amateur,National Championship,Unknown,Denmark,2018,0.0
3009,English Amateur Tour - Event 6,Amateur,National Ranking,Gloucester,England,2018,0.0
2704,Albanian Amateur Championship,Amateur,National Championship,,Albania,2018,0.0
2783,German Grand Prix - Event 3,Amateur,National Ranking,Aachen,Germany,2018,0.0
2653,Players Championship,Professional,Ranking,Llandudno,Wales,2018,380000.0
3315,Asian Championship - Ladies,Amateur,Continental Event,Yangon,Myanmar,2018,0.0
2655,Asian Under-21 Championship,Amateur,Continental Event,Yangon,Myanmar,2018,0.0
2656,Asian Under-21 Championship - Women,Amateur,Continental Event,Yangon,Myanmar,2018,0.0
2654,WSF Championships - Mixed,Amateur,World Event,St. Paul's Bay,Malta,2018,0.0
2671,Oceania Championship,Amateur,Continental Event,Mt Pritchard,Australia,2018,0.0
2649,Romanian Masters,Professional,Invitational,Bucharest,Romania,2018,176800.0
2963,Womens World Championship,Amateur,World Event,St Pauls Bay,Malta,2018,0.0
2652,WSF Championships - Seniors,Amateur,World Event,St. Paul's Bay,Malta,2018,0.0
2651,WSF Championships - Women,Amateur,World Event,St. Paul's Bay,Malta,2018,0.0
2673,Oceania Under-21 Championship,Amateur,Continental Event,Mt Pritchard,Australia,2018,0.0
2648,Gibraltar Open,Professional,Ranking,Gibraltar,Gibraltar,2018,153000.0
2672,Oceania Championship - Ladies,Amateur,Continental Event,Mt Pritchard,Australia,2018,0.0
2647,Welsh Open,Professional,Ranking,Cardiff,Wales,2018,366000.0
2786,German Grand Prix - Masters - Event 3,Amateur,National Ranking,Essen,Germany,2018,0.0
2646,World Grand Prix,Professional,Ranking,Preston,England,2018,375000.0
2725,Pakistan Amateur Championship,Amateur,National Championship,Karachi,Pakistan,2018,0.0
2645,European Championships - Men,Amateur,Continental Event,Sofia,Bulgaria,2018,0.0
2624,Snooker Shootout,Professional,Ranking,Watford,England,2018,145750.0
2644,European Championships - Under 21,Amateur,Continental Event,Sofia,Bulgaria,2018,0.0
3008,English Amateur Tour - Event 5,Amateur,National Ranking,Sheffield,England,2018,0.0
2638,European Championships - Under 18,Amateur,Continental Event,Sofia,Bulgaria,2018,0.0
2620,German Masters,Professional,Ranking,Berlin,Germany,2018,364500.0
3347,Romania - National League - Event 1,Amateur,National Ranking,Bucharest,Romania,2018,0.0
2632,Polish Amateur Championship,Amateur,National Championship,Warsaw,Poland,2018,0.0
2726,Indian Amateur Championship,Amateur,National Championship,Bangalore,India,2018,0.0
2625,Austrian Amateur Championship,Amateur,National Championship,Graz,Austria,2018,0.0
2782,German Grand Prix - Event 2,Amateur,National Ranking,Rüsselsheim,Germany,2018,0.0
2791,Nordic Snooker Championship,Amateur,Continental Event,Oulo,Finland,2018,2000.0
2623,Masters,Professional,Invitational,London,England,2018,600000.0
3007,English Amateur Tour - Event 4,Amateur,National Ranking,Sheffield,England,2018,0.0
2650,3 Kings Open,Pro-am,Event,Rankweil,Austria,2018,0.0
2622,Championship League,Professional,League,Coventry,England,2018,185300.0
2706,Finnish Amateur Championship,Amateur,National Championship,,Finland,2018,0.0
2703,French Amateur Championship,Amateur,National Championship,,France,2018,0.0
2713,Guernsey Amateur Championship,Amateur,National Championship,,Guernsey,2018,0.0
2709,Iceland Amateur Championship,Amateur,National Championship,,Iceland,2018,0.0
2712,Isle of Man Amateur Championship,Amateur,National Championship,,Isle of Man,2018,0.0
2714,Jersey Amateur Championship,Amateur,National Championship,,Jersey,2018,0.0
2708,Lithuanian Amateur Championship,Amateur,National Championship,,Lithuania,2018,0.0
2711,Malta Amateur Championship,Amateur,National Championship,,Malta,2018,0.0
2710,Northern Ireland Amateur Championship,Amateur,National Championship,,Northern Ireland,2018,0.0
2701,Welsh Amateur Championship,Amateur,National Championship,,Wales,2018,0.0
3220,Albanian Amateur Championship,Amateur,National Championship,Unknown,Albania,2019,0.0
3363,Scottish Open,Professional,Ranking,Glasgow,Scotland,2019,350000.0
3215,Estonian Amateur Championship,Amateur,National Championship,Tallinn,Estonia,2019,0.0
3217,German Grand Prix - Event 2,Amateur,National Ranking,Bielefeld,Germany,2019,0.0
3334,South East Asian Games,Amateur,Continental Event,Manila,Philippines,2019,0.0
3322,Spanish Amateur Championship,Amateur,National Championship,Madrid,Spain,2019,0.0
3214,Swiss Amateur Championship,Amateur,National Championship,Bern,Switzerland,2019,0.0
3219,Hungarian Amateur Championship,Amateur,National Championship,Unknown,Hungary,2019,0.0
3320,UK Championship,Professional,Ranking,York,England,2019,994000.0
3210,English Amateur Tour - Event 3,Amateur,National Ranking,Leeds,England,2019,0.0
3327,Romania - National League - Event 9,Amateur,National Ranking,Bucharest,Romania,2019,0.0
3302,Challenge Tour - Event 6,Amateur,Event,Budapest,Hungary,2019,10000.0
3218,German Grand Prix - Masters - Event 1,Amateur,National Ranking,Rüsselsheim,Germany,2019,0.0
3299,Northern Ireland Open,Professional,Ranking,Belfast,Northern Ireland,2019,400000.0
3213,German Amateur Championship,Amateur,National Championship,Bad Wildungen,Germany,2019,0.0
3284,Champion of Champions,Professional,Invitational,Coventry,England,2019,440000.0
3283,German Amateur Championship - Masters,Amateur,National Championship,Bad Wildungen,Germany,2019,0.0
3267,World Open,Professional,Ranking,Yushan,China,2019,766000.0
3282,World Amateur Championship - Masters,Amateur,World Event,Antalya,Turkey,2019,0.0
3280,World Amateur Championship - Men,Amateur,World Event,Antalya,Turkey,2019,0.0
3281,World Amateur Championship - Women,Amateur,World Event,Antalya,Turkey,2019,0.0
3278,Georgian Amateur Championship,Amateur,National Championship,Tiflis,Georgia,2019,0.0
3216,German Grand Prix - Event 1,Amateur,National Ranking,Karlsruhe,Germany,2019,0.0
3326,Romania - National League - Event 8,Amateur,National Ranking,Bucharest,Romania,2019,0.0
3288,Australian Open Championship,Pro-am,Continental Event,Sydney,Australia,2019,0.0
3274,Challenge Tour - Event 4,Amateur,Event,Bruges,Belgium,2019,0.0
3211,Russian Amateur Championship,Amateur,National Championship,Moskow,Russia,2019,0.0
3335,Australian Womens Open,Amateur,Event,Sydney,Australia,2019,0.0
3271,English Open,Professional,Ranking,Crawley,England,2019,400000.0
3209,English Amateur Tour - Event 2,Amateur,National Ranking,Newbury,England,2019,0.0
3268,Challenge Tour - Event 3,Amateur,Event,Leeds,England,2019,10000.0
3252,German 6-red Championship,Amateur,6-reds,Hannover,Germany,2019,0.0
3212,Ukrainian Amateur Championship,Amateur,National Championship,Lviv,Ukraine,2019,0.0
3109,China Championship,Professional,Ranking,Unknown,China,2019,745000.0
3256,Challenge Tour - Event 2,Amateur,Event,Newbury,England,2019,0.0
3257,IBSF 6-Reds World Championship - Women,Amateur,World Event,Mandalay,Myanmar,2019,0.0
3242,IBSF 6-Reds World Championship - Men,Amateur,World Event,Mandalay,Myanmar,2019,0.0
3208,English Amateur Tour - Event 1,Amateur,National Ranking,Leicester,England,2019,0.0
3325,Romania - National League - Event 7,Amateur,National Ranking,Bucharest,Romania,2019,0.0
3237,UK Womens Championship,Amateur,Event,Leeds,England,2019,4700.0
3269,Papua New Guinea Amateur Championship,Amateur,National Championship,Port Moresby,Papua New Guinea,2019,0.0
3188,Shanghai Masters,Professional,Invitational,Shanghai,China,2019,745000.0
3186,6-Reds World Championship,Professional,6-reds,Bangkok,Thailand,2019,278326.0
3185,Challenge Tour - Event 1,Amateur,Event,Nuremberg,Germany,2019,0.0
3181,United States Amateur Championship,Amateur,National Championship,Houston,United States,2019,0.0
3175,Paul Hunter Classic,Professional,Invitational,Fürth,Germany,2019,10000.0
3178,Australian Amateur Championship,Amateur,National Championship,Melbourne,Australia,2019,0.0
3177,African Games - Men,Amateur,Continental Event,Casablanca,Morocco,2019,0.0
3110,Paul Hunter Classic - qualifying event,Pro-am,Event,Nuremberg,Germany,2019,0.0
3176,African Games - Women,Amateur,Continental Event,Casablanca,Morocco,2019,0.0
3180,World Under-16 Championship - Men,Amateur,World Event,Tyumen,Russia,2019,0.0
3179,World Under-16 Championship - Women,Amateur,World Event,Tyumen,Russia,2019,0.0
3222,Sri Lanka Amateur Championship,Amateur,National Championship,Colombo,Sri Lanka,2019,0.0
3165,World Seniors Championship,Pro-am,World Event,Sheffield,England,2019,0.0
2958,International Championship,Professional,Ranking,Daqing,China,2019,796000.0
2957,Riga Masters,Professional,Ranking,Riga,Latvia,2019,273000.0
3106,Pink Ribbon,Pro-am,Event,Gloucester,England,2019,0.0
3085,New Zealand Amateur Championship,Amateur,National Championship,Canterbury,New Zealand,2019,0.0
3183,World Under-21 Championship - Men,Amateur,World Event,Qingdao,China,2019,0.0
3184,World Under-21 Championship - Women,Amateur,World Event,Qingdao,China,2019,0.0
3182,World Under-18 Championship,Amateur,World Event,Qingdao,China,2019,0.0
2983,German Grand Prix - Event 5,Amateur,National Ranking,Hannover,Germany,2019,0.0
2982,Croatian Amateur Championship,Amateur,National Championship,Zagreb,Croatia,2019,0.0
2980,French Amateur Championship,Amateur,National Championship,Montpellier,France,2019,0.0
2973,Portuguese Amateur Championship,Amateur,National Championship,Samuel,Portugal,2019,0.0
2962,Womens World Championship,Amateur,World Event,Bangkok,Thailand,2019,0.0
2961,South African Amateur Championship,Amateur,National Championship,Durban,South Africa,2019,0.0
2959,Dutch Amateur Championship,Amateur,National Championship,Zaandam,Netherlands,2019,0.0
3230,Romania - National League - Event 6,Amateur,National Ranking,Bukarest,Romania,2019,0.0
2953,Italian Amateur Championship,Amateur,National Championship,Trezzano sul Naviglio,Italy,2019,0.0
2952,Q School - Event 3,Professional,Tour Qualifier,Wigan,England,2019,0.0
2955,Swedish Amateur Championship,Amateur,National Championship,Stockholm,Sweden,2019,0.0
3295,European 6-Reds Championship,Amateur,6-reds,Belgrade,Serbia,2019,0.0
2956,Norwegian Amateur Championship,Amateur,National Championship,Oslo,Norway,2019,0.0
2954,Belgian Amateur Championship,Amateur,National Championship,Hasselt,Belgium,2019,0.0
2960,Japanese Amateur Championship,Amateur,National Championship,Various,Japan,2019,0.0
2948,Q School - Event 2,Professional,Tour Qualifier,Wigan,England,2019,0.0
2947,Belarus Amateur Championship,Amateur,National Championship,Minsk,Belarus,2019,0.0
2944,German Grand Prix - Event 4,Amateur,National Ranking,Hamburg,Germany,2019,0.0
2945,Q School - Event 1,Professional,Tour Qualifier,Wigan,England,2019,0.0
3235,Serbian Amateur Championship,Amateur,National Championship,Unknown,Serbia,2019,0.0
2946,Slovakian Amateur Championship,Amateur,National Championship,Bratislava,Slovakia,2019,0.0
3229,Romania - National League - Event 5,Amateur,National Ranking,Bukarest,Romania,2019,0.0
2928,Irish Amateur Championship,Amateur,National Championship,SC Carlow,Ireland,2019,0.0
2927,Canadian Championship,Amateur,National Championship,Scarborough,Canada,2019,0.0
2920,Vienna Open,Pro-am,Event,Vienna,Austria,2019,0.0
2922,Malta Amateur Championship,Amateur,National Championship,Hamrun,Malta,2019,0.0
2941,Latvia Amateur Championship,Amateur,National Championship,Riga,Latvia,2019,0.0
2951,Finnish Amateur Championship,Amateur,National Championship,Helsinki,Finland,2019,0.0
2940,Iceland Amateur Championship,Amateur,National Championship,Reykjavik,Iceland,2019,0.0
2925,Lithuanian Amateur Championship,Amateur,National Championship,Vilnius,Lithuania,2019,0.0
3301,Asian Championship - Ladies,Amateur,Continental Event,Chandigarh,India,2019,0.0
3303,Asian Under-21 Championship,Amateur,Continental Event,Chandigarh,India,2019,0.0
2900,German Grand Prix - Masters - Event 4,Amateur,National Ranking,Hannover,Germany,2019,0.0
2926,Danish Amateur Championship,Amateur,National Championship,Copenhagen,Denmark,2019,0.0
2918,World Championship,Professional,Ranking,Sheffield,England,2019,2220000.0
2924,Moldova Amateur Championship,Amateur,National Championship,Chisinau,Moldova,2019,0.0
2930,Womens World 6-red Championship,Amateur,World Event,Leeds,England,2019,0.0
3228,Romania - National League - Event 4,Amateur,National Ranking,Bukarest,Romania,2019,0.0
2931,Womens World 10-red Championship,Amateur,World Event,Leeds,England,2019,0.0
2917,Channel Island Championship,Amateur,Event,St. Peter Port,Guernsey,2019,0.0
2902,Czech Amateur Championship,Amateur,National Championship,Trebic,Czech Republic,2019,0.0
2929,Scottish Amateur Championship,Amateur,National Championship,Edinburgh,Scotland,2019,0.0
3224,Bosnia Herzegovina Amateur Championship,Amateur,National Championship,Sarajevo,Bosnia Herzegovina,2019,0.0
3223,Bulgarian Amateur Championship,Amateur,National Championship,Sofia,Bulgaria,2019,0.0
2856,China Open,Professional,Ranking,Beijing,China,2019,993000.0
2888,German Grand Prix - Event 3,Amateur,National Ranking,Rüsselsheim,Germany,2019,0.0
2901,Northern Ireland Amateur Championship,Amateur,National Championship,Antrim,Northern Ireland,2019,2000.0
3015,English Amateur Tour - Event 6,Amateur,National Ranking,Sheffield,England,2019,0.0
3227,Romania - National League - Event 3,Amateur,National Ranking,Bukarest,Romania,2019,0.0
3221,Pakistan Amateur Championship,Amateur,National Championship,Karachi,Pakistan,2019,0.0
2916,Tour Championship,Professional,Ranking,Llandudno,Wales,2019,370000.0
2875,Oceania Championship,Amateur,Continental Event,Mt Pritchard,Australia,2019,0.0
2880,Gibraltar Open,Professional,Ranking,Gibraltar,Gibraltar,2019,177000.0
2874,Oceania 6-red Championship,Amateur,Continental Event,Mt Pritchard,Australia,2019,0.0
2864,Welsh Amateur Championship,Amateur,National Championship,Unknown,Wales,2019,0.0
2873,Oceania Championship - Women,Amateur,Continental Event,Mt Pritchard,Australia,2019,0.0
2863,Challenge Tour - Event 10,Amateur,Event,Gloucester,England,2019,10000.0
2862,Players Championship,Professional,Ranking,Preston,England,2019,375000.0
2824,English Amateur Championship,Amateur,National Championship,Various,England,2019,0.0
2690,Indian Open,Professional,Ranking,Kochi,India,2019,321000.0
2860,European Championships - Men,Amateur,Continental Event,Eilat,Israel,2019,0.0
2869,German Grand Prix - Masters - Event 3,Amateur,National Ranking,Essen,Germany,2019,0.0
2883,Jersey Amateur Championship,Amateur,National Championship,Unknown,Jersey,2019,0.0
2858,Snooker Shootout,Professional,Ranking,Watford,England,2019,128000.0
2865,Oceania Championship - Masters,Amateur,Continental Event,Havelock North,New Zealand,2019,0.0
2861,European Championships - Under 21,Amateur,Continental Event,Eilat,Israel,2019,0.0
2855,European Championships - Under 18,Amateur,Continental Event,Eilat,Israel,2019,0.0
2866,Oceania Under-21 Championship,Amateur,Continental Event,Havelock North,New Zealand,2019,0.0
2854,Welsh Open,Professional,Ranking,Cardiff,Wales,2019,364000.0
3226,Romania - National League - Event 2,Amateur,National Ranking,Bukarest,Romania,2019,0.0
2822,Indian Amateur Championship,Amateur,National Championship,Madhya Pradesh,India,2019,0.0
2852,World Grand Prix,Professional,Ranking,Cheltenham,England,2019,370000.0
3013,English Amateur Tour - Event 4,Amateur,National Ranking,Sheffield,England,2019,0.0
2777,German Masters,Professional,Ranking,Berlin,Germany,2019,395000.0
2851,Pan American Championship,Amateur,Continental Event,Houston,United States,2019,0.0
2847,Challenge Tour - Event 9,Amateur,Event,Sheffield,England,2019,8000.0
3225,Romania - National League - Event 1,Amateur,National Ranking,Bukarest,Romania,2019,0.0
2823,Austrian Amateur Championship,Amateur,National Championship,Vienna,Austria,2019,0.0
2825,German Grand Prix - Event 2,Amateur,National Ranking,Dortmund,Germany,2019,0.0
2842,Nordic Snooker Championship,Amateur,Continental Event,Stockholm,Sweden,2019,0.0
2821,Masters,Professional,Invitational,London,England,2019,590000.0
2797,Polish Amateur Championship,Amateur,National Championship,Warsaw,Poland,2019,0.0
2796,3 Kings Open,Pro-am,Event,Rankweil,Austria,2019,0.0
2820,Championship League,Professional,League,Coventry,England,2019,177800.0
2885,Isle of Man Amateur Championship,Amateur,National Championship,Various,Isle of Man,2019,0.0
2884,Guernsey Amateur Championship,Amateur,National Championship,Various,Guernsey,2019,0.0
4415,2020 Irish Womens Championship,Amateur,National Championship,Newbridge,Ireland,2020,
4417,2020 Irish Womens 6-red Championship,Amateur,National Championship,Newbridge,Ireland,2020,
4433,2020 Irish Womens Masters Championship,Amateur,National Championship,Newbridge,Ireland,2020,
4174,2020 World Grand Prix,Professional,Ranking,Milton Keynes,England,2020,
4165,2020 Scottish Open,Professional,Ranking,Milton Keynes,England,2020,
4159,2020 Hungarian Amateur Championship,Amateur,National Championship,Budapest,Hungary,2020,
4173,2020 Trinidad and Tobago Amateur Championship,Amateur,National Championship,St. Anns,Trinidad and Tobago,2020,
4152,2020 UK Championship,Professional,Ranking,Milton Keynes,England,2020,
4153,2020 Georgian Amateur Championship,Amateur,National Championship,Unknown,Georgia,2020,
4151,2020 Romania - National League - Event 10,Amateur,National Ranking,Bucharest,Romania,2020,
4145,2020 New Zealand Amateur Championship,Amateur,National Championship,Papakura,New Zealand,2020,
4141,2020 Northern Ireland Open,Professional,Ranking,Milton Keynes,England,2020,
4144,2020 Romania - National League - Event 9,Amateur,National Ranking,Bucharest,Romania,2020,
4126,2020 Romania - National League - Event 8,Amateur,National Ranking,Bucharest,Romania,2020,
4125,2020 Champion of Champions,Professional,Invitational,Milton Keynes,England,2020,
4114,2020 Estonian Amateur Championship,Amateur,National Championship,Tallinn,Estonia,2020,
4115,2020 Romania - National League - Event 7,Amateur,National Ranking,Bucharest,Romania,2020,
3861,2020 English Under-21 Championship,Amateur,National Championship,Various,England,2020,
3893,2020 English Under-18 Championship,Amateur,National Championship,Various,England,2020,
4086,2020 New Zealand Masters Championship,Amateur,National Championship,Pakura,New Zealand,2020,
4087,2020 New Zealand Womens Championship,Amateur,National Championship,Porirua,New Zealand,2020,
3521,2020 Romania - National League - Event 6,Amateur,National Ranking,Bucharest,Romania,2020,
4080,2020 Russian Amateur Championship,Amateur,National Championship,Tyumen,Russia,2020,
4054,2020 English Open,Professional,Ranking,Milton Keynes,England,2020,
4022,2020 German Grand Prix - Event 1,Amateur,National Ranking,Hanover,Germany,2020,
3518,2020 Romania - National League - Event 5,Amateur,National Ranking,Bucharest,Romania,2020,
4007,2020 Bulgarian Amateur Championship,Amateur,National Championship,Sofia,Bulgaria,2020,
3946,2020 Finnish Amateur Championship,Amateur,National Championship,Oulo,Finland,2020,
3947,2020 Swedish Amateur Championship,Amateur,National Championship,Stockholm,Sweden,2020,
3945,2020 European Masters,Professional,Ranking,Milton Keynes,England,2020,
4077,2020 Slovenian Amateur Championship,Amateur,National Championship,Ljubljana,Slovenia,2020,
3904,2020 Ukrainian Amateur Championship,Amateur,National Championship,Kiev,Ukraine,2020,
3517,2020 Romania - National League - Event 4,Amateur,National Ranking,Bucharest,Romania,2020,
3880,2020 Championship League,Professional,Ranking,Milton Keynes,England,2020,
3510,2020 Northern Ireland Amateur Championship,Amateur,National Championship,Antrim,Northern Ireland,2020,
3822,2020 Welsh Under-21 Championship,Amateur,National Championship,Merthyr Tydfil,Wales,2020,
4002,2020 Northern Ireland Under-21 Championship,Amateur,National Championship,Antrim,Northern Ireland,2020,
3826,2020 Welsh Under-18 Championship,Amateur,National Championship,Merthyr Tydfil,Wales,2020,
3804,2020 Iceland Amateur Championship,Amateur,National Championship,Reykjavik,Iceland,2020,
3802,2020 Welsh Under-16 Championship,Amateur,National Championship,Merthyr Tydfil,Wales,2020,
3801,2020 Welsh Under-14 Championship,Amateur,National Championship,Merthyr Tydfil,Wales,2020,
3794,2020 World Seniors Championship,Pro-am,World Event,Sheffield,England,2020,
3891,2020 Turkish Amateur Championship,Amateur,National Championship,Istanbul,Turkey,2020,
3692,2020 Isle of Man Amateur Championship,Amateur,National Championship,Various,Isle of Man,2020,
3754,2020 Q School - Event 3,Professional,Tour Qualifier,Sheffield,England,2020,
3753,2020 Q School - Event 2,Professional,Tour Qualifier,Sheffield,England,2020,
3752,2020 Q School - Event 1,Professional,Tour Qualifier,Sheffield,England,2020,
3806,2020 Baltic Snooker League - Event 2,Amateur,Event,Riga,Latvia,2020,
3697,2020 Danish Amateur Championship,Amateur,National Championship,Copenhagen,Denmark,2020,
3687,2020 World Championship,Professional,Ranking,Sheffield,England,2020,
3755,2020 Moldova Amateur Championship,Amateur,National Championship,Chisinau,Moldova,2020,
3685,2020 Challenge Tour - Play-Off,Amateur,Event,Sheffield,England,2020,
3789,2020 Serbian Amateur Championship,Amateur,National Championship,Belgrad,Serbia,2020,
3669,2020 Tour Championship,Professional,Ranking,Milton Keynes,England,2020,
3673,2020 Latvia Amateur Championship,Amateur,National Championship,Riga,Latvia,2020,
3667,2020 Lithuanian Amateur Championship,Amateur,National Championship,Vilnius,Lithuania,2020,
3650,2020 Championship League,Professional,Invitational,Milton Keynes,England,2020,
3674,2020 English Under-16 Championship,Amateur,National Championship,Various,England,2020,
3480,2020 European Championships - Men,Amateur,Continental Event,Albufeira,Portugal,2020,
3479,2020 European 6-Reds Championship,Amateur,Continental Event,Albufeira,Portugal,2020,
3542,2020 Gibraltar Open,Professional,Ranking,Gibraltar,Gibraltar,2020,
3813,2020 World Seniors 6-Reds Qualifying,Amateur,Event,Sheffield,England,2020,
6516,2020 Bangladesh Amateur Championship,Amateur,National Championship,Chittagong,Bangladesh,2020,
3477,2020 European Championships - Under-21,Amateur,Continental Event,Albufeira,Portugal,2020,
3878,2020 Super Seniors 5,Amateur,Event,Clacton-on-Sea,England,2020,
3529,2020 English Womens Championship,Amateur,National Championship,Northampton,England,2020,
3478,2020 European Championships - Under-18,Amateur,Continental Event,Albufeira,Portugal,2020,
3814,2020 World Seniors British Open Qualifying,Amateur,Event,Clacton-on-Sea,England,2020,
3486,2020 Challenge Tour - Event 10,Amateur,Event,Leicester,England,2020,
3476,2020 Romania - National League - Event 3,Amateur,National Ranking,Bucharest,Romania,2020,
3483,2020 Polish Amateur Championship,Amateur,National Championship,Lublin,Poland,2020,
3474,2020 Players Championship,Professional,Ranking,Southport,England,2020,
3876,2020 Seniors Tour - Event 5,Amateur,Event,Northampton,England,2020,
3397,2020 Oceania Championship,Amateur,Continental Event,Mt Pritchard,Australia,2020,
3466,2020 Snooker Shoot Out,Professional,Ranking,Watford,England,2020,
3396,2020 Oceania 6-red Championship,Amateur,Continental Event,Mt Pritchard,Australia,2020,
3465,2020 Challenge Tour - Event 9,Amateur,Event,Llanelli,Wales,2020,
3431,2020 German Grand Prix - Event 3,Amateur,National Ranking,Rüsselsheim,Germany,2020,
3495,2020 Jersey Amateur Championship,Amateur,National Championship,Various,Jersey,2020,
5152,2020 Guernsey Womens Championship,Amateur,National Championship,Various,Guernsey,2020,
3449,2020 Welsh Open,Professional,Ranking,Cardiff,Wales,2020,
3877,2020 Super Seniors 4,Amateur,Event,Coulsdon,England,2020,
3905,2020 Swiss Amateur Championship,Amateur,National Championship,Staufen,Switzerland,2020,
5518,2020 Italian Open,Pro-am,Event,Bolzano,Italy,2020,
3445,2020 Romania - National League - Event 2,Amateur,National Ranking,Bucharest,Romania,2020,
3446,2020 Israel Amateur Championship,Amateur,National Championship,Ashdod,Israel,2020,
3394,2020 Oceania Championship - Under-21,Amateur,Continental Event,Tauranga,New Zealand,2020,
3395,2020 Oceania Championship - Women,Amateur,Continental Event,Tauranga,New Zealand,2020,
3393,2020 Indian Amateur Championship,Amateur,National Championship,Pune,India,2020,
3440,2020 World Grand Prix,Professional,Ranking,Cheltenham,England,2020,
3463,2020 Pakistan Amateur Championship,Amateur,National Championship,Karachi,Pakistan,2020,
3805,2020 Baltic Snooker League - Event 1,Amateur,Event,Tallinn,Estonia,2020,
3435,2020 English Amateur Tour - Event 5,Amateur,National Ranking,Tamworth,England,2020,
3437,2020 Belgian Womens Open,Amateur,Event,Bruges,Belgium,2020,
3438,2020 Belgian Womens Open - Seniors,Amateur,Event,Bruges,Belgium,2020,
3436,2020 Belgian Womens Open - Under-21,Amateur,Event,Bruges,Belgium,2020,
3365,2020 German Masters,Professional,Ranking,Berlin,Germany,2020,
4341,2020 Austrian Under-21 Championship,Amateur,National Championship,Wels,Austria,2020,
3321,2020 English Amateur Championship,Amateur,National Championship,Cheltenham,England,2020,
4351,2020 Austrian Masters Championship,Amateur,National Championship,Salzburg,Austria,2020,
4362,2020 Austrian Womens Championship,Amateur,National Championship,Vienna,Austria,2020,
4423,2020 Irish Womens 10-red Championship,Amateur,National Championship,Newbridge,Ireland,2020,
3398,2020 Romania - National League - Event 1,Amateur,National Ranking,Bucharest,Romania,2020,
3364,2020 European Masters,Professional,Ranking,Dornbirn,Austria,2020,
3374,2020 Austrian Amateur Championship,Amateur,National Championship,Vienna,Austria,2020,
3279,2020 Challenge Tour - Event 8,Amateur,Event,Tamworth,England,2020,
3375,2020 German Grand Prix - Masters - Event 2,Amateur,National Ranking,Heilbronn,Germany,2020,
3376,2020 Nordic Snooker Championship,Amateur,Continental Event,Copenhagen,Denmark,2020,
3391,2020 Masters,Professional,Invitational,London,England,2020,
3875,2020 Seniors Tour - Event 4,Amateur,Event,Waterlooville,England,2020,
3378,2020 WSF Open,Amateur,World Event,Hamrun,Malta,2020,
3821,2020 Australian Under-15 Championship,Amateur,National Championship,Albury,Australia,2020,
4229,2020 Australian Under-18 Championship,Amateur,National Championship,Albury,Australia,2020,
4230,2020 Australian Womens Under-18 Championship,Amateur,National Championship,Albury,Australia,2020,
3379,2020 English Amateur Tour - Event 4,Amateur,National Ranking,Derby,England,2020,
3377,2020 WSF Junior Open,Amateur,World Event,Hamrun,Malta,2020,
3362,2020 3 Kings Open,Pro-am,Event,Rankweil,Austria,2020,
3357,2020 Singapore Amateur Championship,Amateur,National Championship,Singapore,Singapore,2020,
3485,2020 Challenge Tour - Event 5,Amateur,Event,Leicester,England,2020,
3464,2020 Guernsey Amateur Championship,Amateur,National Championship,Various,Guernsey,2020,
3815,2020 English Over-55 Championship,Amateur,National Championship,Various,England,2020,
3275,2020 Championship League,Professional,Invitational,Leicester,England,2020,
4753,2021 Albanian Amateur Championship,Amateur,National Championship,Unknown,Albania,2021,
4728,2021 EPSB Open Series - Breakers - Event 8,Amateur,Event,Leicester,England,2021,
4709,2021 World Seniors Super Seniors - Event 2,Amateur,Event,Reading,England,2021,
4717,2021 EPSB Open Series - Landywood - Event 4,Amateur,Event,Walsall,England,2021,
4713,2021 German Grand Prix - Event 2,Amateur,National Ranking,Rüsselsheim,Germany,2021,
4688,2021 Irish Amateur Championship,Amateur,National Championship,Carlow,Ireland,2021,
4711,2021 World Seniors Q School World Championships - Event 2,Pro-am,Event,Reading,England,2021,
4710,2021 World Seniors Super Seniors - Event 1,Amateur,Event,Reading,England,2021,
4730,2021 Croatian Amateur Championship,Amateur,National Championship,Zagreb,Croatia,2021,
4708,2021 World Seniors Q School World Championships - Event 1,Pro-am,Event,Reading,England,2021,
4707,2021 World Grand Prix,Professional,Ranking,Coventry,England,2021,
4704,2021 EPSB Open Series - Breakers - Event 7,Amateur,Event,Leicester,England,2021,
4703,2021 EPSB Open Series - Sams - Event 4,Amateur,Event,Hartlepool,England,2021,
4705,2021 EPSB Womens Tour - Event 4,Amateur,Event,King's Lynn,England,2021,
4701,2021 EPSB Open Series - Barratts - Event 7,Amateur,Event,Northampton,England,2021,
4702,2021 EPSB Womens Tour - Event 3,Amateur,Event,King's Lynn,England,2021,
4712,2021 Latvia Amateur Championship,Amateur,National Championship,Riga,Latvia,2021,
4700,2021 Q Tour - Event 2,Amateur,Event,Llanelli,Wales,2021,
4706,2021 Russian Amateur Championship,Amateur,National Championship,Tyumen,Russia,2021,
5431,2021 Indian Amateur Championship,Amateur,National Championship,Bhopal,India,2021,
4518,2021 Scottish Open,Professional,Ranking,Llandudno,Wales,2021,
4685,2021 EPSB Open Series - Tradewell - Event 7,Amateur,Event,Hull,England,2021,
4686,2021 Seniors Tour - Event 6,Amateur,Event,Lowestoft,England,2021,
4684,2021 EPSB Open Series - Elite - Event 2,Amateur,Event,Preston,England,2021,
4664,2021 EPSB Open Series - Landywood - Event 3,Amateur,Event,Walsall,England,2021,
4687,2021 Hungarian Amateur Championship,Amateur,National Championship,Budapest,Hungary,2021,
4665,2021 Seniors Tour - Event 5,Amateur,Event,Lowestoft,England,2021,
4683,2021 Swiss Amateur Championship,Amateur,National Championship,Staufen,Switzerland,2021,
4663,2021 Romania - National League - Event 10,Amateur,National Ranking,Bucharest,Romania,2021,
4864,2021 Finnish Amateur Championship,Amateur,National Championship,Helsinki,Finland,2021,
5430,2021 Georgian Amateur Championship,Amateur,National Championship,Unknown,Georgia,2021,
4632,2021 German Grand Prix - Masters - Event 1,Amateur,National Ranking,Vallendar,Germany,2021,
4641,2021 Womens Masters,Amateur,Event,Coulsdon,England,2021,
4642,2021 Womens Masters - Seniors,Amateur,Event,Coulsdon,England,2021,
4643,2021 Womens Masters - Under-21,Amateur,Event,Coulsdon,England,2021,
4689,2021 Swedish Amateur Championship,Amateur,National Championship,Stockholm,Sweden,2021,
4621,2021 UK Championship,Professional,Ranking,York,England,2021,
4617,2021 EPSB Open Series - Breakers - Event 6,Amateur,Event,Leicester,England,2021,
4618,2021 EPSB Open Series - Cueball - Event 3,Amateur,Event,Derby,England,2021,
4619,2021 EPSB Open Series - Tradewell - Event 6,Amateur,Event,Hull,England,2021,
4640,2021 Irish Over-55 Championship,Amateur,National Championship,Newbridge,Ireland,2021,
4616,2021 EPSB Open Series - Barratts - Event 5,Amateur,Event,Northampton,England,2021,
4615,2021 Q Tour - Event 1,Amateur,Event,Brighton,England,2021,
3512,2021 Pan American Championship,Amateur,Continental Event,Toronto,Canada,2021,
4613,2021 Champion of Champions,Professional,Invitational,Bolton,England,2021,
4608,2021 EPSB Open Series - Sams - Event 3,Amateur,Event,Hartlepool,England,2021,
4609,2021 Seniors Tour - Event 4,Amateur,Event,Northampton,England,2021,
4607,2021 Irish Under-21 Championship,Amateur,National Championship,Cork,Ireland,2021,
4606,2021 Pan American Championship - Masters,Amateur,Continental Event,Toronto,Canada,2021,
4601,2021 Seniors Tour - Event 3,Amateur,Event,Northampton,England,2021,
4611,2021 Norwegian Amateur Championship,Amateur,National Championship,Sagvag,Norway,2021,
4612,2021 Romania - National League - Event 9,Amateur,National Ranking,Bucharest,Romania,2021,
4594,2021 EPSB Open Series - Cueball - Event 2,Amateur,Event,Derby,England,2021,
4592,2021 EPSB Open Series - Breakers - Event 5,Amateur,Event,Leicester,England,2021,
4548,2021 German Amateur Championship,Amateur,National Championship,Bad Wildungen,Germany,2021,
4512,2021 English Open,Professional,Ranking,Milton Keynes,England,2021,
4589,2021 English Amateur Tour - Event 2,Amateur,National Ranking,Leeds,England,2021,
4549,2021 German Masters Championship,Amateur,National Championship,Bad Wildungen,Germany,2021,
4587,2021 English Amateur Tour - Event 1,Amateur,National Ranking,Leeds,England,2021,
4590,2021 Irish Under-16 Championship,Amateur,National Championship,Newbridge,Ireland,2021,
4550,2021 German Womens Championship,Amateur,National Championship,Bad Wildungen,Germany,2021,
5582,2021 Wels Open,Amateur,Event,Wels,Austria,2021,
4556,2021 German Under-21 Championship,Amateur,National Championship,Bad Wildungen,Germany,2021,
4569,2021 EPSB Open Series - Tradewell - Event 4,Amateur,Event,Hull,England,2021,
4570,2021 EPSB Open Series - Winchester - Event 4,Amateur,Event,Leicester,England,2021,
4555,2021 German Under-18 Championship,Amateur,National Championship,Bad Wildungen,Germany,2021,
4554,2021 German Under-15 Championship,Amateur,National Championship,Bad Wildungen,Germany,2021,
4562,2021 Kazakh Amateur Championship,Amateur,National Championship,Almaty,Kazakhstan,2021,
4545,2021 EPSB Open Series - Breakers - Event 4,Amateur,Event,Leicester,England,2021,
4546,2021 EPSB Open Series - Sams - Event 2,Amateur,Event,Hartlepool,England,2021,
4558,2021 Irish Under-18 Championship,Amateur,National Championship,Newbridge,Ireland,2021,
4557,2021 Irish Under-14 Championship,Amateur,National Championship,Newbridge,Ireland,2021,
4561,2021 Romania - National League - Event 8,Amateur,National Ranking,Bucharest,Romania,2021,
4543,2021 United States Amateur Championship,Amateur,National Championship,New York,United States,2021,
4540,2021 European Championships - Masters,Amateur,Continental Event,Albufeira,Portugal,2021,
4541,2021 European Championships - Women,Amateur,Continental Event,Albufeira,Portugal,2021,
4538,2021 EPSB Open Series - Winchester - Event 3,Amateur,Event,Leicester,England,2021,
4495,2021 Northern Ireland Open,Professional,Ranking,Belfast,Northern Ireland,2021,
4544,2021 Scottish Under-14 Championship,Amateur,National Championship,Various,Scotland,2021,
4547,2021 Dutch Amateur Championship,Amateur,National Championship,Zaandam,Netherlands,2021,
4539,2021 EPSB Open Series - Barratts - Event 3,Amateur,Event,Northampton,England,2021,
4542,2021 German Grand Prix - Event 1,Amateur,National Ranking,Heilbronn,Germany,2021,
4537,2021 European Championships - Men,Amateur,Continental Event,Albufeira,Portugal,2021,
4536,2021 European 6-Reds Championship,Amateur,Continental Event,Albufeira,Portugal,2021,
4535,2021 European Championships - Under-21,Amateur,Continental Event,Albufeira,Portugal,2021,
4531,2021 EPSB Open Series - Breakers - Event 3,Amateur,Event,Leicester,England,2021,
4532,2021 EPSB Open Series - Cueball - Event 1,Amateur,Event,Derby,England,2021,
4533,2021 EPSB Open Series - Tradewell - Event 3,Amateur,Event,Hull,England,2021,
4534,2021 EPSB Womens Tour - Event 2,Amateur,Event,Liverpool,England,2021,
4529,2021 EPSB Womens Tour - Event 1,Amateur,Event,Liverpool,England,2021,
4530,2021 European Championships - Under-18,Amateur,Continental Event,Albufeira,Portugal,2021,
5456,2021 Pakistan Amateur Championship,Amateur,National Championship,Karachi,Pakistan,2021,
4523,2021 EPSB Open Series - Breakers - Event 2,Amateur,Event,Leicester,England,2021,
4517,2021 Scottish Amateur Championship,Amateur,National Championship,Various,Scotland,2021,
4519,2021 EPSB Open Series - Barratts - Event 2,Amateur,Event,Northampton,England,2021,
4526,2021 Estonian Amateur Championship,Amateur,National Championship,Tallinn,Estonia,2021,
4559,2021 Irish Masters Championship,Amateur,National Championship,Cork,Ireland,2021,
4524,2021 Scottish Under-16 Championship,Amateur,National Championship,Various,Scotland,2021,
4525,2021 Ukrainian Amateur Championship,Amateur,National Championship,Kiev,Ukraine,2021,
4516,2021 EPSB Open Series - Sams - Event 1,Amateur,Event,Hartlepool,England,2021,
4515,2021 EPSB Open Series - Tradewell - Event 2,Amateur,Event,Hull,England,2021,
4527,2021 Scottish Masters Championship,Amateur,National Championship,Various,Scotland,2021,
4514,2021 EPSB Open Series - Winchester - Event 2,Amateur,Event,Leicester,England,2021,
4520,2021 Scottish Under-21 Championship,Amateur,National Championship,Various,Scotland,2021,
4511,2021 IBSF 6-Reds World Championship - Men,Amateur,World Event,Doha,Qatar,2021,
4510,2021 Asian Championship,Amateur,Continental Event,Doha,Qatar,2021,
4506,2021 EPSB Open Series - Breakers - Event 1,Amateur,Event,Leicester,England,2021,
4505,2021 Seniors Tour - Event 2,Amateur,Event,Hull,England,2021,
4503,2021 EPSB Open Series - Barratts - Event 1,Amateur,Event,Northampton,England,2021,
4504,2021 Seniors Tour - Event 1,Amateur,Event,Hull,England,2021,
4507,2021 Swedish Womens Championship,Amateur,National Championship,Stockholm,Sweden,2021,
4509,2021 Romania - National League - Event 7,Amateur,National Ranking,Bucharest,Romania,2021,
4502,2021 Italian Amateur Championship,Amateur,National Championship,Bolzano,Italy,2021,
4500,2021 EPSB Open Series - Tradewell - Event 1,Amateur,Event,Hull,England,2021,
4501,2021 EPSB Open Series - Winchester - Event 1,Amateur,Event,Leicester,England,2021,
4497,2021 UK Womens Championship,Amateur,Event,Leeds,England,2021,
4498,2021 UK Womens Championship - Seniors,Amateur,Event,Leeds,England,2021,
4499,2021 UK Womens Championship - Under-21,Amateur,Event,Leeds,England,2021,
4494,2021 British Open,Professional,Ranking,Leicester,England,2021,
4493,2021 English Womens Open,Amateur,Event,Leeds,England,2021,
4470,2021 Welsh Masters Championship,Amateur,National Championship,Llanelli,Wales,2021,
4467,2021 Turkish Amateur Championship,Amateur,National Championship,Istanbul,Turkey,2021,
4455,2021 World Seniors Super Seniors - Event 2,Amateur,Event,Reading,England,2021,
4447,2021 Danish Under-21 Championship,Amateur,National Championship,Copenhagen,Denmark,2021,
4444,2021 World Seniors UK Championship - Qualifier 2,Amateur,Event,Reading,England,2021,
4443,2021 World Seniors Super Seniors - Event 1,Amateur,Event,Reading,England,2021,
4442,2021 World Seniors UK Championship - Qualifier 1,Amateur,Event,Reading,England,2021,
4441,2021 Championship League,Professional,Ranking,Leicester,England,2021,
4426,2021 Danish Amateur Championship,Amateur,National Championship,Copenhagen,Denmark,2021,
4440,2021 Portuguese Amateur Championship,Amateur,National Championship,Curia,Portugal,2021,
4439,2021 Northern Ireland Amateur Championship,Amateur,National Championship,Antrim,Northern Ireland,2021,
4427,2021 Northern Ireland Under-21 Championship,Amateur,National Championship,Magherafelt,Northern Ireland,2021,
4428,2021 Spanish Amateur Championship,Amateur,National Championship,Madrid,Spain,2021,
4429,2021 Malta Amateur Championship,Amateur,National Championship,Hamrun,Malta,2021,
4422,2021 Bulgarian Amateur Championship,Amateur,National Championship,Sofia,Bulgaria,2021,
4425,2021 Irish Womens 6-red Championship,Amateur,National Championship,Newbridge,Ireland,2021,
4416,2021 Romania - National League - Event 6,Amateur,National Ranking,Bucharest,Romania,2021,
4410,2021 Q School - Event 3,Professional,Tour Qualifier,Sheffield,England,2021,
4970,2021 Serbian Amateur Championship,Amateur,National Championship,Belgrad,Serbia,2021,
4409,2021 Q School - Event 2,Professional,Tour Qualifier,Sheffield,England,2021,
4407,2021 Lithuanian Amateur Championship,Amateur,National Championship,Vilnius,Lithuania,2021,
4405,2021 Q School - Event 1,Professional,Tour Qualifier,Sheffield,England,2021,
2237,2021 Belarus Amateur Championship,Amateur,National Championship,Minsk,Belarus,2021,
3520,2021 Romania - National League - Event 5,Amateur,National Ranking,Bucharest,Romania,2021,
4401,2021 World Seniors Championship,Pro-am,World Event,Sheffield,England,2021,
4404,2021 Jersey Amateur Championship,Amateur,National Championship,Various,Jersey,2021,
4403,2021 Iceland Amateur Championship,Amateur,National Championship,Reykjavik,Iceland,2021,
4400,2021 Australian Masters Championship,Amateur,National Championship,Tumbi Umbi,Australia,2021,
4396,2021 World Championship,Professional,Ranking,Sheffield,England,2021,
4398,2021 Romania - National League - Event 4,Amateur,National Ranking,Bucharest,Romania,2021,
3513,2021 CBSA Tour Qualifier 2,Amateur,National Ranking,Beijing,China,2021,
4399,2021 CBSA Tour Qualifier 1,Amateur,National Ranking,Beijing,China,2021,
5150,2021 Guernsey Womens Championship,Amateur,National Championship,St. Peter Port,Guernsey,2021,
4395,2021 World Seniors Q School World Championships,Pro-am,Event,Reading,England,2021,
4393,2021 Tour Championship,Professional,Ranking,Newport,Wales,2021,
4392,2021 Romania - National League - Event 3,Amateur,National Ranking,Bucharest,Romania,2021,
4391,2021 Polish Amateur Championship,Amateur,National Championship,Lublin,Poland,2021,
4389,2021 Croatian Amateur Championship,Amateur,National Championship,Zagreb,Croatia,2021,
4387,2021 Gibraltar Open,Professional,Ranking,Milton Keynes,England,2021,
4386,2021 New Zealand Under-21 Championship,Amateur,National Championship,Otaki,New Zealand,2021,
4385,2021 Players Championship,Professional,Ranking,Milton Keynes,England,2021,
4384,2021 Romania - National League - Event 2,Amateur,National Ranking,Bucharest,Romania,2021,
4383,2021 Welsh Open,Professional,Ranking,Newport,Wales,2021,
4210,2021 Singapore Amateur Championship,Amateur,National Championship,Singapore,Singapore,2021,
4382,2021 Snooker Shoot Out,Professional,Ranking,Milton Keynes,England,2021,
4363,2021 Romania - National League - Event 1,Amateur,National Ranking,Bucharest,Romania,2021,
4137,2021 German Masters,Professional,Ranking,Milton Keynes,England,2021,
4333,2021 WST Pro Series,Professional,Ranking,Milton Keynes,England,2021,
4307,2021 Masters,Professional,Invitational,Milton Keynes,England,2021,
4301,2021 World Seniors Championship - Qualifier 1,Pro-am,World Event,Reading,England,2021,
4302,2021 World Seniors Super Seniors - Event 1,Amateur,Event,Reading,England,2021,
4297,2021 World Seniors UK Championship - Qualifier 1,Amateur,Event,Reading,England,2021,
4295,2021 Championship League,Professional,Invitational,Milton Keynes,England,2021,
4296,2021 World Seniors Masters - Qualifier 1,Amateur,Event,Reading,England,2021,
6075,2021 South African Amateur Championship,Amateur,National Championship,Johannesburg,South Africa,2021,
4463,2021 Isle of Man Amateur Championship,Amateur,National Championship,Various,Isle of Man,2021,
4053,2021 Guernsey Amateur Championship,Amateur,National Championship,Various,Guernsey,2021,
3672,2021 English Under-14 Championship,Amateur,National Championship,Various,England,2021,
3496,2021 Welsh Amateur Championship,Amateur,National Championship,Various,Wales,2021,
6823,2022 German Snooker Tour - Event 74,Amateur,Event,Berlin,Germany,2022,
6822,2022 German Snooker Tour - Event 75,Amateur,Event,Karlsruhe,Germany,2022,
6824,2022 German Snooker Tour - Event 73,Amateur,Event,Wettstetten,Germany,2022,
5449,2022 EPSB Open Series - Landywood - Event 3,Amateur,Event,Walsall,England,2022,
5450,2022 EPSB Open Series - Tradewell - Event 5,Amateur,Event,Hull,England,2022,
6825,2022 German Snooker Tour - Event 72,Amateur,Event,Berlin,Germany,2022,
5447,2022 EPSB Open Series - Breakers - Event 3,Amateur,Event,Leicester,England,2022,
5448,2022 EPSB Open Series - Crucible - Event 2,Amateur,Event,Newbury,England,2022,
6831,2022 German Snooker Tour - Event 66,Amateur,Event,Selb,Germany,2022,
6830,2022 German Snooker Tour - Event 67,Amateur,Event,Fürth,Germany,2022,
6829,2022 German Snooker Tour - Event 68,Amateur,Event,Essen,Germany,2022,
6828,2022 German Snooker Tour - Event 69,Amateur,Event,Essen,Germany,2022,
6827,2022 German Snooker Tour - Event 70,Amateur,Event,Vallendar,Germany,2022,
6826,2022 German Snooker Tour - Event 71,Amateur,Event,Vallendar,Germany,2022,
5454,2022 Indian Amateur Championship,Amateur,National Championship,Bhopal,India,2022,
5343,2022 English Open,Professional,Ranking,Leicester,England,2022,
5427,2022 EPSB Open Series - Cueball - Event 3,Amateur,Event,Derby,England,2022,
6833,2022 German Snooker Tour - Event 64,Amateur,Event,Berlin,Germany,2022,
6832,2022 German Snooker Tour - Event 65,Amateur,Event,Berlin,Germany,2022,
6834,2022 German Snooker Tour - Event 63,Amateur,Event,Fürth,Germany,2022,
5426,2022 World Seniors Open Series - Event 1,Amateur,Event,Newbury,England,2022,
5425,2022 Q Tour - Event 5,Amateur,Event,Walsall,England,2022,
5420,2022 EPSB Open Series - London - Event 2,Amateur,Event,London,England,2022,
5414,2022 Czech Amateur Championship,Amateur,National Championship,Prague,Czech Republic,2022,
5419,2022 English Amateur Tour - Event 4,Amateur,National Ranking,Woking,England,2022,
6837,2022 German Snooker Tour - Event 60,Amateur,Event,Magdeburg,Germany,2022,
6836,2022 German Snooker Tour - Event 61,Amateur,Event,Schwerin,Germany,2022,
6835,2022 German Snooker Tour - Event 62,Amateur,Event,Vallendar,Germany,2022,
5416,2022 Hungarian Amateur Championship,Amateur,National Championship,Budapest,Hungary,2022,
5413,2022 Slovak Amateur Championship,Amateur,National Championship,Prešov,Slovakia,2022,
5415,2022 Swiss Amateur Championship,Amateur,National Championship,Vétroz,Switzerland,2022,
6838,2022 German Snooker Tour - Event 59,Amateur,Event,Rüsselsheim,Germany,2022,
5316,2022 Scottish Open,Professional,Ranking,Edinburgh,Scotland,2022,
5411,2022 EPSB Open Series - Cueball - Event 2,Amateur,Event,Derby,England,2022,
5412,2022 EPSB Open Series - Tradewell - Event 4,Amateur,Event,Hull,England,2022,
5333,2022 German Grand Prix - Event 2,Amateur,National Ranking,Hanover,Germany,2022,
6520,2022 SAARC Championship,Amateur,Event,Dhaka,Bangladesh,2022,
5403,2022 Womens Masters,Amateur,Event,Coulsdon,England,2022,
5404,2022 Womens Masters - Seniors,Amateur,Event,Coulsdon,England,2022,
5405,2022 Womens Masters - Under-21,Amateur,Event,Coulsdon,England,2022,
5402,2022 Q Tour - Event 4,Amateur,Event,Stockholm,Sweden,2022,
5457,2022 Romania - National League - Event 10,Amateur,National Ranking,Bucharest,Romania,2022,
5397,2022 EPSB Open Series - Stratford - Event 2,Amateur,Event,Stratford-upon-Avon,England,2022,
6839,2022 German Snooker Tour - Event 57,Amateur,Event,Berlin,Germany,2022,
5396,2022 Seniors Tour - Event 4,Amateur,Event,Tamworth,England,2022,
5395,2022 EPSB Open Series - Breakers - Event 2,Amateur,Event,Leicester,England,2022,
6841,2022 German Snooker Tour - Event 55,Amateur,Event,Berlin,Germany,2022,
6840,2022 German Snooker Tour - Event 56,Amateur,Event,Berlin,Germany,2022,
5394,2022 Seniors Tour - Event 3,Amateur,Event,Tamworth,England,2022,
5352,2022 German Amateur Championship,Amateur,National Championship,Bad Wildungen,Germany,2022,
5353,2022 New Zealand Amateur Championship,Amateur,National Championship,Gore,New Zealand,2022,
5380,2022 EPSB Open Series - Landywood - Event 2,Amateur,Event,Walsall,England,2022,
5377,2022 English Amateur Tour - Event 3,Amateur,National Ranking,Preston,England,2022,
5351,2022 German Masters Championship,Amateur,National Championship,Bad Wildungen,Germany,2022,
6842,2022 German Snooker Tour - Event 54,Amateur,Event,Essen,Germany,2022,
5357,2022 UK Championship,Professional,Ranking,York,England,2022,
5350,2022 German Womens Championship,Amateur,National Championship,Bad Wildungen,Germany,2022,
5389,2022 Romania - National League - Event 9,Amateur,National Ranking,Bucharest,Romania,2022,
5373,2022 World Amateur Championship - Masters,Amateur,World Event,Antalya,Turkey,2022,
5372,2022 World Amateur Championship - Women,Amateur,World Event,Antalya,Turkey,2022,
5348,2022 German Under-21 Championship,Amateur,National Championship,Bad Wildungen,Germany,2022,
5376,2022 EPSB Open Series - Tradewell - Event 3,Amateur,Event,Hull,England,2022,
5347,2022 German Under-18 Championship,Amateur,National Championship,Bad Wildungen,Germany,2022,
5375,2022 EPSB Open Series - Elite - Event 2,Amateur,Event,Preston,England,2022,
6846,2022 German Snooker Tour - Event 50,Amateur,Event,Rüsselsheim,Germany,2022,
6845,2022 German Snooker Tour - Event 51,Amateur,Event,Rüsselsheim,Germany,2022,
6844,2022 German Snooker Tour - Event 52,Amateur,Event,Magdeburg,Germany,2022,
6843,2022 German Snooker Tour - Event 53,Amateur,Event,Vallendar,Germany,2022,
5346,2022 German Under-15 Championship,Amateur,National Championship,Bad Wildungen,Germany,2022,
5371,2022 World Amateur Championship - Men,Amateur,World Event,Antalya,Turkey,2022,
6847,2022 German Snooker Tour - Event 49,Amateur,Event,Rüsselsheim,Germany,2022,
5344,2022 Champion of Champions,Professional,Invitational,Bolton,England,2022,
5354,2022 EPSB Open Series - Breakers - Event 1,Amateur,Event,Leicester,England,2022,
5355,2022 EPSB Open Series - London - Event 1,Amateur,Event,London,England,2022,
5356,2022 World Seniors Super Seniors - Event 1,Amateur,Event,Reading,England,2022,
6850,2022 German Snooker Tour - Event 46,Amateur,Event,Berlin,Germany,2022,
6849,2022 German Snooker Tour - Event 47,Amateur,Event,Berlin,Germany,2022,
6848,2022 German Snooker Tour - Event 48,Amateur,Event,Rüsselsheim,Germany,2022,
5142,2022 Turkish Amateur Championship,Amateur,National Championship,Istanbul,Turkey,2022,
5581,2022 Wels Open,Amateur,Event,Wels,Austria,2022,
5345,2022 World Seniors Championship - Qualifier 1,Pro-am,World Event,Reading,England,2022,
5331,2022 Pan American Championship,Amateur,Continental Event,Toronto,Canada,2022,
6851,2022 German Snooker Tour - Event 45,Amateur,Event,Berlin,Germany,2022,
5328,2022 English Amateur Tour - Event 2,Amateur,National Ranking,Leicester,England,2022,
5319,2022 German Grand Prix - Masters - Event 1,Amateur,National Ranking,Rüsselsheim,Germany,2022,
5332,2022 Pan American Championship - Masters,Amateur,Continental Event,Toronto,Canada,2022,
5325,2022 Scottish Womens Open,Amateur,Event,Glasgow,Scotland,2022,
5326,2022 Scottish Womens Open - Senior,Amateur,Event,Glasgow,Scotland,2022,
5327,2022 Scottish Womens Open - Under-21,Amateur,Event,Glasgow,Scotland,2022,
5330,2022 Ukrainian Amateur Championship,Amateur,National Championship,Kiev,Ukraine,2022,
5341,2022 Romania - National League - Event 8,Amateur,National Ranking,Bucharest,Romania,2022,
5340,2022 Moldova Amateur Championship,Amateur,National Championship,Chisinau,Moldova,2022,
5320,2022 EPSB Open Series - Landywood - Event 1,Amateur,Event,Walsall,England,2022,
5321,2022 EPSB Open Series - Tradewell - Event 2,Amateur,Event,Hull,England,2022,
5270,2022 Northern Ireland Open,Professional,Ranking,Belfast,Northern Ireland,2022,
6855,2022 German Snooker Tour - Event 40,Amateur,Event,Selb,Germany,2022,
6854,2022 German Snooker Tour - Event 41,Amateur,Event,Essen,Germany,2022,
6853,2022 German Snooker Tour - Event 42,Amateur,Event,Vallendar,Germany,2022,
6852,2022 German Snooker Tour - Event 43,Amateur,Event,Vallendar,Germany,2022,
5342,2022 Irish Amateur Tour - Event 2,Amateur,National Ranking,Carlow,Ireland,2022,
5324,2022 New Zealand Masters Championship,Amateur,National Championship,Christchurch,New Zealand,2022,
5322,2022 New Zealand Under-21 Championship,Amateur,National Championship,Christchurch,New Zealand,2022,
5323,2022 New Zealand Womens Championship,Amateur,National Championship,Christchurch,New Zealand,2022,
5318,2022 Q Tour - Event 3,Amateur,Event,Mons,Belgium,2022,
5329,2022 Russian Amateur Championship,Amateur,National Championship,Tyumen,Russia,2022,
5315,2022 EPSB Open Series - Cueball - Event 1,Amateur,Event,Derby,England,2022,
5314,2022 EPSB Open Series - Crucible - Event 1,Amateur,Event,Newbury,England,2022,
6857,2022 German Snooker Tour - Event 38,Amateur,Event,Berlin,Germany,2022,
6856,2022 German Snooker Tour - Event 39,Amateur,Event,Vallendar,Germany,2022,
6859,2022 German Snooker Tour - Event 36,Amateur,Event,Heilbronn,Germany,2022,
6858,2022 German Snooker Tour - Event 37,Amateur,Event,Rüsselsheim,Germany,2022,
6540,2022 Australian Open Championship,Pro-am,Continental Event,Mt Prichard,Australia,2022,
5312,2022 Hong Kong Masters,Professional,Invitational,Hong Kong,Hong Kong,2022,
6860,2022 German Snooker Tour - Event 35,Amateur,Event,Heilbronn,Germany,2022,
5302,2022 IBSF 6-Reds World Championship - Women,Amateur,World Event,Kuala Lumpur,Malaysia,2022,
5310,2022 EPSB Open Series - Stratford - Event 1,Amateur,Event,Stratford-upon-Avon,England,2022,
5311,2022 EPSB Open Series - Tradewell - Event 1,Amateur,Event,Hull,England,2022,
6862,2022 German Snooker Tour - Event 33,Amateur,Event,Heilbronn,Germany,2022,
6861,2022 German Snooker Tour - Event 34,Amateur,Event,Heilbronn,Germany,2022,
5305,2022 Australian Womens Open,Amateur,Event,Sydney,Australia,2022,
5307,2022 Dutch Amateur Championship,Amateur,National Championship,Zaandam,Netherlands,2022,
5309,2022 EPSB Open Series - Woking - Event 1,Amateur,Event,Woking,England,2022,
5308,2022 Estonian Amateur Championship,Amateur,National Championship,Tallinn,Estonia,2022,
6863,2022 German Snooker Tour - Event 31,Amateur,Event,Heilbronn,Germany,2022,
6864,2022 German Snooker Tour - Event 32,Amateur,Event,Heilbronn,Germany,2022,
6865,2022 German Snooker Tour - Event 30,Amateur,Event,Heilbronn,Germany,2022,
5301,2022 IBSF 6-Reds World Championship - Men,Amateur,World Event,Kuala Lumpur,Malaysia,2022,
5163,2022 British Open,Professional,Ranking,Milton Keynes,England,2022,
5300,2022 Asian 6-reds Championship,Amateur,Continental Event,Kuala Lumpur,Malaysia,2022,
5303,2022 Belgium Ranking - Event 1,Amateur,National Ranking,Lochristi,Belgium,2022,
5297,2022 English Amateur Tour - Event 1,Amateur,National Ranking,Hull,England,2022,
5304,2022 Romania - National League - Event 7,Amateur,National Ranking,Bucharest,Romania,2022,
6866,2022 German Snooker Tour - Event 29,Amateur,Event,Berlin,Germany,2022,
5287,2022 English Womens Open,Amateur,Event,Leicester,England,2022,
5286,2022 German Grand Prix - Event 1,Amateur,National Ranking,Bielefeld,Germany,2022,
5299,2022 Irish Amateur Tour - Event 1,Amateur,National Ranking,Carlow,Ireland,2022,
5284,2022 Q Tour - Event 2,Amateur,Event,Brighton,England,2022,
5317,2022 Albanian Amateur Championship,Amateur,National Championship,Tirana,Albania,2022,
5306,2022 Malta Ranking - Event 1,Amateur,National Ranking,Hamrun,Malta,2022,
6867,2022 German Snooker Tour - Event 27,Amateur,Event,Wettstetten,Germany,2022,
5283,2022 Seniors Tour - Event 2,Amateur,Event,Lowestoft,England,2022,
6871,2022 German Snooker Tour - Event 23,Amateur,Event,Berlin,Germany,2022,
6870,2022 German Snooker Tour - Event 24,Amateur,Event,Hanover,Germany,2022,
6869,2022 German Snooker Tour - Event 25,Amateur,Event,Vallendar,Germany,2022,
6868,2022 German Snooker Tour - Event 26,Amateur,Event,Vallendar,Germany,2022,
5282,2022 Seniors Tour - Event 1,Amateur,Event,Lowestoft,England,2022,
5280,2022 Kazakh Amateur Championship,Amateur,National Championship,Almaty,Kazakhstan,2022,
6874,2022 German Snooker Tour - Event 20,Amateur,Event,Essen,Germany,2022,
6873,2022 German Snooker Tour - Event 21,Amateur,Event,Karlsruhe,Germany,2022,
6872,2022 German Snooker Tour - Event 22,Amateur,Event,Magdeburg,Germany,2022,
6875,2022 German Snooker Tour - Event 19,Amateur,Event,Rüsselsheim,Germany,2022,
5281,2022 Q Tour - Event 1,Amateur,Event,North Shields,England,2022,
5276,2022 United States Amateur Championship,Amateur,National Championship,Seattle,United States,2022,
5277,2022 Australian Amateur Championship,Amateur,National Championship,Melbourne,Australia,2022,
6876,2022 German Snooker Tour - Event 18,Amateur,Event,Heilbronn,Germany,2022,
6877,2022 German Snooker Tour - Final,Amateur,Event,Heilbronn,Germany,2022,
5279,2022 US Womens Open,Amateur,Event,Seattle,United States,2022,
5388,2022 African Championship - Men,Amateur,Continental Event,Casablanca,Morocco,2022,
5275,2022 Nordic Snooker Championship,Amateur,Continental Event,Reykjavik,Iceland,2022,
5186,2022 World Under-21 Championship - Men,Amateur,World Event,Bucharest,Romania,2022,
6878,2022 German Snooker Tour - Event 16,Amateur,Event,Berlin,Germany,2022,
5187,2022 World Under-21 Championship - Women,Amateur,World Event,Bucharest,Romania,2022,
6881,2022 German Snooker Tour - Event 13,Amateur,Event,Fürth,Germany,2022,
6880,2022 German Snooker Tour - Event 14,Amateur,Event,Vallendar,Germany,2022,
6879,2022 German Snooker Tour - Event 15,Amateur,Event,Schwerin,Germany,2022,
5185,2022 World Under-18 Championship - Men,Amateur,World Event,Bucharest,Romania,2022,
5144,2022 European Masters,Professional,Ranking,Fürth,Germany,2022,
5184,2022 World Under-16 Championship - Men,Amateur,World Event,Bucharest,Romania,2022,
6882,2022 German Snooker Tour - Event 12,Amateur,Event,Erfurt,Germany,2022,
6883,2022 German Snooker Tour - Event 11,Amateur,Event,Magdeburg,Germany,2022,
6884,2022 German Snooker Tour - Event 10,Amateur,Event,Rüsselsheim,Germany,2022,
6886,2022 German Snooker Tour - Event 8,Amateur,Event,Dortmund,Germany,2022,
6885,2022 German Snooker Tour - Event 9,Amateur,Event,Dortmund,Germany,2022,
5160,2022 UK Womens Championship,Amateur,Event,Leeds,England,2022,
5161,2022 UK Womens Championship - Seniors,Amateur,Event,Leeds,England,2022,
5162,2022 UK Womens Championship - Under-21,Amateur,Event,Leeds,England,2022,
5272,2022 Malta Under-18 Championship,Amateur,National Championship,Hamrun,Malta,2022,
5271,2022 Malta Under-21 Championship,Amateur,National Championship,Hamrun,Malta,2022,
5273,2022 Malta Under-16 Championship,Amateur,National Championship,Hamrun,Malta,2022,
5274,2022 Malta Under-12 Championship,Amateur,National Championship,Hamrun,Malta,2022,
6887,2022 German Snooker Tour - Event 7,Amateur,Event,Berlin,Germany,2022,
6888,2022 German Snooker Tour - Event 6,Amateur,Event,Vallendar,Germany,2022,
5167,2022 Australian Womens Championship,Amateur,National Championship,Adelaide,Australia,2022,
5148,2022 World Games,Pro-am,World Event,Birmingham (AL),United States,2022,
5145,2022 German 6-red Championship,Amateur,6-reds,Heilbronn,Germany,2022,
5166,2022 Australian Under-12 Championship,Amateur,National Championship,Albury,Australia,2022,
5164,2022 Australian Under-16 Championship,Amateur,National Championship,Albury,Australia,2022,
5165,2022 Australian Under-18 Championship,Amateur,National Championship,Albury,Australia,2022,
5278,2022 Australian Womens Under-18 Championship,Amateur,National Championship,Albury,Australia,2022,
6889,2022 German Snooker Tour - Event 5,Amateur,Event,Wettstetten,Germany,2022,
5149,2022 French Amateur Championship,Amateur,National Championship,Dunkirk,France,2022,
6891,2022 German Snooker Tour - Event 3,Amateur,Event,Magdeburg,Germany,2022,
6890,2022 German Snooker Tour - Event 4,Amateur,Event,Rüsselsheim,Germany,2022,
6892,2022 German Snooker Tour - Event 2,Amateur,Event,Rüsselsheim,Germany,2022,
5136,2022 Championship League,Professional,Ranking,Leicester,England,2022,
5140,2022 German Grand Prix - Event 5,Amateur,National Ranking,Hanover,Germany,2022,
5139,2022 Italian Amateur Championship,Amateur,National Championship,Trezzano sul Naviglio,Italy,2022,
5409,2022 African 6-red Championship,Amateur,Continental Event,Casablanca,Morocco,2022,
5408,2022 African Championship - Masters,Amateur,Continental Event,Casablanca,Morocco,2022,
5407,2022 African Championship - Women,Amateur,Continental Event,Casablanca,Morocco,2022,
5007,2022 European Championships - Men,Amateur,Continental Event,Shengjin,Albania,2022,
5009,2022 European Championships - Masters,Amateur,Continental Event,Shengjin,Albania,2022,
5008,2022 European Championships - Women,Amateur,Continental Event,Shengjin,Albania,2022,
5010,2022 European Championships - Under-16,Amateur,Continental Event,Shengjin,Albania,2022,
5111,2022 Canadian Championship,Amateur,National Championship,Toronto,Canada,2022,
5006,2022 European Championships - Under-21,Amateur,Continental Event,Shengjin,Albania,2022,
5005,2022 European Championships - Under-18,Amateur,Continental Event,Shengjin,Albania,2022,
4960,2022 Q School Asia-Oceania - Event 2,Professional,Tour Qualifier,Bangkok,Thailand,2022,
5110,2022 Canadian Seniors Championship,Amateur,National Championship,Toronto,Canada,2022,
4971,2022 Irish Over-55 Championship,Amateur,National Championship,Carlow,Ireland,2022,
4588,2022 English Over-55 Championship,Amateur,National Championship,Leeds,England,2022,
4593,2022 English Seniors Championship,Amateur,National Championship,Leeds,England,2022,
4966,2022 Japanese Amateur Championship,Amateur,National Championship,Various,Japan,2022,
4973,2022 Romania - National League - Event 6,Amateur,National Ranking,Bucharest,Romania,2022,
4959,2022 Q School Asia-Oceania - Event 1,Professional,Tour Qualifier,Bangkok,Thailand,2022,
4957,2022 Belarus Amateur Championship,Amateur,National Championship,Minsk,Belarus,2022,
4961,2022 Irish Masters Championship,Amateur,National Championship,Carlow,Ireland,2022,
4924,2022 Q School - Event 3,Professional,Tour Qualifier,Sheffield,England,2022,
4972,2022 Serbian Amateur Championship,Amateur,National Championship,Belgrad,Serbia,2022,
4955,2022 Swedish Amateur Championship,Amateur,National Championship,Stockholm,Sweden,2022,
4956,2022 Norwegian Amateur Championship,Amateur,National Championship,Trondheim,Norway,2022,
4954,2022 Portuguese Amateur Championship,Amateur,National Championship,Curia,Portugal,2022,
4923,2022 Q School - Event 2,Professional,Tour Qualifier,Sheffield,England,2022,
5121,2022 Belgian Masters Championship,Amateur,National Championship,Lochristi,Belgium,2022,
5298,2022 Finnish Amateur Championship,Amateur,National Championship,Helsinki,Finland,2022,
5130,2022 French Masters Championship,Amateur,National Championship,Schiltigheim,France,2022,
4949,2022 Irish Amateur Championship,Amateur,National Championship,Carlow,Ireland,2022,
6517,2022 Bangladesh Amateur Championship,Amateur,National Championship,Dhaka,Bangladesh,2022,
4953,2022 South East Asian Games,Amateur,Continental Event,Hanoi,Vietnam,2022,
4922,2022 Q School - Event 1,Professional,Tour Qualifier,Sheffield,England,2022,
4965,2022 Belgian Amateur Championship,Amateur,National Championship,Lochristi,Belgium,2022,
4967,2022 Belgian Womens Championship,Amateur,National Championship,Lochristi,Belgium,2022,
5120,2022 Belgian Over-50 Championship,Amateur,National Championship,Lochristi,Belgium,2022,
5123,2022 Belgian Under-18 Championship,Amateur,National Championship,Lochristi,Belgium,2022,
4951,2022 Bulgarian Amateur Championship,Amateur,National Championship,Sofia,Bulgaria,2022,
4950,2022 Latvia Amateur Championship,Amateur,National Championship,Riga,Latvia,2022,
4952,2022 South East Asian Games - 6-Reds - Men,Amateur,Continental Event,Hanoi,Vietnam,2022,
4946,2022 Romania - National League - Event 5,Amateur,National Ranking,Bucharest,Romania,2022,
4945,2022 Australian Masters Championship,Amateur,National Championship,Tumbi Umbi,Australia,2022,
4921,2022 Q Tour - Play-Off,Amateur,Event,Darlington,England,2022,
5119,2022 Belgian Over-60 Championship,Amateur,National Championship,Lochristi,Belgium,2022,
5122,2022 Belgian Under-21 Championship,Amateur,National Championship,Lochristi,Belgium,2022,
4927,2022 Irish Under-16 Championship,Amateur,National Championship,Newbridge,Ireland,2022,
4919,2022 Welsh Under-14 Championship,Amateur,National Championship,Crosskeys,Wales,2022,
4920,2022 Welsh Under-16 Championship,Amateur,National Championship,Crosskeys,Wales,2022,
5129,2022 French Womens Championship,Amateur,National Championship,Unknown,France,2022,
4914,2022 German Grand Prix - Masters - Event 4,Amateur,National Ranking,Braunschweig,Germany,2022,
4926,2022 Irish Under-14 Championship,Amateur,National Championship,Newbridge,Ireland,2022,
4916,2022 Lithuanian Amateur Championship,Amateur,National Championship,Vilnius,Lithuania,2022,
4948,2022 Scottish Under-16 Championship,Amateur,National Championship,Various,Scotland,2022,
4912,2022 World Seniors Championship,Pro-am,World Event,Sheffield,England,2022,
4908,2022 Irish Under-12 Championship,Amateur,National Championship,Carlow,Ireland,2022,
4907,2022 Irish Under-21 Championship,Amateur,National Championship,Carlow,Ireland,2022,
4906,2022 Irish Under-18 Championship,Amateur,National Championship,Carlow,Ireland,2022,
3519,2022 Channel Island Championship,Amateur,Event,St Helier,Jersey,2022,
4944,2022 Iceland Amateur Championship,Amateur,National Championship,Reykjavik,Iceland,2022,
4884,2022 Scottish Amateur Championship,Amateur,National Championship,Various,Scotland,2022,
4874,2022 Scottish Masters Championship,Amateur,National Championship,Various,Scotland,2022,
4911,2022 Scottish Womens Championship,Amateur,National Championship,Various,Scotland,2022,
5285,2022 Danish Amateur Championship,Amateur,National Championship,Copenhagen,Denmark,2022,
4888,2022 World Championship,Professional,Ranking,Sheffield,England,2022,
4898,2022 Romania - National League - Event 4,Amateur,National Ranking,Bucharest,Romania,2022,
4893,2022 Welsh Masters Championship,Amateur,National Championship,Llanelli,Wales,2022,
4892,2022 Australian Under-21 Championship,Amateur,National Championship,Melbourne,Australia,2022,
4880,2022 German Grand Prix - Event 4,Amateur,National Ranking,Rüsselsheim,Germany,2022,
4883,2022 Welsh Under-18 Championship,Amateur,National Championship,Tredegar,Wales,2022,
4885,2022 Winchester Womens Open,Amateur,Event,Leicester,England,2022,
4886,2022 Winchester Womens Open - Seniors,Amateur,Event,Leicester,England,2022,
4887,2022 Winchester Womens Open - Under-21,Amateur,Event,Leicester,England,2022,
4870,2022 Malta Amateur Championship,Amateur,National Championship,Hamrun,Malta,2022,
4876,2022 Tour Championship,Professional,Ranking,Llandudno,Wales,2022,
4875,2022 EPSB Open Series - Tradewell - Event 13,Amateur,Event,Hull,England,2022,
4878,2022 Welsh Under-21 Championship,Amateur,National Championship,Crosskeys,Wales,2022,
4873,2022 EPSB Open Series - Landywood - Event 8,Amateur,Event,Walsall,England,2022,
4835,2022 Gibraltar Open,Professional,Ranking,Gibraltar,Gibraltar,2022,
4867,2022 EPSB Open Series - Breakers - Event 13,Amateur,Event,Leicester,England,2022,
4868,2022 EPSB Open Series - Tradewell - Event 12,Amateur,Event,Hull,England,2022,
4865,2022 English Womens Championship,Amateur,National Championship,Coulsdon,England,2022,
4947,2022 Scottish Under-14 Championship,Amateur,National Championship,Various,Scotland,2022,
4863,2022 Q Tour - Event 4,Amateur,Event,Leeds,England,2022,
4869,2022 Romania - National League - Event 3,Amateur,National Ranking,Bucharest,Romania,2022,
4861,2022 Asia-Pacific Championship,Amateur,Continental Event,Mt Pritchard,Australia,2022,
4837,2022 Asia-Pacific 6-Reds Championship,Amateur,Continental Event,Mt Pritchard,Australia,2022,
4871,2022 Malaysian Amateur Championship,Amateur,National Championship,Kuala Lumpur,Malaysia,2022,
4877,2022 Welsh Amateur Championship,Amateur,National Championship,Various,Wales,2022,
3515,2022 Asian Championship,Amateur,Continental Event,Doha,Qatar,2022,
4836,2022 EPSB Open Series - Elite - Event 5,Amateur,Event,Preston,England,2022,
4879,2022 Northern Ireland Amateur Championship,Amateur,National Championship,Drumaness,Northern Ireland,2022,
4838,2022 Singapore Amateur Championship,Amateur,National Championship,Singapore,Singapore,2022,
4862,2022 World Games - African Qualifier,Amateur,World Event,Doha,Qatar,2022,
4805,2022 Turkish Masters,Professional,Ranking,Antalya,Turkey,2022,
4831,2022 EPSB Open Series - Breakers - Event 12,Amateur,Event,Leicester,England,2022,
4832,2022 EPSB Open Series - Sams - Event 7,Amateur,Event,Hartlepool,England,2022,
4834,2022 World Amateur Championship - Men,Amateur,World Event,Doha,Qatar,2022,
4614,2022 Czech Amateur Championship,Amateur,National Championship,Trebic,Czech Republic,2022,
4829,2022 English Under-14 Championship,Amateur,National Championship,Leeds,England,2022,
4828,2022 EPSB Open Series - Barratts - Event 10,Amateur,Event,Northampton,England,2022,
4882,2022 German Grand Prix - Masters - Event 3,Amateur,National Ranking,Karlsruhe,Germany,2022,
4830,2022 Northern Ireland Under-21 Championship,Amateur,National Championship,Drumaness,Northern Ireland,2022,
4833,2022 Scottish Under-21 Championship,Amateur,National Championship,Various,Scotland,2022,
4827,2022 Asian Championship - Women,Amateur,Continental Event,Doha,Qatar,2022,
4825,2022 World Amateur Championship - Women,Amateur,World Event,Doha,Qatar,2022,
4826,2022 World Under-21 Championship - Men,Amateur,World Event,Doha,Qatar,2022,
4820,2022 Welsh Open,Professional,Ranking,Newport,Wales,2022,
4824,2022 Austrian Under-21 Championship,Amateur,National Championship,Wels,Austria,2022,
4822,2022 EPSB Open Series - Cueball - Event 6,Amateur,Event,Derby,England,2022,
4821,2022 EPSB Open Series - Tradewell - Event 11,Amateur,Event,Hull,England,2022,
4823,2022 Austrian Under-18 Championship,Amateur,National Championship,Wels,Austria,2022,
6056,2022 Italian Seniors Championship,Amateur,National Championship,Turin,Italy,2022,
4578,2022 European Masters,Professional,Ranking,Milton Keynes,England,2022,
4800,2022 WSF Championship,Amateur,World Event,Sheffield,England,2022,
4799,2022 WSF Junior Championship,Amateur,World Event,Sheffield,England,2022,
4819,2022 EPSB Open Series - Tradewell - Event 10,Amateur,Event,Hull,England,2022,
5131,2022 French Under-18 Championship,Amateur,National Championship,Saint-Quentin,France,2022,
5132,2022 French Under-21 Championship,Amateur,National Championship,Saint-Quentin,France,2022,
4881,2022 German Grand Prix - Event 3,Amateur,National Ranking,Hamburg,Germany,2022,
4816,2022 Womens World Championship,Amateur,World Event,Sheffield,England,2022,
4817,2022 Womens World Seniors Championship,Amateur,World Event,Sheffield,England,2022,
4818,2022 Womens World Under-21 Championship,Amateur,World Event,Sheffield,England,2022,
4815,2022 World Seniors Q School World Championships - Event 2,Pro-am,Event,Reading,England,2022,
4814,2022 World Seniors Q School World Championships - Event 1,Pro-am,Event,Reading,England,2022,
4813,2022 Players Championship,Professional,Ranking,Wolverhampton,England,2022,
4808,2022 English Amateur Tour - Event 4,Amateur,National Ranking,Stockport,England,2022,
4811,2022 EPSB Open Series - Sams - Event 6,Amateur,Event,Hartlepool,England,2022,
4807,2022 English Amateur Tour - Event 3,Amateur,National Ranking,Stockport,England,2022,
4809,2022 EPSB Open Series - Elite - Event 4,Amateur,Event,Preston,England,2022,
4810,2022 EPSB Open Series - Landywood - Event 6,Amateur,Event,Walsall,England,2022,
4812,2022 Romania - National League - Event 2,Amateur,National Ranking,Bucharest,Romania,2022,
4900,2022 Spanish Amateur Championship,Amateur,National Championship,Madrid,Spain,2022,
4802,2022 EPSB Open Series - Tradewell - Event 9,Amateur,Event,Hull,England,2022,
4801,2022 EPSB Womens Tour - Event 6,Amateur,Event,Fareham,England,2022,
4804,2022 Austrian Masters Championship,Amateur,National Championship,Vienna,Austria,2022,
4797,2022 EPSB Womens Tour - Event 5,Amateur,Event,Fareham,England,2022,
4798,2022 Q Tour - Event 3,Amateur,Event,Leicester,England,2022,
4560,2022 German Masters,Professional,Ranking,Berlin,Germany,2022,
4866,2022 Jersey Amateur Championship,Amateur,National Championship,Various,Jersey,2022,
4795,2022 English Amateur Tour - Event 6,Amateur,National Ranking,Northampton,England,2022,
4792,2022 English Amateur Tour - Event 5,Amateur,National Ranking,Northampton,England,2022,
4793,2022 German Grand Prix - Masters - Event 2,Amateur,National Ranking,Hanover,Germany,2022,
4796,2022 Slovak Amateur Championship,Amateur,National Championship,Prešov,Slovakia,2022,
4791,2022 Snooker Shoot Out,Professional,Ranking,Leicester,England,2022,
4788,2022 EPSB Open Series - Breakers - Event 10,Amateur,Event,Leicester,England,2022,
4787,2022 EPSB Open Series - Tradewell - Event 8,Amateur,Event,Hull,England,2022,
4789,2022 Austrian Amateur Championship,Amateur,National Championship,Graz,Austria,2022,
4786,2022 EPSB Open Series - Elite - Event 3,Amateur,Event,Preston,England,2022,
4785,2022 EPSB Open Series - Landywood - Event 5,Amateur,Event,Walsall,England,2022,
4782,2022 Womens British Open,Amateur,Event,Leicester,England,2022,
4783,2022 Womens British Open - Seniors,Amateur,Event,Leicester,England,2022,
4784,2022 Womens British Open - Under-21,Amateur,Event,Leicester,England,2022,
4790,2022 Romania - National League - Event 1,Amateur,National Ranking,Bucharest,Romania,2022,
4568,2022 English Amateur Championship,Amateur,National Championship,Various,England,2022,
4780,2022 EPSB Open Series - Breakers - Event 9,Amateur,Event,Leicester,England,2022,
4781,2022 EPSB Open Series - Cueball - Event 5,Amateur,Event,Derby,England,2022,
4778,2022 Masters,Professional,Invitational,London,England,2022,
4779,2022 EPSB Open Series - Barratts - Event 8,Amateur,Event,Northampton,England,2022,
4752,2022 Polish Amateur Championship,Amateur,National Championship,Lublin,Poland,2022,
4777,2022 World Seniors UK Championship,Amateur,Event,Hull,England,2022,
4915,2022 Isle of Man Amateur Championship,Amateur,National Championship,Ballasalla,Isle of Man,2022,
6276,2022 Israel Amateur Championship,Amateur,National Championship,Ashdod,Israel,2022,
6061,2022 South African Amateur Championship,Amateur,National Championship,Unknown,South Africa,2022,
4731,2022 Championship League,Professional,Invitational,Leicester,England,2022,
4729,2022 English Under-21 Championship,Amateur,National Championship,Leeds,England,2022,
5143,2022 English 6-Reds Championship,Amateur,National Championship,Leeds,England,2022,
4610,2022 Guernsey Amateur Championship,Amateur,National Championship,Various,Guernsey,2022,
4522,2022 English Under-18 Championship,Amateur,National Championship,Leeds,England,2022,
4521,2022 English Under-16 Championship,Amateur,National Championship,Leeds,England,2022,
5151,2022 Guernsey Womens Championship,Amateur,National Championship,Various,Guernsey,2022,
6013,2023 German Snooker Tour - Event 71,Amateur,Event,Karlsruhe,Germany,2023,
6014,2023 German Snooker Tour - Event 72,Amateur,Event,Bielefeld,Germany,2023,
6015,2023 German Snooker Tour - Event 73,Amateur,Event,Bielefeld,Germany,2023,
6016,2023 German Snooker Tour - Event 74,Amateur,Event,Schwerin,Germany,2023,
5971,2023 CBSA China Tour - Zhangjiagang,Pro-am,National Ranking,Zhangjiagang,China,2023,
5953,2023 Macau Masters,Pro-am,Event,Cotai,Macau,2023,
5952,2023 Macau Masters,Pro-am,Event,Estr. Flor de Lótus,Macau,2023,
5949,2023 EPSB Open Series - Landywood - Event 3,Amateur,Event,Walsall,England,2023,
5956,2023 German Snooker Tour - Event 70,Amateur,Event,Berlin,Germany,2023,
5948,2023 EPSB Open Series - Elite - Event 2,Amateur,Event,Preston,England,2023,
5800,2023 German Grand Prix - Event 2,Amateur,National Ranking,Aachen,Germany,2023,
5954,2023 German Snooker Tour - Event 67,Amateur,Event,Limbach Oberfrohna,Germany,2023,
5955,2023 German Snooker Tour - Event 68,Amateur,Event,Ansbach,Germany,2023,
5981,2023 Albanian Amateur Championship,Amateur,National Championship,Tirana,Albania,2023,
5946,2023 Q Tour UK-Europe - Event 5,Amateur,Event,Brighton,England,2023,
5951,2023 Singapore Amateur Championship,Amateur,National Championship,Singapore,Singapore,2023,
5848,2023 Scottish Open,Professional,Ranking,Edinburgh,Scotland,2023,
5907,2023 EPSB Open Series - Hurricane - Event 3,Amateur,Event,London,England,2023,
6110,2023 Indian Amateur Championship,Amateur,National Championship,Chennai,India,2023,
5904,2023 English Junior Tour - Event 4,Amateur,Event,Dereham,England,2023,
5945,2023 German Snooker Tour - Event 66,Amateur,Event,Kirchheim,Germany,2023,
5905,2023 Seniors Tour - Event 4,Amateur,Event,Preston,England,2023,
5875,2023 Snooker Shoot Out,Professional,Ranking,Swansea,Wales,2023,
5872,2023 EPSB Winchester Womens Open Series - Event 5,Amateur,Event,Leicester,England,2023,
5873,2023 Czech Amateur Championship,Amateur,National Championship,Trebic,Czech Republic,2023,
5868,2023 English Amateur Tour - Event 4,Amateur,National Ranking,Walsall,England,2023,
5876,2023 German Snooker Tour - Event 63,Amateur,Event,Rüsselsheim,Germany,2023,
5943,2023 German Snooker Tour - Event 64,Amateur,Event,Rüsselsheim,Germany,2023,
5944,2023 German Snooker Tour - Event 65,Amateur,Event,Vallendar,Germany,2023,
5909,2023 Hungarian Amateur Championship,Amateur,National Championship,Budapest,Hungary,2023,
5882,2023 Romania - National League - Event 10,Amateur,National Ranking,Bucharest,Romania,2023,
5870,2023 Slovak Amateur Championship,Amateur,National Championship,Prešov,Slovakia,2023,
5863,2023 Swiss Amateur Championship,Amateur,National Championship,Basel,Switzerland,2023,
5942,2023 German Snooker Tour - Event 62,Amateur,Event,Rüsselsheim,Germany,2023,
5867,2023 EPSB Open Series - Breakers - Event 2,Amateur,Event,Leicester,England,2023,
5941,2023 German Snooker Tour - Event 61,Amateur,Event,Berlin,Germany,2023,
5864,2023 English Junior Tour - Event 3,Amateur,Event,Leeds,England,2023,
5865,2023 EPSB Open Series - Hurricane - Event 2,Amateur,Event,London,England,2023,
5804,2023 German Grand Prix - Masters - Event 1,Amateur,National Ranking,Vallendar,Germany,2023,
5940,2023 German Snooker Tour - Event 59,Amateur,Event,Dresden,Germany,2023,
5866,2023 Seniors Tour - Event 3,Amateur,Event,Woking,England,2023,
5861,2023 UK Championship,Professional,Ranking,York,England,2023,
5789,2023 IBSF 6-Reds World Championship - Women,Amateur,World Event,Doha,Qatar,2023,
5862,2023 EPSB Open Series - Landywood - Event 2,Amateur,Event,Walsall,England,2023,
5860,2023 English Amateur Tour - Event 3,Amateur,National Ranking,Reading,England,2023,
5938,2023 German Snooker Tour - Event 57,Amateur,Event,Magdeburg,Germany,2023,
5939,2023 German Snooker Tour - Event 58,Amateur,Event,Rüsselsheim,Germany,2023,
5883,2023 Romania - National League - Event 9,Amateur,National Ranking,Bucharest,Romania,2023,
5857,2023 Womens Masters,Amateur,Event,Coulsdon,England,2023,
5858,2023 Womens Masters - Seniors,Amateur,Event,Coulsdon,England,2023,
5859,2023 Womens Masters - Under-21,Amateur,Event,Coulsdon,England,2023,
5793,2023 German Amateur Championship,Amateur,National Championship,Bad Wildungen,Germany,2023,
5792,2023 World Amateur Championship - Masters,Amateur,World Event,Doha,Qatar,2023,
5790,2023 World Amateur Championship - Women,Amateur,World Event,Doha,Qatar,2023,
5855,2023 Champion of Champions,Professional,Invitational,Bolton,England,2023,
5854,2023 EPSB Open Series - Cueball - Event 2,Amateur,Event,Derby,England,2023,
5853,2023 EPSB Winchester Womens Open Series - Event 4,Amateur,Event,Leicester,England,2023,
5937,2023 German Snooker Tour - Event 56,Amateur,Event,Fürth,Germany,2023,
5788,2023 IBSF 6-Reds World Championship - Men,Amateur,World Event,Doha,Qatar,2023,
5869,2023 Dutch Amateur Championship,Amateur,National Championship,Zaandam,Netherlands,2023,
5795,2023 German Masters Championship,Amateur,National Championship,Bad Wildungen,Germany,2023,
5935,2023 German Snooker Tour - Event 54,Amateur,Event,Vallendar,Germany,2023,
5936,2023 German Snooker Tour - Event 55,Amateur,Event,Vallendar,Germany,2023,
5794,2023 German Womens Championship,Amateur,National Championship,Bad Wildungen,Germany,2023,
5852,2023 Q Tour UK-Europe - Event 4,Amateur,Event,Walsall,England,2023,
5798,2023 German Under-21 Championship,Amateur,National Championship,Bad Wildungen,Germany,2023,
5851,2023 EPSB Open Series - NESC - Event 2,Amateur,Event,North Shields,England,2023,
5934,2023 German Snooker Tour - Event 53,Amateur,Event,Wettstetten,Germany,2023,
5797,2023 German Under-18 Championship,Amateur,National Championship,Bad Wildungen,Germany,2023,
5819,2023 International Championship,Professional,Ranking,Tianjin City,China,2023,
5791,2023 World Amateur Championship - Men,Amateur,World Event,Doha,Qatar,2023,
5849,2023 EPSB Open Series - Elite - Event 1,Amateur,Event,Preston,England,2023,
5850,2023 EPSB Open Series - Woking - Event 1,Amateur,Event,Woking,England,2023,
5933,2023 German Snooker Tour - Event 52,Amateur,Event,Vallendar,Germany,2023,
5796,2023 German Under-15 Championship,Amateur,National Championship,Bad Wildungen,Germany,2023,
5932,2023 German Snooker Tour - Event 51,Amateur,Event,Rüsselsheim,Germany,2023,
5847,2023 EPSB Open Series - Sams - Event 1,Amateur,Event,Hartlepool,England,2023,
5931,2023 German Snooker Tour - Event 50,Amateur,Event,Berlin,Germany,2023,
5846,2023 English Amateur Tour - Event 2,Amateur,National Ranking,Leeds,England,2023,
5930,2023 German Snooker Tour - Event 49,Amateur,Event,Essen,Germany,2023,
6481,2023 Wels Open,Amateur,Event,Salzburg,Austria,2023,
5844,2023 EPSB Open Series - Breakers - Event 1,Amateur,Event,Leicester,England,2023,
5845,2023 EPSB Winchester Womens Open Series - Event 3,Amateur,Event,Leicester,England,2023,
5842,2023 Northern Ireland Open,Professional,Ranking,Belfast,Northern Ireland,2023,
6111,2023 Pan American Championship,Amateur,Continental Event,Rio De Janeiro,Brazil,2023,
6605,2023 Pan American Championship - Masters,Amateur,Continental Event,Rio De Janeiro,Brazil,2023,
5929,2023 German Snooker Tour - Event 48,Amateur,Event,Magdeburg,Germany,2023,
5843,2023 Q Tour UK-Europe - Event 3,Amateur,Event,Heilbronn,Germany,2023,
5839,2023 EPSB Open Series - Cueball - Event 1,Amateur,Event,Derby,England,2023,
5834,2023 English Junior Tour - Event 2,Amateur,Event,Waterlooville,England,2023,
5835,2023 EPSB Open Series - Hurricane - Event 1,Amateur,Event,London,England,2023,
5799,2023 German Grand Prix - Event 1,Amateur,National Ranking,Rüsselsheim,Germany,2023,
5836,2023 New Zealand Masters Championship,Amateur,National Championship,Wellington,New Zealand,2023,
5837,2023 New Zealand Under-21 Championship,Amateur,National Championship,Wellington,New Zealand,2023,
5838,2023 Seniors Tour - Event 2,Amateur,Event,Tamworth,England,2023,
5833,2023 Q Tour Asia-Pacific - Event 2,Amateur,Event,"Mt Pritchard, Sydney",Australia,2023,
6058,2023 Moldova Amateur Championship,Amateur,National Championship,Chisinau,Moldova,2023,
5808,2023 Wuhan Open,Professional,Ranking,Wuhan,China,2023,
5832,2023 EPSB Open Series - Landywood - Event 1,Amateur,Event,Walsall,England,2023,
5830,2023 Australian Womens Open,Amateur,Event,Sydney,Australia,2023,
5927,2023 German Snooker Tour - Event 45,Amateur,Event,Hofgeismar,Germany,2023,
5928,2023 German Snooker Tour - Event 46,Amateur,Event,Vallendar,Germany,2023,
5841,2023 Romania - National League - Event 8,Amateur,National Ranking,Bucharest,Romania,2023,
5829,2023 World Seniors Championship - Qualifier 2,Pro-am,World Event,North Shields,England,2023,
5926,2023 German Snooker Tour - Event 44,Amateur,Event,Rüsselsheim,Germany,2023,
5925,2023 German Snooker Tour - Event 41,Amateur,Event,Fürth,Germany,2023,
5923,2023 German Snooker Tour - Event 42,Amateur,Event,Heilbronn,Germany,2023,
5924,2023 German Snooker Tour - Event 43,Amateur,Event,Heilbronn,Germany,2023,
5203,2023 English Open,Professional,Ranking,Brentwood,England,2023,
5921,2023 German Snooker Tour - Event 39,Amateur,Event,Heilbronn,Germany,2023,
5922,2023 German Snooker Tour - Event 40,Amateur,Event,Heilbronn,Germany,2023,
5828,2023 EPSB Open Series - NESC - Event 1,Amateur,Event,North Shields,England,2023,
5919,2023 German Snooker Tour - Event 37,Amateur,Event,Heilbronn,Germany,2023,
5920,2023 German Snooker Tour - Event 38,Amateur,Event,Heilbronn,Germany,2023,
6059,2023 Estonian Amateur Championship,Amateur,National Championship,Tallinn,Estonia,2023,
5917,2023 German Snooker Tour - Event 35,Amateur,Event,Heilbronn,Germany,2023,
5918,2023 German Snooker Tour - Event 36,Amateur,Event,Heilbronn,Germany,2023,
5916,2023 German Snooker Tour - Event 34,Amateur,Event,Heilbronn,Germany,2023,
5824,2023 Q Tour Asia-Pacific - Event 1,Amateur,Event,Christchurch,New Zealand,2023,
5754,2023 British Open,Professional,Ranking,Cheltenham,England,2023,
5915,2023 German Snooker Tour - Event 33,Amateur,Event,Berlin,Germany,2023,
5840,2023 Romania - National League - Event 7,Amateur,National Ranking,Bucharest,Romania,2023,
5823,2023 UK Womens Championship,Amateur,Event,Leeds,England,2023,
5821,2023 UK Womens Championship - Seniors,Amateur,Event,Leeds,England,2023,
5822,2023 UK Womens Championship - Under-21,Amateur,Event,Leeds,England,2023,
5817,2023 EPSB Winchester Womens Open Series - Event 2,Amateur,Event,Leicester,England,2023,
5914,2023 German Snooker Tour - Event 32,Amateur,Event,Wettstetten,Germany,2023,
5818,2023 World Seniors Super Seniors - Event 1,Amateur,Event,Reading,England,2023,
5912,2023 German Snooker Tour - Event 30,Amateur,Event,Karlsruhe,Germany,2023,
5913,2023 German Snooker Tour - Event 31,Amateur,Event,Rüsselsheim,Germany,2023,
5815,2023 Q Tour UK-Europe - Event 2,Amateur,Event,Stockholm,Sweden,2023,
5816,2023 World Seniors Championship - Qualifier 1,Pro-am,World Event,Reading,England,2023,
5820,2023 Asia-Pacific 6-Reds Championship,Amateur,Continental Event,Bossley Park,Australia,2023,
5811,2023 Shanghai Masters,Professional,Invitational,Shanghai,China,2023,
5812,2023 English Junior Tour - Event 1,Amateur,Event,Derby,England,2023,
5910,2023 German Snooker Tour - Event 28,Amateur,Event,Magdeburg,Germany,2023,
5911,2023 German Snooker Tour - Event 29,Amateur,Event,Heilbronn,Germany,2023,
5906,2023 German Snooker Tour - Final,Amateur,Event,Heilbronn,Germany,2023,
5813,2023 Seniors Tour - Event 1,Amateur,Event,Hull,England,2023,
5763,2023 English Amateur Tour - Event 1,Amateur,National Ranking,Walsall,England,2023,
5901,2023 German Snooker Tour - Event 24,Amateur,Event,Schwerin,Germany,2023,
5902,2023 German Snooker Tour - Event 25,Amateur,Event,Vallendar,Germany,2023,
5903,2023 German Snooker Tour - Event 26,Amateur,Event,Vallendar,Germany,2023,
5900,2023 German Snooker Tour - Event 23,Amateur,Event,Rüsselsheim,Germany,2023,
5759,2023 United States Amateur Championship,Amateur,National Championship,San Gabriel,United States,2023,
5874,2023 German Snooker Tour - Event 20,Amateur,Event,Hanover,Germany,2023,
5758,2023 Australian Amateur Championship,Amateur,National Championship,Melbourne,Australia,2023,
5761,2023 Q Tour UK-Europe - Event 1,Amateur,Event,North Shields,England,2023,
5757,2023 New Zealand Amateur Championship,Amateur,National Championship,Mount Maunganui,New Zealand,2023,
6076,2023 Nordic Snooker Championship,Amateur,Continental Event,Oulu,Finland,2023,
5740,2023 European Masters,Professional,Ranking,Nuremburg,Germany,2023,
5756,2023 EPSB Winchester Womens Open Series - Event 1,Amateur,Event,Leicester,England,2023,
5894,2023 German Snooker Tour - Event 16,Amateur,Event,Vallendar,Germany,2023,
5895,2023 German Snooker Tour - Event 17,Amateur,Event,Vallendar,Germany,2023,
5896,2023 German Snooker Tour - Event 18,Amateur,Event,Essen,Germany,2023,
5897,2023 German Snooker Tour - Event 19,Amateur,Event,Erfurt,Germany,2023,
5898,2023 German Snooker Tour - Event 21,Amateur,Event,Hanover,Germany,2023,
5899,2023 German Snooker Tour - Event 22,Amateur,Event,Berlin,Germany,2023,
5753,2023 US Womens Open - Seniors,Amateur,Event,Seattle,United States,2023,
5752,2023 US Womens Open,Amateur,Event,Seattle,United States,2023,
5755,2023 Peru Amateur Championship,Amateur,National Championship,Lima,Peru,2023,
5891,2023 German Snooker Tour - Event 13,Amateur,Event,Hofgeismar,Germany,2023,
5892,2023 German Snooker Tour - Event 14,Amateur,Event,Aachen,Germany,2023,
5893,2023 German Snooker Tour - Event 15,Amateur,Event,Aachen,Germany,2023,
5890,2023 German Snooker Tour - Event 12,Amateur,Event,Rüsselsheim,Germany,2023,
5760,2023 CBSA China Tour - Huangguoshu,Pro-am,Event,Anshun,China,2023,
6248,2023 Malaysian Amateur Championship,Amateur,National Championship,Kuala Lumpur,Malaysia,2023,
5889,2023 German Snooker Tour - Event 11,Amateur,Event,Magdeburg,Germany,2023,
5957,2023 German Snooker Tour - Event 145,Amateur,Event,Rüsselsheim,Germany,2023,
5888,2023 German Snooker Tour - Event 10,Amateur,Event,Berlin,Germany,2023,
6518,2023 Bangladesh Amateur Championship,Amateur,National Championship,Chittagong,Bangladesh,2023,
5886,2023 German Snooker Tour - Event 8,Amateur,Event,Vallendar,Germany,2023,
5887,2023 German Snooker Tour - Event 9,Amateur,Event,Vallendar,Germany,2023,
5885,2023 German Snooker Tour - Event 7,Amateur,Event,Essen,Germany,2023,
5738,2023 Australian Womens Championship,Amateur,National Championship,Albury,Australia,2023,
5735,2023 World Under-21 Championship - Men,Amateur,World Event,Riyadh,Saudi Arabia,2023,
5736,2023 World Under-21 Championship - Women,Amateur,World Event,Riyadh,Saudi Arabia,2023,
5884,2023 German Snooker Tour - Event 6,Amateur,Event,Braunschweig,Germany,2023,
5734,2023 World Under-17 Championship - Men,Amateur,World Event,Riyadh,Saudi Arabia,2023,
5881,2023 German Snooker Tour - Event 5,Amateur,Event,Rüsselsheim,Germany,2023,
5737,2023 New Zealand Womens Championship,Amateur,National Championship,Christchurch,New Zealand,2023,
5739,2023 Portuguese Amateur Championship,Amateur,National Championship,Curia,Portugal,2023,
5732,2023 French Amateur Championship,Amateur,National Championship,Dinard,France,2023,
5877,2023 German Snooker Tour - Event 1,Amateur,Event,Selb,Germany,2023,
5878,2023 German Snooker Tour - Event 2,Amateur,Event,Hofgeismar,Germany,2023,
5879,2023 German Snooker Tour - Event 3,Amateur,Event,Dortmund,Germany,2023,
5880,2023 German Snooker Tour - Event 4,Amateur,Event,Dortmund,Germany,2023,
5733,2023 Romania - National League - Event 6,Amateur,National Ranking,Bucharest,Romania,2023,
5730,2023 Championship League,Professional,Ranking,Leicester,England,2023,
5336,2023 German Grand Prix - Event 5,Amateur,National Ranking,Karlsruhe,Germany,2023,
5871,2023 Serbian Amateur Championship,Amateur,National Championship,Belgrad,Serbia,2023,
5728,2023 Asian 6-reds Championship,Amateur,Continental Event,Tehran,Iran,2023,
5725,2023 African Championship - Women,Amateur,Continental Event,Casablanca,Morocco,2023,
6474,2023 German Snooker Tour - Event 143,Amateur,Event,Berlin,Germany,2023,
6475,2023 German Snooker Tour - Event 142,Amateur,Event,Hofgeismar,Germany,2023,
5726,2023 Latvia Amateur Championship,Amateur,National Championship,Riga,Latvia,2023,
5727,2023 Asian Championship - Under-21,Amateur,Continental Event,Tehran,Iran,2023,
5724,2023 African Championship - Men,Amateur,Continental Event,Casablanca,Morocco,2023,
5723,2023 African Championship - Masters,Amateur,Continental Event,Casablanca,Morocco,2023,
5722,2023 African 6-Reds Championship,Amateur,6-reds,Casablanca,Morocco,2023,
5717,2023 European Snooker Shootout,Amateur,Continental Event,Albena,Bulgaria,2023,
6476,2023 German Snooker Tour - Event 141,Amateur,Event,Wettstetten,Germany,2023,
5721,2023 German 6-red Championship,Amateur,6-reds,Heilbronn,Germany,2023,
5729,2023 Japanese Amateur Championship,Amateur,National Championship,Toshima (Tokyo),Japan,2023,
5716,2023 European 6-Reds Championships,Amateur,6-reds,Albena,Bulgaria,2023,
5701,2023 Q School Asia-Oceania - Event 2,Professional,Tour Qualifier,Bangkok,Thailand,2023,
5715,2023 European Championships - Masters,Amateur,Continental Event,Albena,Bulgaria,2023,
5714,2023 European Championships - Women,Amateur,Continental Event,Albena,Bulgaria,2023,
5720,2023 Irish Over-55 Championship,Amateur,National Championship,Carlow,Ireland,2023,
6477,2023 German Snooker Tour - Event 140,Amateur,Event,Fürth,Germany,2023,
6478,2023 German Snooker Tour - Event 139,Amateur,Event,Rüsselsheim,Germany,2023,
5675,2023 Q School - Event 2,Professional,Tour Qualifier,Leicester,England,2023,
5700,2023 Q School Asia-Oceania - Event 1,Professional,Tour Qualifier,Bangkok,Thailand,2023,
6146,2023 Canadian Championship,Amateur,National Championship,Markham,Canada,2023,
6480,2023 German Snooker Tour - Event 137,Amateur,Event,Heilbronn,Germany,2023,
6479,2023 German Snooker Tour - Event 138,Amateur,Event,Heilbronn,Germany,2023,
6147,2023 Canadian Seniors Championship,Amateur,National Championship,Markham,Canada,2023,
5719,2023 French Masters Championship,Amateur,National Championship,Arras,France,2023,
6485,2023 German Snooker Tour - Event 135,Amateur,Event,Dortmund,Germany,2023,
6484,2023 German Snooker Tour - Event 136,Amateur,Event,Dortmund,Germany,2023,
5718,2023 Irish Masters Championship,Amateur,National Championship,Carlow,Ireland,2023,
5713,2023 Italian Amateur Championship,Amateur,National Championship,Turin,Italy,2023,
5674,2023 Q School - Event 1,Professional,Tour Qualifier,Leicester,England,2023,
5702,2023 Belgian Over-50 Championship,Amateur,National Championship,Lochristi,Belgium,2023,
5703,2023 Belgian Under-18 Championship,Amateur,National Championship,Lochristi,Belgium,2023,
5712,2023 Dutch Womens Championship,Amateur,National Championship,Den Haag,Netherlands,2023,
6486,2023 German Snooker Tour - Event 134,Amateur,Event,Berlin,Germany,2023,
5704,2023 Belgian Womens Championship,Amateur,National Championship,Lochristi,Belgium,2023,
6487,2023 German Snooker Tour - Event 133,Amateur,Event,Roth,Germany,2023,
6368,2023 Finnish Amateur Championship,Amateur,National Championship,Helsinki,Finland,2023,
5699,2023 Romania - National League - Event 5,Amateur,National Ranking,Bucharest,Romania,2023,
5698,2023 Swedish Amateur Championship,Amateur,National Championship,Stockholm,Sweden,2023,
6490,2023 German Snooker Tour - Event 130,Amateur,Event,Vallendar,Germany,2023,
6489,2023 German Snooker Tour - Event 131,Amateur,Event,Vallendar,Germany,2023,
6488,2023 German Snooker Tour - Event 132,Amateur,Event,Vallendar,Germany,2023,
5696,2023 Norwegian Amateur Championship,Amateur,National Championship,Osøyro,Norway,2023,
5709,2023 Irish Under-16 Championship,Amateur,National Championship,Carlow,Ireland,2023,
5707,2023 Northern Ireland Under-14 Championship,Amateur,National Championship,Magherafelt,Northern Ireland,2023,
5708,2023 Northern Ireland Under-18 Championship,Amateur,National Championship,Magherafelt,Northern Ireland,2023,
5705,2023 Belgian Amateur Championship,Amateur,National Championship,Lochristi,Belgium,2023,
5694,2023 Bulgarian Amateur Championship,Amateur,National Championship,Sofia,Bulgaria,2023,
6492,2023 German Snooker Tour - Event 128,Amateur,Event,Limbach Oberfrohna,Germany,2023,
6491,2023 German Snooker Tour - Event 129,Amateur,Event,Marburg,Germany,2023,
5710,2023 Irish Under-14 Championship,Amateur,National Championship,Carlow,Ireland,2023,
5685,2023 Womens British Open - Seniors,Amateur,Event,Walsall,England,2023,
5686,2023 Womens British Open - Under-21,Amateur,Event,Walsall,England,2023,
5687,2023 English Womens Championship,Amateur,National Championship,Walsall,England,2023,
5695,2023 South East Asian Games,Amateur,Continental Event,Phnom Penh,Cambodia,2023,
5684,2023 Womens British Open,Amateur,Event,Walsall,England,2023,
5706,2023 South African Amateur Championship,Amateur,National Championship,Johannesburg,South Africa,2023,
5679,2023 Belgian Masters Championship,Amateur,National Championship,Lochristi,Belgium,2023,
5680,2023 Belgian Under-21 Championship,Amateur,National Championship,Lochristi,Belgium,2023,
5711,2023 Irish Under-12 Championship,Amateur,National Championship,Carlow,Ireland,2023,
5683,2023 Northern Ireland Under-21 Championship,Amateur,National Championship,Antrim,Northern Ireland,2023,
5608,2023 Scottish Womens Championship,Amateur,National Championship,Bathgate,Scotland,2023,
5682,2023 South East Asian Games - 6-Reds - Men,Amateur,6-reds,Phnom Penh,Cambodia,2023,
5677,2023 French Womens Championship,Amateur,National Championship,Saint-Quentin,France,2023,
5339,2023 German Grand Prix - Masters - Event 4,Amateur,National Ranking,Hanover,Germany,2023,
6494,2023 German Snooker Tour - Event 125,Amateur,Event,Essen,Germany,2023,
6493,2023 German Snooker Tour - Event 127,Amateur,Event,Magdeburg,Germany,2023,
5678,2023 Lithuanian Amateur Championship,Amateur,National Championship,Vilnius,Lithuania,2023,
5676,2023 Vienna Open,Pro-am,Event,Vienna,Austria,2023,
5673,2023 World Seniors Championship,Pro-am,World Event,Sheffield,England,2023,
5681,2023 Belgian Over-60 Championship,Amateur,National Championship,Lochristi,Belgium,2023,
5313,2023 Malta Amateur Championship,Amateur,National Championship,Hamrun,Malta,2023,
6495,2023 German Snooker Tour - Event 124,Amateur,Event,Wettstetten,Germany,2023,
6498,2023 German Snooker Tour - Event 121,Amateur,Event,Selb,Germany,2023,
6497,2023 German Snooker Tour - Event 122,Amateur,Event,Vallendar,Germany,2023,
6496,2023 German Snooker Tour - Event 123,Amateur,Event,Vallendar,Germany,2023,
5672,2023 Iceland Amateur Championship,Amateur,National Championship,Reykjavik,Iceland,2023,
5669,2023 Scottish Under-16 Championship,Amateur,National Championship,Various,Scotland,2023,
5670,2023 Swedish Seniors Championship,Amateur,National Championship,Stockholm,Sweden,2023,
5671,2023 Swedish Under-21 Championship,Amateur,National Championship,Stockholm,Sweden,2023,
5666,2023 Asia-Pacific Championship,Amateur,Continental Event,Auckland,New Zealand,2023,
5665,2023 Asia-Pacific 6-Reds Championship,Amateur,Continental Event,Auckland,New Zealand,2023,
5594,2023 Scottish Amateur Championship,Amateur,National Championship,Various,Scotland,2023,
5617,2023 EPSB Open Series - Play-Off,Amateur,Event,Hull,England,2023,
6499,2023 German Snooker Tour - Event 120,Amateur,Event,Fürth,Germany,2023,
5697,2023 Irish Amateur Championship,Amateur,National Championship,Carlow,Ireland,2023,
5667,2023 Romania - National League - Event 4,Amateur,National Ranking,Bucharest,Romania,2023,
5693,2023 Scottish Under-14 Championship,Amateur,National Championship,Bathgate,Scotland,2023,
5618,2023 World Seniors Championship - Golden Ticket,Pro-am,Event,Reading,England,2023,
5663,2023 Channel Island Championship,Amateur,Event,Saint Sampson,Guernsey,2023,
5606,2023 English Seniors Championship,Amateur,National Championship,Derby,England,2023,
5611,2023 Scottish Masters Championship,Amateur,National Championship,Various,Scotland,2023,
5609,2023 Welsh Over-55 Championship,Amateur,National Championship,Llanelli,Wales,2023,
5605,2023 English Under-18 Championship,Amateur,National Championship,Derby,England,2023,
5335,2023 German Grand Prix - Event 4,Amateur,National Ranking,Hamburg,Germany,2023,
5616,2023 Irish Under-21 Championship,Amateur,National Championship,Carlow,Ireland,2023,
5550,2023 World Championship,Professional,Ranking,Sheffield,England,2023,
5614,2023 Australian Under-21 Championship,Amateur,National Championship,Melbourne,Australia,2023,
5615,2023 Australian Womens Under-21 Championship,Amateur,National Championship,Melbourne,Australia,2023,
5607,2023 CBSA Tour Qualifier 2,Amateur,National Ranking,Beijing,China,2023,
5604,2023 CBSA Tour Qualifier 1,Amateur,National Ranking,Beijing,China,2023,
6500,2023 German Snooker Tour - Event 117,Amateur,Event,Vallendar,Germany,2023,
5612,2023 Scottish Under-18 Championship,Amateur,National Championship,Various,Scotland,2023,
5598,2023 Danish Amateur Championship,Amateur,National Championship,Copenhagen,Denmark,2023,
6503,2023 German Snooker Tour - Event 114,Amateur,Event,Braunschweig,Germany,2023,
6502,2023 German Snooker Tour - Event 115,Amateur,Event,Schwerin,Germany,2023,
6501,2023 German Snooker Tour - Event 116,Amateur,Event,Vallendar,Germany,2023,
5610,2023 Irish Under-18 Championship,Amateur,National Championship,Carlow,Ireland,2023,
5613,2023 Scottish Under-21 Championship,Amateur,National Championship,Various,Scotland,2023,
5602,2023 World Seniors Open Series - Event 3,Amateur,Event,Newbury,England,2023,
5668,2023 Belgian Open,Amateur,Event,Jemappes,Belgium,2023,
6504,2023 German Snooker Tour - Event 113,Amateur,Event,Rüsselsheim,Germany,2023,
5600,2023 Welsh Masters Championship,Amateur,National Championship,Llanelli,Wales,2023,
5601,2023 Welsh Under-16 Championship,Amateur,National Championship,Ammanford,Wales,2023,
5599,2023 Welsh Under-21 Championship,Amateur,National Championship,Ammanford,Wales,2023,
5349,2023 English Amateur Championship,Amateur,National Championship,Walsall,England,2023,
6508,2023 German Snooker Tour - Event 109,Amateur,Event,Heilbronn,Germany,2023,
6507,2023 German Snooker Tour - Event 110,Amateur,Event,Magdeburg,Germany,2023,
6506,2023 German Snooker Tour - Event 111,Amateur,Event,Dortmund,Germany,2023,
6505,2023 German Snooker Tour - Event 112,Amateur,Event,Dortmund,Germany,2023,
5595,2023 Italian Masters,Amateur,Event,Turin,Italy,2023,
5597,2023 Welsh Under-14 Championship,Amateur,National Championship,Crosskeys,Wales,2023,
5596,2023 Welsh Under-18 Championship,Amateur,National Championship,Crosskeys,Wales,2023,
5549,2023 Tour Championship,Professional,Ranking,Hull,England,2023,
5590,2023 EPSB Open Series - Breakers - Event 6,Amateur,Event,Leicester,England,2023,
5589,2023 EPSB Open Series - Landywood - Event 6,Amateur,Event,Walsall,England,2023,
5591,2023 EPSB Open Series - Tradewell - Event 9,Amateur,Event,Hull,England,2023,
5592,2023 Belarus Amateur Championship,Amateur,National Championship,Minsk,Belarus,2023,
5587,2023 English Over-55 Championship,Amateur,National Championship,Leicester,England,2023,
5588,2023 English Under-21 Championship,Amateur,National Championship,Reading,England,2023,
5338,2023 German Grand Prix - Masters - Event 3,Amateur,National Ranking,Vallendar,Germany,2023,
6546,2023 German Snooker Tour - Event 107,Amateur,Event,Essen,Germany,2023,
5586,2023 Asia-Pacific Championship -  Seniors,Amateur,Continental Event,Albury,Australia,2023,
6547,2023 German Snooker Tour - Event 106,Amateur,Event,Berlin,Germany,2023,
6549,2023 German Snooker Tour - Event 104,Amateur,Event,Hanover,Germany,2023,
6548,2023 German Snooker Tour - Event 105,Amateur,Event,Vallendar,Germany,2023,
5584,2023 Asian Championship - Women,Amateur,Continental Event,Doha,Qatar,2023,
5548,2023 WST Classic,Professional,Ranking,Leicester,England,2023,
5568,2023 European Championships - Men,Amateur,Continental Event,St. Paul's Bay,Malta,2023,
5580,2023 World Seniors Super Seniors - Event 4,Amateur,Event,Reading,England,2023,
5585,2023 Asian Championship - Men,Amateur,Continental Event,Doha,Qatar,2023,
5578,2023 English Under-14 Championship,Amateur,National Championship,Walsall,England,2023,
5579,2023 EPSB Open Series - Hurricane - Event 2,Amateur,Event,London,England,2023,
5577,2023 World Seniors Championship - Qualifier 4,Pro-am,World Event,Reading,England,2023,
5567,2023 European Championships - Under-21,Amateur,Continental Event,St. Paul's Bay,Malta,2023,
5566,2023 European Championships - Under-18,Amateur,Continental Event,St. Paul's Bay,Malta,2023,
5465,2023 6-Reds World Championship,Professional,6-reds,Bangkok,Thailand,2023,
5565,2023 European Championships - Under-16,Amateur,Continental Event,St. Paul's Bay,Malta,2023,
5571,2023 EPSB Open Series - NESC - Event 2,Amateur,Event,North Shields,England,2023,
5572,2023 EPSB Open Series - Tamworth - Event 1,Amateur,Event,Tamworth,England,2023,
5569,2023 EPSB Open Series - Crucible - Event 4,Amateur,Event,Newbury,England,2023,
6551,2023 German Snooker Tour - Event 102,Amateur,Event,Rüsselsheim,Germany,2023,
6550,2023 German Snooker Tour - Event 103,Amateur,Event,Magdeburg,Germany,2023,
5570,2023 Q Tour - Play-Off,Amateur,Event,Darlington,England,2023,
6552,2023 German Snooker Tour - Event 101,Amateur,Event,Rüsselsheim,Germany,2023,
5573,2023 Romania - National League - Event 3,Amateur,National Ranking,Bucharest,Romania,2023,
5560,2023 Womens World Championship,Amateur,World Event,Bangkok,Thailand,2023,
5561,2023 Womens World Seniors Championship,Amateur,World Event,Bangkok,Thailand,2023,
5562,2023 Womens World Under-21 Championship,Amateur,World Event,Bangkok,Thailand,2023,
5553,2023 EPSB Open Series - Landywood - Event 5,Amateur,Event,Walsall,England,2023,
6555,2023 German Snooker Tour - Event 100,Amateur,Event,Berlin,Germany,2023,
5554,2023 Welsh Amateur Championship,Amateur,National Championship,Various,Wales,2023,
5552,2023 EPSB Open Series - Breakers - Event 5,Amateur,Event,Leicester,England,2023,
5551,2023 EPSB Open Series - Crucible - Event 3,Amateur,Event,Newbury,England,2023,
5334,2023 German Grand Prix - Event 3,Amateur,National Ranking,Rüsselsheim,Germany,2023,
5525,2023 Players Championship,Professional,Ranking,Wolverhampton,England,2023,
5523,2023 EPSB Open Series - Tradewell - Event 8,Amateur,Event,Hull,England,2023,
5524,2023 World Seniors Super Seniors - Event 3,Amateur,Event,Reading,England,2023,
5521,2023 English 6-Reds Championship,Amateur,National Championship,Leeds,England,2023,
6560,2023 German Snooker Tour - Event 94,Amateur,Event,Bielefeld,Germany,2023,
6559,2023 German Snooker Tour - Event 95,Amateur,Event,Bielefeld,Germany,2023,
6557,2023 German Snooker Tour - Event 97,Amateur,Event,Vallendar,Germany,2023,
6556,2023 German Snooker Tour - Event 98,Amateur,Event,Vallendar,Germany,2023,
5555,2023 Singapore Amateur Championship,Amateur,National Championship,Singapore,Singapore,2023,
5520,2023 World Seniors Championship - Qualifier 3,Pro-am,World Event,Reading,England,2023,
5468,2023 Welsh Open,Professional,Ranking,Llandudno,Wales,2023,
5517,2023 EPSB Open Series - Cueball - Event 5,Amateur,Event,Derby,England,2023,
6561,2023 German Snooker Tour - Event 93,Amateur,Event,Berlin,Germany,2023,
6563,2023 German Snooker Tour - Event 91,Amateur,Event,Berlin,Germany,2023,
6562,2023 German Snooker Tour - Event 92,Amateur,Event,Berlin,Germany,2023,
5519,2023 Romania - National League - Event 2,Amateur,National Ranking,Bucharest,Romania,2023,
5563,2023 EPSB Open Series - NESC - Event 1,Amateur,Event,North Shields,England,2023,
6565,2023 German Snooker Tour - Event 89,Amateur,Event,Magdeburg,Germany,2023,
6564,2023 German Snooker Tour - Event 90,Amateur,Event,Marburg,Germany,2023,
5514,2023 World Seniors Open Series - Event 2,Amateur,Event,Reading,England,2023,
5503,2023 WSF Championship,Amateur,World Event,Mt Pritchard,Australia,2023,
6566,2023 German Snooker Tour - Event 88,Amateur,Event,Rüsselsheim,Germany,2023,
5400,2023 German Masters,Professional,Ranking,Berlin,Germany,2023,
5511,2023 Asia-Pacific Womens Championship,Amateur,Continental Event,Sydney,Australia,2023,
5512,2023 Asia-Pacific Womens Championship - Under-21,Amateur,Continental Event,Sydney,Australia,2023,
5502,2023 WSF Junior Championship,Amateur,World Event,Mt Pritchard,Australia,2023,
5508,2023 Austrian Under-21 Championship,Amateur,National Championship,Wels,Austria,2023,
5501,2023 EPSB Open Series - Cueball - Event 4,Amateur,Event,Derby,England,2023,
5505,2023 EPSB Open Series - Landywood - Event 4,Amateur,Event,Walsall,England,2023,
5510,2023 French Under-18 Championship,Amateur,National Championship,Angers,France,2023,
6567,2023 German Snooker Tour - Event 87,Amateur,Event,Berlin,Germany,2023,
5506,2023 Austrian Masters Championship,Amateur,National Championship,Heidenreichstein,Austria,2023,
5507,2023 Austrian Under-18 Championship,Amateur,National Championship,Wels,Austria,2023,
5500,2023 EPSB Open Series - Hurricane - Event 1,Amateur,Event,London,England,2023,
5509,2023 French Under-21 Championship,Amateur,National Championship,Angers,France,2023,
6571,2023 German Snooker Tour - Event 83,Amateur,Event,Heilbronn,Germany,2023,
6570,2023 German Snooker Tour - Event 84,Amateur,Event,Heilbronn,Germany,2023,
6569,2023 German Snooker Tour - Event 85,Amateur,Event,Vallendar,Germany,2023,
6568,2023 German Snooker Tour - Event 86,Amateur,Event,Vallendar,Germany,2023,
5513,2023 Italian Open,Amateur,Event,Bolzano,Italy,2023,
5556,2023 Spanish Amateur Championship,Amateur,National Championship,Torredelcampo,Spain,2023,
5498,2023 Snooker Shoot Out,Professional,Ranking,Leicester,England,2023,
5497,2023 EPSB Open Series - Tradewell - Event 7,Amateur,Event,Hull,England,2023,
5496,2023 Seniors Tour - Event 6,Amateur,Event,Liverpool,England,2023,
5337,2023 German Grand Prix - Masters - Event 2,Amateur,National Ranking,Heilbronn,Germany,2023,
6055,2023 Italian Seniors Championship,Amateur,National Championship,Perugia,Italy,2023,
5493,2023 Seniors Tour - Event 5,Amateur,Event,Liverpool,England,2023,
5483,2023 Belgian Womens Open,Amateur,Event,Bruges,Belgium,2023,
5484,2023 Belgian Womens Open - Seniors,Amateur,Event,Bruges,Belgium,2023,
5473,2023 World Grand Prix,Professional,Ranking,Cheltenham,England,2023,
5474,2023 Austrian Womens Championship,Amateur,National Championship,Vienna,Austria,2023,
5574,2023 Isle of Man Amateur Championship,Amateur,National Championship,Ballasalla,Isle of Man,2023,
5472,2023 World Seniors Super Seniors - Event 2,Amateur,Event,Reading,England,2023,
5471,2023 Austrian Amateur Championship,Amateur,National Championship,Vienna,Austria,2023,
5469,2023 English Amateur Tour - Event 5,Amateur,National Ranking,Walsall,England,2023,
6573,2023 German Snooker Tour - Event 80,Amateur,Event,Berlin,Germany,2023,
6572,2023 German Snooker Tour - Event 81,Amateur,Event,Berlin,Germany,2023,
5485,2023 Romania - National League - Event 1,Amateur,National Ranking,Bucharest,Romania,2023,
5470,2023 World Seniors Championship - Qualifier 2,Pro-am,World Event,Reading,England,2023,
5466,2023 EPSB Open Series - Breakers - Event 4,Amateur,Event,Leicester,England,2023,
5467,2023 EPSB Open Series - Tradewell - Event 6,Amateur,Event,Hull,England,2023,
5429,2023 Masters,Professional,Invitational,London,England,2023,
6576,2023 German Snooker Tour - Event 77,Amateur,Event,Limbach Oberfrohna,Germany,2023,
6575,2023 German Snooker Tour - Event 78,Amateur,Event,Magdeburg,Germany,2023,
6574,2023 German Snooker Tour - Event 79,Amateur,Event,Vallendar,Germany,2023,
6577,2023 German Snooker Tour - Event 76,Amateur,Event,Rüsselsheim,Germany,2023,
5464,2023 Q Tour - Event 6,Amateur,Event,Leeds,England,2023,
5463,2023 3 Kings Open,Pro-am,Event,Rankweil,Austria,2023,
5452,2023 Polish Amateur Championship,Amateur,National Championship,Lublin,Poland,2023,
5459,2023 Australian Under-12 Championship,Amateur,National Championship,Albury,Australia,2023,
5460,2023 Australian Under-16 Championship,Amateur,National Championship,Albury,Australia,2023,
5461,2023 Australian Under-18 Championship,Amateur,National Championship,Albury,Australia,2023,
5462,2023 Australian Womens Under-18 Championship,Amateur,National Championship,Albury,Australia,2023,
5557,2023 Jersey Amateur Championship,Amateur,National Championship,Various,Jersey,2023,
5453,2023 Pakistan Amateur Championship,Amateur,National Championship,Karachi,Pakistan,2023,
5451,2023 Championship League,Professional,Invitational,Leicester,England,2023,
6277,2023 Israel Amateur Championship,Amateur,National Championship,Tel Aviv,Israel,2023,
5499,2023 Guernsey Amateur Championship,Amateur,National Championship,Various,Guernsey,2023,
6511,2024 EPSB Open Series - Oldham - Event 3,Amateur,Event,Oldham,England,2024,
6453,2024 German Snooker Tour - Event 74,Amateur,Event,Rüsselsheim,Germany,2024,
6454,2024 German Snooker Tour - Event 75,Amateur,Event,Selb,Germany,2024,
6455,2024 German Snooker Tour - Event 76,Amateur,Event,Schwerin,Germany,2024,
6452,2024 German Snooker Tour - Event 73,Amateur,Event,Karlsruhe,Germany,2024,
6451,2024 German Snooker Tour - Event 72,Amateur,Event,Selb,Germany,2024,
6450,2024 German Snooker Tour - Event 71,Amateur,Event,Gießen,Germany,2024,
6467,2024 EPSB Open Series - Landywood - Event 3,Amateur,Event,Walsall,England,2024,
6447,2024 German Snooker Tour - Event 68,Amateur,Event,Ansbach,Germany,2024,
6448,2024 German Snooker Tour - Event 69,Amateur,Event,Vallendar,Germany,2024,
6449,2024 German Snooker Tour - Event 70,Amateur,Event,Vallendar,Germany,2024,
6468,2024 Italian Masters,Amateur,Event,Turin,Italy,2024,
6444,2024 Riyadh Season Championship,Professional,Invitational,Riyadh,Saudi Arabia,2024,
6446,2024 German Snooker Tour - Event 67,Amateur,Event,Berlin,Germany,2024,
6483,2024 Singapore Amateur Championship,Amateur,National Championship,Singapore,Singapore,2024,
6433,2024 World Seniors Super Seniors - Event 5,Amateur,Event,Reading,England,2024,
6471,2024 Czech Amateur Championship,Amateur,National Championship,Various,Czech Republic,2024,
6430,2024 EPSB Open Series - Frames - Event 4,Amateur,Event,Coulsdon,England,2024,
6432,2024 EPSB Open Series - Oldham - Event 2,Amateur,Event,Oldham,England,2024,
6431,2024 German Snooker Tour - Event 65,Amateur,Event,Braunschweig,Germany,2024,
6443,2024 German Snooker Tour - Event 66,Amateur,Event,Braunschweig,Germany,2024,
6435,2024 Turkish Amateur Championship,Amateur,National Championship,Istanbul,Turkey,2024,
6429,2024 World Seniors Championship - Event 5,Amateur,Event,Reading,England,2024,
6434,2024 Q Tour Americas - Event 3,Amateur,Event,Chandler AZ,United States,2024,
6428,2024 Q Tour Europe - Event 5,Amateur,Event,Vienna,Austria,2024,
6463,2024 German Snooker Tour - Event 64,Amateur,Event,Gießen,Germany,2024,
6384,2024 Scottish Open,Professional,Ranking,Edinburgh,Scotland,2024,
6423,2024 English Junior Tour - Event 5,Amateur,Event,Leeds,England,2024,
6424,2024 English Seniors Tour - Event 4,Amateur,Event,Walsall,England,2024,
6371,2024 German Grand Prix - Event 2,Amateur,National Ranking,Rüsselsheim,Germany,2024,
6462,2024 German Snooker Tour - Event 63,Amateur,Event,Hanover,Germany,2024,
6427,2024 Swiss Amateur Championship,Amateur,National Championship,Unknown,Switzerland,2024,
6461,2024 German Snooker Tour - Event 61,Amateur,Event,Rüsselsheim,Germany,2024,
6554,2024 Romania - National League - Event 10,Amateur,National Ranking,Bucharest,Romania,2024,
6418,2024 Snooker Shoot Out,Professional,Ranking,Leicester,England,2024,
6416,2024 EPSB Open Series - Breakers - Event 2,Amateur,Event,Leicester,England,2024,
6417,2024 EPSB Open Series - Cueball - Event 2,Amateur,Event,Derby,England,2024,
6414,2024 English Amateur Tour - Event 4,Amateur,National Ranking,Coulsdon,England,2024,
6415,2024 EPSB Open Series - Landywood - Event 2,Amateur,Event,Walsall,England,2024,
6420,2024 Hungarian Amateur Championship,Amateur,National Championship,Budapest,Hungary,2024,
6403,2024 Slovak Amateur Championship,Amateur,National Championship,Unknown,Slovakia,2024,
6419,2024 Albanian Amateur Championship,Amateur,National Championship,Unknown,Albania,2024,
6460,2024 German Snooker Tour - Event 60,Amateur,Event,Gießen,Germany,2024,
6413,2024 World Seniors Super Seniors - Event 4,Amateur,Event,Reading,England,2024,
6411,2024 English Junior Tour - Event 4,Amateur,Event,Dereham,England,2024,
6412,2024 English Seniors Tour - Event 3,Amateur,Event,Manchester,England,2024,
6459,2024 German Snooker Tour - Event 59,Amateur,Event,Ansbach,Germany,2024,
6400,2024 UK Championship,Professional,Ranking,York,England,2024,
6402,2024 United States Amateur Championship,Amateur,National Championship,San Gabriel,United States,2024,
6406,2024 Womens Masters,Amateur,Event,Coulsdon,England,2024,
6407,2024 Womens Masters - Seniors,Amateur,Event,Coulsdon,England,2024,
6408,2024 Womens Masters - Under-21,Amateur,Event,Coulsdon,England,2024,
6409,2024 World Seniors Championship - Event 4,Amateur,Event,Reading,England,2024,
6298,2024 German Amateur Championship,Amateur,National Championship,Bad Wildungen,Germany,2024,
6296,2024 German Womens Championship,Amateur,National Championship,Bad Wildungen,Germany,2024,
6404,2024 EPSB Open Series - Oldham - Event 1,Amateur,Event,Oldham,England,2024,
6458,2024 German Snooker Tour - Event 58,Amateur,Event,Berlin,Germany,2024,
6399,2024 English Amateur Tour - Event 3,Amateur,National Ranking,Manchester,England,2024,
6401,2024 EPSB Open Series - Frames - Event 3,Amateur,Event,Coulsdon,England,2024,
6456,2024 German Snooker Tour - Event 56,Amateur,Event,Dortmund,Germany,2024,
6457,2024 German Snooker Tour - Event 57,Amateur,Event,Würzburg,Germany,2024,
6297,2024 German Masters Championship,Amateur,National Championship,Bad Wildungen,Germany,2024,
6553,2024 Romania - National League - Event 9,Amateur,National Ranking,Bucharest,Romania,2024,
6398,2024 Champion of Champions,Professional,Non-ranking,Bolton,England,2024,
6397,2024 German Snooker Tour - Event 55,Amateur,Event,Gießen,Germany,2024,
6294,2024 German Under-21 Championship,Amateur,National Championship,Bad Wildungen,Germany,2024,
6293,2024 German Under-18 Championship,Amateur,National Championship,Bad Wildungen,Germany,2024,
6393,2024 German Snooker Tour - Event 51,Amateur,Event,Hanover,Germany,2024,
6394,2024 German Snooker Tour - Event 52,Amateur,Event,Wettstetten,Germany,2024,
6395,2024 German Snooker Tour - Event 53,Amateur,Event,Vallendar,Germany,2024,
6396,2024 German Snooker Tour - Event 54,Amateur,Event,Vallendar,Germany,2024,
6292,2024 German Under-15 Championship,Amateur,National Championship,Bad Wildungen,Germany,2024,
6295,2024 Q Tour Europe - Event 4,Amateur,Event,Manchester,England,2024,
6386,2024 World Amateur Championship - Woman,Amateur,World Event,Doha,Qatar,2024,
6387,2024 World Amateur Championship - Masters,Amateur,World Event,Doha,Qatar,2024,
6391,2024 English Womens Tour - Event 2,Amateur,Event,Leicester,England,2024,
6323,2024 International Championship,Professional,Ranking,Nanjing,China,2024,
6388,2024 English Junior Tour - Event 3,Amateur,Event,Widnes,England,2024,
6389,2024 English Seniors Tour - Event 2,Amateur,Event,Walsall,England,2024,
6390,2024 EPSB Open Series - Frames - Event 2,Amateur,Event,Coulsdon,England,2024,
6370,2024 German Grand Prix - Masters - Event 1,Amateur,National Ranking,Hamburg,Germany,2024,
6385,2024 World Amateur Championship - Men,Amateur,World Event,Doha,Qatar,2024,
6392,2024 German Snooker Tour - Event 49,Amateur,Event,Rüsselsheim,Germany,2024,
6437,2024 Wels Open,Amateur,Event,Salzburg,Austria,2024,
6633,2024 Q Tour Americas - Event 2,Amateur,Event,Rio de Janerio,Brazil,2024,
6383,2024 German Snooker Tour - Event 48,Amateur,Event,Gießen,Germany,2024,
6365,2024 English Amateur Tour - Event 2,Amateur,National Ranking,Leeds,England,2024,
6366,2024 EPSB Open Series - Frames - Event 1,Amateur,Event,Coulsdon,England,2024,
6358,2024 EPSB Open Series - Cueball - Event 1,Amateur,Event,Derby,England,2024,
6321,2024 Northern Ireland Open,Professional,Ranking,Belfast,Northern Ireland,2024,
6356,2024 English Junior Tour - Event 2,Amateur,Event,Coulsdon,England,2024,
6357,2024 EPSB Open Series - Landywood - Event 1,Amateur,Event,Walsall,England,2024,
6380,2024 German Snooker Tour - Event 45,Amateur,Event,Ansbach,Germany,2024,
6381,2024 German Snooker Tour - Event 46,Amateur,Event,Dortmund,Germany,2024,
6382,2024 German Snooker Tour - Event 47,Amateur,Event,Hofgeismar,Germany,2024,
6355,2024 New Zealand Under-21 Championship,Amateur,National Championship,Christchurch,New Zealand,2024,
6363,2024 Romania - National League - Event 8,Amateur,National Ranking,Bucharest,Romania,2024,
6364,2024 CBSA China Tour - Haining,Pro-am,National Ranking,Haining,China,2024,
6347,2024 European 6-Reds Championships,Amateur,Continental Event,Albufeira,Portugal,2024,
6379,2024 German Snooker Tour - Event 44,Amateur,Event,Gießen,Germany,2024,
6352,2024 EPSB Open Series - Breakers - Event 1,Amateur,Event,Leicester,England,2024,
6378,2024 German Snooker Tour - Event 43,Amateur,Event,Berlin,Germany,2024,
6351,2024 World Seniors Super Seniors - Event 3,Amateur,Event,Reading,England,2024,
6354,2024 Estonian Amateur Championship,Amateur,National Championship,Tallinn,Estonia,2024,
6369,2024 German Grand Prix - Event 1,Amateur,National Ranking,Hanover,Germany,2024,
6349,2024 World Seniors Championship - Event 3,Amateur,Event,Reading,England,2024,
6345,2024 European Championships - Masters,Amateur,Continental Event,Albufeira,Portugal,2024,
6346,2024 European Championships - Women,Amateur,Continental Event,Albufeira,Portugal,2024,
6367,2024 Moldova Amateur Championship,Amateur,National Championship,Chisinau,Moldova,2024,
6348,2024 Q Tour Asia-Pacific - Event 4,Amateur,Event,"Mt Pritchard, Sydney",Australia,2024,
6353,2024 Pan American Championship,Amateur,Continental Event,Saint Lambert,Canada,2024,
6340,2024 German Snooker Tour - Event 40,Amateur,Event,Heilbronn,Germany,2024,
6339,2024 German Snooker Tour - Event 41,Amateur,Event,Heilbronn,Germany,2024,
6218,2024 Wuhan Open,Professional,Ranking,Wuhan,China,2024,
6343,2024 Australian Womens Open,Amateur,Event,Sydney,Australia,2024,
6337,2024 German Snooker Tour - Event 38,Amateur,Event,Heilbronn,Germany,2024,
6338,2024 German Snooker Tour - Event 39,Amateur,Event,Heilbronn,Germany,2024,
6344,2024 New Zealand Seniors Championship,Amateur,National Championship,Christchurch,New Zealand,2024,
6350,2024 Pan American Championship - Masters,Amateur,Continental Event,Saint Lambert,Canada,2024,
6341,2024 German Snooker Tour - Event 35,Amateur,Event,Rüsselsheim,Germany,2024,
6336,2024 German Snooker Tour - Event 36,Amateur,Event,Heilbronn,Germany,2024,
6335,2024 German Snooker Tour - Event 37,Amateur,Event,Heilbronn,Germany,2024,
6342,2024 Q Tour Europe - Event 3,Amateur,Event,Stockholm,Sweden,2024,
6333,2024 German Snooker Tour - Event 33,Amateur,Event,Heilbronn,Germany,2024,
6334,2024 German Snooker Tour - Event 34,Amateur,Event,Heilbronn,Germany,2024,
6332,2024 German Snooker Tour - Event 32,Amateur,Event,Heilbronn,Germany,2024,
6331,2024 German Snooker Tour - Event 31,Amateur,Event,Wettstetten,Germany,2024,
6322,2024 World Seniors Super Seniors - Event 2,Amateur,Event,Reading,England,2024,
6330,2024 German Snooker Tour - Event 30,Amateur,Event,Rüsselsheim,Germany,2024,
6320,2024 World Seniors Championship - Event 2,Amateur,Event,Reading,England,2024,
6319,2024 Q Tour Asia-Pacific - Event 3,Amateur,Event,Auckland,New Zealand,2024,
6219,2024 British Open,Professional,Ranking,Cheltenham,England,2024,
6329,2024 German Snooker Tour - Event 29,Amateur,Event,Gießen,Germany,2024,
6324,2024 German Snooker Tour - Event 24,Amateur,Event,Limbach Oberfrohna,Germany,2024,
6325,2024 German Snooker Tour - Event 25,Amateur,Event,Hofgeismar,Germany,2024,
6326,2024 German Snooker Tour - Event 26,Amateur,Event,Magdeburg,Germany,2024,
6327,2024 German Snooker Tour - Event 27,Amateur,Event,Vallendar,Germany,2024,
6328,2024 German Snooker Tour - Event 28,Amateur,Event,Vallendar,Germany,2024,
6421,2024 IBSF 6-Reds World Championship - Men,,Continental Event,Ulaanbaatar,Mongolia,2024,
6422,2024 IBSF 6-Reds World Championship - Women,,Continental Event,Ulaanbaatar,Mongolia,2024,
6318,2024 Q Tour Europe - Event 2,Amateur,Event,Sofia,Bulgaria,2024,
6289,2024 English Open,Professional,Ranking,Brentwood,England,2024,
6311,2024 English Junior Tour - Event 1,Amateur,Event,Walsall,England,2024,
6312,2024 English Seniors Tour - Event 1,Amateur,Event,Coulsdon,England,2024,
6313,2024 IBSF Mongolia World Cup - Men,Amateur,World Event,Ulaanbaatar,Mongolia,2024,
6314,2024 IBSF Mongolia World Cup - Women,Amateur,World Event,Ulaanbaatar,Mongolia,2024,
6310,2024 German Snooker Tour - Event 23,Amateur,Event,Gießen,Germany,2024,
6309,2024 German Snooker Tour - Event 21,Amateur,Event,Heilbronn,Germany,2024,
6308,2024 German Snooker Tour - Final,Amateur,Event,Heilbronn,Germany,2024,
6362,2024 Romania - National League - Event 7,Amateur,National Ranking,Bucharest,Romania,2024,
6307,2024 German Snooker Tour - Event 20,Amateur,Event,Rüsselsheim,Germany,2024,
6286,2024 UK Womens Championship,Amateur,Event,Leeds,England,2024,
6287,2024 UK Womens Championship - Seniors,Amateur,Event,Leeds,England,2024,
6288,2024 UK Womens Championship - Under-21,Amateur,Event,Leeds,England,2024,
6360,2024 Trinidad and Tobago Amateur Championship,Amateur,National Championship,Various,Trinidad and Tobago,2024,
6270,2024 English Amateur Tour - Event 1,Amateur,National Ranking,Walsall,England,2024,
6283,2024 German Snooker Tour - Event 17,Amateur,Event,Hamburg,Germany,2024,
6284,2024 German Snooker Tour - Event 18,Amateur,Event,Vallendar,Germany,2024,
6306,2024 German Snooker Tour - Event 19,Amateur,Event,Vallendar,Germany,2024,
6265,2024 Saudi Arabia Masters,Professional,Ranking,Riyadh,Saudi Arabia,2024,
6259,2024 World Under-21 Championship - Men,Amateur,World Event,Bangalore,India,2024,
6257,2024 German Snooker Tour - Event 16,Amateur,Event,Gießen,Germany,2024,
6262,2024 English Womens Tour - Event 1,Amateur,Event,Leicester,England,2024,
6260,2024 World Under-21 Championship - Women,Amateur,World Event,Bangalore,India,2024,
6279,2024 Australian Amateur Championship,Amateur,National Championship,Melbourne,Australia,2024,
6253,2024 German Snooker Tour - Event 12,Amateur,Event,Erfurt,Germany,2024,
6254,2024 German Snooker Tour - Event 13,Amateur,Event,Rüsselsheim,Germany,2024,
6255,2024 German Snooker Tour - Event 14,Amateur,Event,Rüsselsheim,Germany,2024,
6256,2024 German Snooker Tour - Event 15,Amateur,Event,Magdeburg,Germany,2024,
6258,2024 World Under-17 Championship - Men,Amateur,World Event,Bangalore,India,2024,
6261,2024 Nordic Snooker Championship,Amateur,Continental Event,Aarhus,Denmark,2024,
6217,2024 Xi'an Grand Prix,Professional,Ranking,Xi'an,China,2024,
6244,2024 African Championship - Men,Amateur,Continental Event,Johannesburg,South Africa,2024,
6242,2024 African Championship - Women,Amateur,Continental Event,Johannesburg,South Africa,2024,
6252,2024 German Snooker Tour - Event 11,Amateur,Event,Würzburg,Germany,2024,
6240,2024 New Zealand Masters Championship,Amateur,National Championship,Tauranga,New Zealand,2024,
6237,2024 Q Tour Europe - Event 1,Amateur,Event,Leeds,England,2024,
6243,2024 African 6-red Championship,Amateur,Continental Event,Johannesburg,South Africa,2024,
6239,2024 African Championship - Masters,Amateur,Continental Event,Johannesburg,South Africa,2024,
6236,2024 German Snooker Tour - Event 10,Amateur,Event,Gießen,Germany,2024,
6225,2024 World Seniors Super Seniors - Event 1,Amateur,Event,Reading,England,2024,
6234,2024 German Snooker Tour - Event 8,Amateur,Event,Vallendar,Germany,2024,
6235,2024 German Snooker Tour - Event 9,Amateur,Event,Vallendar,Germany,2024,
6222,2024 US Womens Open,Amateur,Event,Seattle,United States,2024,
6223,2024 US Womens Open - Seniors,Amateur,Event,Seattle,United States,2024,
6224,2024 World Seniors Championship - Event 1,Pro-am,Event,Reading,England,2024,
6220,2024 Q Tour Asia-Pacific - Event 2,Amateur,Event,Albury,Australia,2024,
6246,2024 Malaysian Amateur Championship,Amateur,National Championship,Kuala Lumpur,Malaysia,2024,
6247,2024 CBSA China Tour - Shijiazhuang,Pro-am,National Ranking,Shijiazhuang,China,2024,
6233,2024 German Snooker Tour - Event 7,Amateur,Event,Gießen,Germany,2024,
6216,2024 Australian Womens Championship,Amateur,National Championship,Melbourne,Australia,2024,
6232,2024 German Snooker Tour - Event 6,Amateur,Event,Rüsselsheim,Germany,2024,
6215,2024 Q Tour Middle East - Event 2,Amateur,Event,Abu Dhabi,United Arab Emirates,2024,
6214,2024 New Zealand Amateur Championship,Amateur,National Championship,Christchurch,New Zealand,2024,
6213,2024 Shanghai Masters,Professional,Non-ranking,Shanghai,China,2024,
6231,2024 German Snooker Tour - Event 5,Amateur,Event,Ansbach,Germany,2024,
6230,2024 German Snooker Tour - Event 4,Amateur,Event,Gießen,Germany,2024,
6229,2024 German Snooker Tour - Event 3,Amateur,Event,Selb,Germany,2024,
6228,2024 German Snooker Tour - Event 2,Amateur,Event,Rüsselsheim,Germany,2024,
6212,2024 New Zealand Womens Championship,Amateur,National Championship,Tauranga,New Zealand,2024,
6211,2024 Pink Ribbon,Pro-am,Event,Walsall,England,2024,
6210,2024 Asian Championship - Women,Amateur,Continental Event,Riyadh,Saudi Arabia,2024,
6425,2024 German Snooker Tour - Event 1,Amateur,Event,Various,Germany,2024,
5803,2024 German Grand Prix - Event 5,Amateur,National Ranking,Heilbronn,Germany,2024,
6226,2024 Japanese Amateur Championship,Amateur,National Championship,Tokyo,Japan,2024,
6245,2024 Serbian Amateur Championship,Amateur,National Championship,Belgrad,Serbia,2024,
6207,2024 Q Tour Asia-Pacific - Event 1,Amateur,Event,Perth,Australia,2024,
6209,2024 Asian 6-reds Championship,Amateur,Continental Event,Riyadh,Saudi Arabia,2024,
6208,2024 Asian Championship - Under-21,Amateur,Continental Event,Riyadh,Saudi Arabia,2024,
6205,2024 German Snooker Tour - Event 144,Amateur,Event,Gießen,Germany,2024,
6241,2024 French Amateur Championship,Amateur,National Championship,Colmar,France,2024,
6196,2024 German 6-red Championship,Amateur,6-reds,Heilbronn,Germany,2024,
6202,2024 German Snooker Tour - Event 141,Amateur,Event,Hanover,Germany,2024,
6203,2024 German Snooker Tour - Event 142,Amateur,Event,Hanover,Germany,2024,
6204,2024 German Snooker Tour - Event 143,Amateur,Event,Essen,Germany,2024,
6238,2024 Danish Amateur Championship,Amateur,National Championship,Herning,Denmark,2024,
6361,2024 Romania - National League - Event 6,Amateur,National Ranking,Bucharest,Romania,2024,
6158,2024 German Snooker Tour - Event 138,Amateur,Event,Ansbach,Germany,2024,
6201,2024 German Snooker Tour - Event 140,Amateur,Event,Berlin,Germany,2024,
6200,2024 German Snooker Tour - Event 139,Amateur,Event,Hofgeismar,Germany,2024,
6194,2024 Championship League,Professional,Ranking,Leicester,England,2024,
6199,2024 German Snooker Tour - Event 137,Amateur,Event,Gießen,Germany,2024,
6198,2024 German Snooker Tour - Event 136,Amateur,Event,Rüsselsheim,Germany,2024,
6197,2024 German Snooker Tour - Event 135,Amateur,Event,Würzburg,Germany,2024,
6183,2024 Q School Asia-Oceania - Event 2,Professional,Tour Qualifier,Bangkok,Thailand,2024,
6184,2024 German Snooker Tour - Event 134,Amateur,Event,Gießen,Germany,2024,
6180,2024 Q School - Event 2,Professional,Tour Qualifier,Leicester,England,2024,
6718,2024 Irish Over-55 Championship,Amateur,National Championship,Carlow,Ireland,2024,
6186,2024 French Masters Championship,Amateur,National Championship,Argenteuil,France,2024,
5807,2024 German Grand Prix - Masters - Event 4,Amateur,National Ranking,Hanover,Germany,2024,
6179,2024 Helsinki International Cup,Pro-am,Event,Helsinki,Finland,2024,
6151,2024 English Womens Championship,Amateur,National Championship,Walsall,England,2024,
6152,2024 Womens British Open,Amateur,Event,Walsall,England,2024,
6153,2024 Womens British Open - Senior,Amateur,Event,Walsall,England,2024,
6154,2024 Womens British Open - Under-21,Amateur,Event,Walsall,England,2024,
6145,2024 Canadian Championship,Amateur,National Championship,Saint Lambert,Canada,2024,
6142,2024 Q School Asia-Oceania - Event 1,Professional,Tour Qualifier,Bangkok,Thailand,2024,
6140,2024 Q School - Event 1,Professional,Tour Qualifier,Leicester,England,2024,
6141,2024 Q Tour Middle East - Event 1,Amateur,Event,Manama,Bahrain,2024,
6172,2024 German Snooker Tour - Event 132,Amateur,Event,Essen,Germany,2024,
6137,2024 EPSB Winchester Womens Open - Grand Final,Amateur,Event,Leicester,England,2024,
6170,2024 German Snooker Tour - Event 130,Amateur,Event,Essen,Germany,2024,
6171,2024 German Snooker Tour - Event 131,Amateur,Event,Berlin,Germany,2024,
6189,2024 Belgian Masters Championship,Amateur,National Championship,Lochristi,Belgium,2024,
6190,2024 Belgian Under-21 Championship,Amateur,National Championship,Lochristi,Belgium,2024,
6144,2024 Canadian Seniors Championship,Amateur,National Championship,Saint Lambert,Canada,2024,
6168,2024 German Snooker Tour - Event 128,Amateur,Event,Dresden,Germany,2024,
6169,2024 German Snooker Tour - Event 129,Amateur,Event,Essen,Germany,2024,
6143,2024 Finnish Amateur Championship,Amateur,National Championship,Helsinki,Finland,2024,
6139,2024 Italian Amateur Championship,Amateur,National Championship,Perugia,Italy,2024,
6138,2024 Romania - National League - Event 5,Amateur,National Ranking,Bucharest,Romania,2024,
6188,2024 Belgian Over-50 Championship,Amateur,National Championship,Lochristi,Belgium,2024,
6192,2024 Belgian Womens Championship,Amateur,National Championship,Lochristi,Belgium,2024,
6191,2024 Belgian Under-18 Championship,Amateur,National Championship,Lochristi,Belgium,2024,
6148,2024 Bulgarian Amateur Championship,Amateur,National Championship,Sofia,Bulgaria,2024,
6317,2024 Irish Amateur Championship,Amateur,National Championship,Carlow,Ireland,2024,
6405,2024 Latvia Amateur Championship,Amateur,National Championship,Riga,Latvia,2024,
6602,2024 Portuguese Amateur Championship,Amateur,National Championship,Unknown,Portugal,2024,
6134,2024 Swedish Amateur Championship,Amateur,National Championship,Stockholm,Sweden,2024,
6193,2024 Belgian 6-Reds Championship,Amateur,National Championship,Lochristi,Belgium,2024,
6135,2024 Norwegian Amateur Championship,Amateur,National Championship,Oslo,Norway,2024,
6118,2024 Vienna Open,Pro-am,Event,Vienna,Austria,2024,
6185,2024 French Womens Championship,Amateur,National Championship,Périgueux,France,2024,
6116,2024 World Seniors Championship,Pro-am,World Event,Sheffield,England,2024,
6723,2024 Irish Under-18 Championship,Amateur,National Championship,Carlow,Ireland,2024,
6227,2024 South African Amateur Championship,Amateur,National Championship,Johannesburg,South Africa,2024,
6195,2024 Belgian Amateur Championship,Amateur,National Championship,Lochristi,Belgium,2024,
6166,2024 German Snooker Tour - Event 126,Amateur,Event,Limbach Oberfrohna,Germany,2024,
6167,2024 German Snooker Tour - Event 127,Amateur,Event,Roth,Germany,2024,
6132,2024 Iceland Amateur Championship,Amateur,National Championship,Reykjavik,Iceland,2024,
6721,2024 Irish Under-14 Championship,Amateur,National Championship,Carlow,Ireland,2024,
6719,2024 Irish Under-21 Championship,Amateur,National Championship,Carlow,Ireland,2024,
6133,2024 Lithuanian Amateur Championship,Amateur,National Championship,Vilnius,Lithuania,2024,
6117,2024 Swedish Seniors Championship,Amateur,National Championship,Stockholm,Sweden,2024,
6165,2024 German Snooker Tour - Event 125,Amateur,Event,Rüsselsheim,Germany,2024,
6115,2024 Australian Masters Championship,Amateur,National Championship,Tumbi Umbi,Australia,2024,
6187,2024 Belgian Over-60 Championship,Amateur,National Championship,Lochristi,Belgium,2024,
6164,2024 German Snooker Tour - Event 124,Amateur,Event,Berlin,Germany,2024,
6735,2024 Northern Ireland Under-21 Championship,Amateur,National Championship,Drumaness,Northern Ireland,2024,
6695,2024 Welsh Over-55 Championship,Amateur,National Championship,Llanelli,Wales,2024,
6109,2024 English Under-21 Championship,Amateur,National Championship,Leicester,England,2024,
6161,2024 German Snooker Tour - Event 121,Amateur,Event,Rüsselsheim,Germany,2024,
6162,2024 German Snooker Tour - Event 122,Amateur,Event,Vallendar,Germany,2024,
6163,2024 German Snooker Tour - Event 123,Amateur,Event,Vallendar,Germany,2024,
6720,2024 Irish Under-12 Championship,Amateur,National Championship,Carlow,Ireland,2024,
6722,2024 Irish Under-16 Championship,Amateur,National Championship,Carlow,Ireland,2024,
6726,2024 Scottish Under-21 Championship,Amateur,National Championship,Edinburgh,Scotland,2024,
6541,2024 Malta Amateur Championship,Amateur,National Championship,Hamrun,Malta,2024,
6601,2024 Scottish Amateur Championship,Amateur,National Championship,Edinburgh,Scotland,2024,
6692,2024 Welsh Under-16 Championship,Amateur,National Championship,Ammanford,Wales,2024,
6693,2024 Welsh Under-21 Championship,Amateur,National Championship,Ammanford,Wales,2024,
6108,2024 English Under-16 Championship,Amateur,National Championship,Walsall,England,2024,
6157,2024 German Snooker Tour - Event 118,Amateur,Event,Rüsselsheim,Germany,2024,
6159,2024 German Snooker Tour - Event 119,Amateur,Event,Hofgeismar,Germany,2024,
6160,2024 German Snooker Tour - Event 120,Amateur,Event,Rüsselsheim,Germany,2024,
6717,2024 Irish Masters Championship,Amateur,National Championship,Carlow,Ireland,2024,
6131,2024 Northern Ireland Amateur Championship,Amateur,National Championship,Antrim,Northern Ireland,2024,
6729,2024 Scottish Under-14 Championship,Amateur,National Championship,Edinburgh,Scotland,2024,
6725,2024 Scottish Womens Championship,Amateur,National Championship,Edinburgh,Scotland,2024,
6690,2024 Welsh Under-14 Championship,Amateur,National Championship,Ammanford,Wales,2024,
6691,2024 Welsh Under-18 Championship,Amateur,National Championship,Ammanford,Wales,2024,
6112,2024 World Championship,Professional,Ranking,Sheffield,England,2024,
6080,2024 Channel Island Championship,Amateur,National Championship,St Helier,Jersey,2024,
6730,2024 Scottish Masters Championship,Amateur,National Championship,Edinburgh,Scotland,2024,
6694,2024 Welsh Masters Championship,Amateur,National Championship,Aberaman,Wales,2024,
6107,2024 English Under-18 Championship,Amateur,National Championship,Northampton,England,2024,
5802,2024 German Grand Prix - Event 4,Amateur,National Ranking,Hamburg,Germany,2024,
6716,2024 Irish 6-Red Championship,Amateur,National Championship,Carlow,Ireland,2024,
6734,2024 Northern Ireland Under-18 Championship,Amateur,National Championship,Carrickfergus,Northern Ireland,2024,
6728,2024 Scottish Under-16 Championship,Amateur,National Championship,Edinburgh,Scotland,2024,
6105,2024 Romania - National League - Event 4,Amateur,National Ranking,Bucharest,Romania,2024,
6113,2024 Australian Womens Under-21 Championship,Amateur,National Championship,Melbourne,Australia,2024,
6106,2024 Welsh Amateur Championship,Amateur,National Championship,Tonypandy,Wales,2024,
6103,2024 English Over-55 Championship,Amateur,National Championship,Tamworth,England,2024,
6104,2024 EPSB Open Series - Play-Off,Amateur,Event,Woking,England,2024,
6732,2024 Northern Ireland Under-14 Championship,Amateur,National Championship,Magherafelt,Northern Ireland,2024,
6733,2024 Northern Ireland Under-16 Championship,Amateur,National Championship,Magherafelt,Northern Ireland,2024,
6727,2024 Scottish Under-18 Championship,Amateur,National Championship,Edinburgh,Scotland,2024,
6156,2024 German Snooker Tour - Event 116,Amateur,Event,Rüsselsheim,Germany,2024,
6114,2024 Australian Under-21 Championship,Amateur,National Championship,Melbourne,Australia,2024,
6155,2024 German Snooker Tour - Event 115,Amateur,Event,Fürth,Germany,2024,
6083,2024 Tour Championship,Professional,Ranking,Manchester,England,2024,
6102,2024 EPSB Open Series - Landywood - Event 5,Amateur,Event,Walsall,England,2024,
6127,2024 German Snooker Tour - Event 112,Amateur,Event,Berlin,Germany,2024,
6128,2024 German Snooker Tour - Event 113,Amateur,Event,Vallendar,Germany,2024,
6129,2024 German Snooker Tour - Event 114,Amateur,Event,Vallendar,Germany,2024,
6101,2024 EPSB Open Series - Woking - Event 5,Amateur,Event,Woking,England,2024,
6125,2024 German Snooker Tour - Event 109,Amateur,Event,Schwerin,Germany,2024,
5782,2024 German Snooker Tour - Event 110,Amateur,Event,Vallendar,Germany,2024,
6126,2024 German Snooker Tour - Event 111,Amateur,Event,Vallendar,Germany,2024,
6099,2024 Belgian Open,Pro-am,Event,Glabbeek,Belgium,2024,
6078,2024 EPSB Open Series - London - Event 2,Amateur,Event,London,England,2024,
6100,2024 EPSB Winchester Womens Open Series - Event 8,Amateur,Event,Leicester,England,2024,
5806,2024 German Grand Prix - Masters - Event 3,Amateur,National Ranking,Rüsselsheim,Germany,2024,
6124,2024 German Snooker Tour - Event 108,Amateur,Event,Magdeburg,Germany,2024,
6086,2024 Asia-Pacific Championship,Amateur,Continental Event,Mt Prichard,Australia,2024,
6074,2024 European Championships - Men,Amateur,Continental Event,Sarajevo,Bosnia Herzegovina,2024,
5994,2024 World Open,Professional,Ranking,Yushan,China,2024,
6123,2024 German Snooker Tour - Event 106,Amateur,Event,Wettstetten,Germany,2024,
6085,2024 Asia-Pacific Championship - Under-21,Amateur,Continental Event,Mt Prichard,Australia,2024,
6084,2024 Asia-Pacific Championship - Women,Amateur,Continental Event,Mt Prichard,Australia,2024,
6077,2024 EPSB Open Series - Hurricane - Event 6,Amateur,Event,London,England,2024,
6122,2024 German Snooker Tour - Event 104,Amateur,Event,Limbach Oberfrohna,Germany,2024,
5783,2024 German Snooker Tour - Event 105,Amateur,Event,Essen,Germany,2024,
6073,2024 European Championships - Under-21,Amateur,Continental Event,Sarajevo,Bosnia Herzegovina,2024,
6068,2024 Q Tour Global Playoff - Event 1,Amateur,Tour Qualifier,Sarajevo,Bosnia Herzegovina,2024,
6069,2024 Q Tour Global Playoff - Event 2,Amateur,Tour Qualifier,Sarajevo,Bosnia Herzegovina,2024,
6070,2024 Q Tour Global Playoff - Event 3,Amateur,Tour Qualifier,Sarajevo,Bosnia Herzegovina,2024,
6072,2024 European Championships - Under-18,Amateur,Continental Event,Sarajevo,Bosnia Herzegovina,2024,
6071,2024 European Championships - Under-16,Amateur,Continental Event,Sarajevo,Bosnia Herzegovina,2024,
6065,2024 Womens World Championship,Amateur,World Event,Dongguan,China,2024,
6066,2024 Womens World Seniors Championship,Amateur,World Event,Dongguan,China,2024,
6067,2024 Womens World Under-21 Championship,Amateur,World Event,Dongguan,China,2024,
6064,2024 EPSB Open Series - Cueball - Event 4,Amateur,Event,Derby,England,2024,
6063,2024 World Seniors Super Seniors - Event 4,Amateur,Event,St Helier,Jersey,2024,
6062,2024 EPSB Open Series - Elite - Event 5,Amateur,Event,Preston,England,2024,
6120,2024 German Snooker Tour - Event 102,Amateur,Event,Goslar,Germany,2024,
6121,2024 German Snooker Tour - Event 103,Amateur,Event,Roth,Germany,2024,
6057,2024 World Seniors Championship - Qualifier 4,Pro-am,World Event,St Helier,Jersey,2024,
6060,2024 Q Tour Americas - Event 1,Amateur,Event,Rio de Janerio,Brazil,2024,
6082,2024 Romania - National League - Event 3,Amateur,National Ranking,Bucharest,Romania,2024,
6053,2024 World Masters,Professional,Invitational,Riyadh,Saudi Arabia,2024,
6052,2024 EPSB Open Series - Breakers - Event 4,Amateur,Event,Leicester,England,2024,
5831,2024 English Amateur Championship,Amateur,National Championship,Walsall,England,2024,
5856,2024 English Under-14 Championship,Amateur,National Championship,Tamworth,England,2024,
6051,2024 EPSB Open Series - Woking - Event 4,Amateur,Event,Woking,England,2024,
5784,2024 German Snooker Tour - Event 100,Amateur,Event,Vallendar,Germany,2024,
6119,2024 German Snooker Tour - Event 101,Amateur,Event,Vallendar,Germany,2024,
6054,2024 Italian Seniors Championship,Amateur,National Championship,Bolzano,Italy,2024,
5786,2024 German Snooker Tour - Event 99,Amateur,Event,Rüsselsheim,Germany,2024,
6044,2024 EPSB Open Series - Hurricane - Event 5,Amateur,Event,London,England,2024,
6045,2024 EPSB Open Series - Landywood - Event 4,Amateur,Event,Walsall,England,2024,
6048,2024 EPSB Open Series - Mill Brow - Event 1,Amateur,Event,Widnes,England,2024,
6043,2024 EPSB Winchester Womens Open Series - Event 7,Amateur,Event,Leicester,England,2024,
6046,2024 German Snooker Tour - Event 98,Amateur,Event,Marburg,Germany,2024,
6047,2024 World Seniors Super Seniors - Event 3,Amateur,Event,Carlow,Ireland,2024,
6041,2024 English 6-Reds Championship,Amateur,National Championship,Leeds,England,2024,
5801,2024 German Grand Prix - Event 3,Amateur,National Ranking,Hanover,Germany,2024,
6040,2024 New Zealand Womens Open Championship,Amateur,Event,Auckland,New Zealand,2024,
6042,2024 World Seniors Championship - Qualifier 3,Pro-am,World Event,Carlow,Ireland,2024,
6049,2024 Italian Open,Pro-am,Event,Bolzano,Italy,2024,
6050,2024 Romania - National League - Event 2,Amateur,National Ranking,Bucharest,Romania,2024,
6038,2024 Q Tour Americas - Event 2,Amateur,Event,San Jose,United States,2024,
6036,2024 Players Championship,Professional,Ranking,Telford,England,2024,
6037,2024 EPSB Open Series - Breakers - Event 3,Amateur,Event,Leicester,England,2024,
5781,2024 German Snooker Tour - Event 96,Amateur,Event,Berlin,Germany,2024,
6039,2024 Asian Championship - Men,Amateur,Continental Event,Doha,Qatar,2024,
5785,2024 German Snooker Tour - Event 93,Amateur,Event,Ansbach,Germany,2024,
6035,2024 Q Tour UK-Europe - Event 7,Amateur,Event,Leeds,England,2024,
5995,2024 Welsh Open,Professional,Ranking,Llandudno,Wales,2024,
6034,2024 EPSB Open Series - London - Event 1,Amateur,Event,London,England,2024,
6012,2024 EPSB Open Series - Elite - Event 4,Amateur,Event,Preston,England,2024,
6029,2024 German Snooker Tour - Event 88,Amateur,Event,Erfurt,Germany,2024,
6030,2024 German Snooker Tour - Event 89,Amateur,Event,Karlsruhe,Germany,2024,
6031,2024 German Snooker Tour - Event 90,Amateur,Event,Karlsruhe,Germany,2024,
6032,2024 German Snooker Tour - Event 91,Amateur,Event,Vallendar,Germany,2024,
6033,2024 German Snooker Tour - Event 92,Amateur,Event,Vallendar,Germany,2024,
6011,2024 Asia-Pacific Championship -  Seniors,Amateur,Continental Event,Forster,Australia,2024,
6009,2024 French Under-18 Championship,Amateur,National Championship,Ronchin,France,2024,
6007,2024 EPSB Open Series - Woking - Event 3,Amateur,Event,Woking,England,2024,
6008,2024 French Under-21 Championship,Amateur,National Championship,Ronchin,France,2024,
6028,2024 German Snooker Tour - Event 87,Amateur,Event,Rüsselsheim,Germany,2024,
6006,2024 WSF Championship,Amateur,World Event,Golem,Albania,2024,
6027,2024 German Snooker Tour - Event 86,Amateur,Event,Rüsselsheim,Germany,2024,
6079,2024 Jersey Amateur Championship,Amateur,National Championship,St Helier,Jersey,2024,
6000,2024 Albanian Womens Open,Amateur,Event,Golem,Albania,2024,
6001,2024 Albanian Womens Open - Senior,Amateur,Event,Golem,Albania,2024,
6002,2024 Albanian Womens Open - Under-21,Amateur,Event,Golem,Albania,2024,
5950,2024 German Masters,Professional,Ranking,Berlin,Germany,2024,
6003,2024 WSF Junior Championship,Amateur,World Event,Golem,Albania,2024,
5999,2024 EPSB Open Series - Cueball - Event 3,Amateur,Event,Derby,England,2024,
6026,2024 German Snooker Tour - Event 85,Amateur,Event,Berlin,Germany,2024,
5998,2024 English Seniors Championship,Amateur,National Championship,Walsall,England,2024,
6025,2024 German Snooker Tour - Event 84,Amateur,Event,Essen,Germany,2024,
5997,2024 All-Ireland Amateur Championship,Amateur,National Championship,Killarney,Ireland,2024,
6005,2024 Romania - National League - Event 1,Amateur,National Ranking,Bucharest,Romania,2024,
5996,2024 Q Tour Asia-Pacific - Event 3,Amateur,Event,Calamvale,Australia,2024,
5993,2024 Austrian Under-21 Championship,Amateur,National Championship,Wels,Austria,2024,
5992,2024 EPSB Open Series - Hurricane - Event 4,Amateur,Event,London,England,2024,
6278,2024 Israel Amateur Championship,Amateur,National Championship,Ashdod,Israel,2024,
5991,2024 Austrian Masters Championship,Amateur,National Championship,Vienna,Austria,2024,
5990,2024 Austrian Under-18 Championship,Amateur,National Championship,Wels,Austria,2024,
5988,2024 English Junior Tour - Event 5,Amateur,Event,Walsall,England,2024,
5805,2024 German Grand Prix - Masters - Event 2,Amateur,National Ranking,Heilbronn,Germany,2024,
6024,2024 German Snooker Tour - Event 82,Amateur,Event,Dresden,Germany,2024,
5989,2024 Seniors Tour - Event 5,Amateur,Event,Kettering,England,2024,
5986,2024 Belgian Womens Open,Amateur,Event,Bruges,Belgium,2024,
5987,2024 Belgian Womens Open - Seniors,Amateur,Event,Bruges,Belgium,2024,
6666,2024 Bosnia Herzegovina Amateur Championship,Amateur,National Championship,Bugojno,Bosnia Herzegovina,2024,
5985,2024 Q Tour Americas - Event 1,Amateur,Event,Toronto,Canada,2024,
5983,2024 Q Tour Middle East - Event 3,Amateur,Event,Abu Dhabi,United Arab Emirates,2024,
5984,2024 Spanish Amateur Championship,Amateur,National Championship,Valencia,Spain,2024,
6004,2024 Peru Amateur Championship,Amateur,National Championship,Puno,Peru,2024,
5979,2024 World Grand Prix,Professional,Ranking,Leicester,England,2024,
5982,2024 Austrian Womens Championship,Amateur,National Championship,Vienna,Austria,2024,
6023,2024 German Snooker Tour - Event 81,Amateur,Event,Wettstetten,Germany,2024,
6081,2024 Isle of Man Amateur Championship,Amateur,National Championship,Various,Isle of Man,2024,
5980,2024 Austrian Amateur Championship,Amateur,National Championship,Vienna,Austria,2024,
5978,2024 English Amateur Tour - Event 5,Amateur,National Ranking,Leeds,England,2024,
6021,2024 German Snooker Tour - Event 79,Amateur,Event,Hofgeismar,Germany,2024,
6022,2024 German Snooker Tour - Event 80,Amateur,Event,Magdeburg,Germany,2024,
5977,2024 Polish Amateur Championship,Amateur,National Championship,Lublin,Poland,2024,
5976,2024 Q Tour Middle East - Event 2,Amateur,Event,Abu Dhabi,United Arab Emirates,2024,
5972,2024 Australian Under-12 Championship,Amateur,National Championship,Albury,Australia,2024,
5973,2024 Australian Under-15 Championship,Amateur,National Championship,Albury,Australia,2024,
5974,2024 Australian Under-18 Championship,Amateur,National Championship,Albury,Australia,2024,
5975,2024 Australian Womens Under-18 Championship,Amateur,National Championship,Albury,Australia,2024,
5970,2024 EPSB Winchester Womens Open Series - Event 6,Amateur,Event,Leicester,England,2024,
6020,2024 German Snooker Tour - Event 78,Amateur,Event,Fürth,Germany,2024,
5965,2024 Masters,Professional,Invitational,London,England,2024,
5969,2024 EPSB Open Series - Elite - Event 3,Amateur,Event,Preston,England,2024,
5968,2024 EPSB Open Series - Woking - Event 2,Amateur,Event,Woking,England,2024,
6018,2024 German Snooker Tour - Event 76,Amateur,Event,Selb,Germany,2024,
6019,2024 German Snooker Tour - Event 77,Amateur,Event,Vallendar,Germany,2024,
6017,2024 German Snooker Tour - Event 75,Amateur,Event,Rüsselsheim,Germany,2024,
5967,2024 Q Tour UK-Europe - Event 6,Amateur,Event,Sofia,Bulgaria,2024,
5908,2024 3 Kings Open,Pro-am,Event,Rankweil,Austria,2024,
5966,2024 Q Tour Middle East - Event 1,Amateur,Event,Abu Dhabi,United Arab Emirates,2024,
5964,2024 Championship League,Professional,Invitational,Leicester,England,2024,
6206,2024 German Snooker Tour - Event 145,Amateur,Event,Gießen,Germany,2024,
6010,2024 Guernsey Amateur Championship,Amateur,National Championship,Various,Guernsey,2024,
6820,2025 German Snooker Tour - Event 167,Amateur,Event,Berlin,Germany,2025,
6821,2025 German Snooker Tour - Event 168,Amateur,Event,Gießen,Germany,2025,
6377,2025 German Grand Prix - Event 5,Amateur,National Ranking,Wunstorf,Germany,2025,
6819,2025 German Snooker Tour - Event 165,Amateur,Event,Gießen,Germany,2025,
6818,2025 German Snooker Tour - Event 164,Amateur,Event,Dortmund,Germany,2025,
6817,2025 German Snooker Tour - Event 163,Amateur,Event,Schwalbach,Germany,2025,
6816,2025 German Snooker Tour - Event 162,Amateur,Event,Fürth,Germany,2025,
6815,2025 German Snooker Tour - Event 161,Amateur,Event,Hofgeismar,Germany,2025,
6814,2025 German Snooker Tour - Event 160,Amateur,Event,Gießen,Germany,2025,
6811,2025 German Snooker Tour - Event 157,Amateur,Event,Ansbach,Germany,2025,
6812,2025 German Snooker Tour - Event 158,Amateur,Event,Hanover,Germany,2025,
6813,2025 German Snooker Tour - Event 159,Amateur,Event,Schwerin,Germany,2025,
6810,2025 German Snooker Tour - Event 156,Amateur,Event,Rüsselsheim,Germany,2025,
6809,2025 German Snooker Tour - Event 155,Amateur,Event,Würzburg,Germany,2025,
6915,2025 Serbian Amateur Championship,Amateur,National Championship,Belgrad,Serbia,2025,
6900,2025 Swedish Amateur Championship,Amateur,National Championship,Stockholm,Sweden,2025,
6903,2025 Norwegian Amateur Championship,Amateur,National Championship,Sagvag,Norway,2025,
6897,2025 Canadian Championship,Amateur,National Championship,Scarborough,Canada,2025,
6803,2025 Q School - Event 2,Professional,Tour Qualifier,Leicester,England,2025,
6808,2025 German Snooker Tour - Event 154,Amateur,Event,Gießen,Germany,2025,
6800,2025 Womens World Seniors Championship,Amateur,World Event,Dongguan,China,2025,
6801,2025 Womens World Under-21 Championship,Amateur,World Event,Dongguan,China,2025,
6896,2025 Canadian Seniors Championship,Amateur,National Championship,Scarborough,Canada,2025,
6807,2025 German Snooker Tour - Event 153,Amateur,Event,Hofgeismar,Germany,2025,
6894,2025 French Masters Championship,Amateur,National Championship,Tarbes,France,2025,
6893,2025 French Womens Championship,Amateur,National Championship,Tarbes,France,2025,
6895,2025 Portuguese Amateur Championship,Amateur,National Championship,Curia,Portugal,2025,
6898,2025 United States Amateur Championship,Amateur,National Championship,"Concord, CA",United States,2025,
6802,2025 Q School - Event 1,Professional,Tour Qualifier,Leicester,England,2025,
6799,2025 Womens World Championship,Amateur,World Event,Dongguan,China,2025,
6786,2025 Q School Asia-Oceania - Event 2,Professional,Tour Qualifier,Bangkok,Thailand,2025,
6375,2025 German Grand Prix - Masters - Event 4,Amateur,National Ranking,Karlsruhe,Germany,2025,
6805,2025 German Snooker Tour - Event 150,Amateur,Event,Berlin,Germany,2025,
6806,2025 German Snooker Tour - Event 152,Amateur,Event,Hoehnstein-Ernstthal,Germany,2025,
6795,2025 Helsinki International Cup,Pro-am,Event,Helsinki,Finland,2025,
6796,2025 Latvia Amateur Championship,Amateur,National Championship,Riga,Latvia,2025,
6797,2025 Swedish Seniors Championship,Amateur,National Championship,Stockholm,Sweden,2025,
6798,2025 Swedish Under-21 Championship,Amateur,National Championship,Stockholm,Sweden,2025,
6905,2025 Bangladesh Amateur Championship,Amateur,National Championship,Dhaka,Bangladesh,2025,
6804,2025 German Snooker Tour - Event 149,Amateur,Event,Schwalbach,Germany,2025,
6785,2025 Q School Asia-Oceania - Event 1,Professional,Tour Qualifier,Bangkok,Thailand,2025,
6794,2025 German Snooker Tour - Event 148,Amateur,Event,Gießen,Germany,2025,
6792,2025 German Snooker Tour - Event 146,Amateur,Event,Berlin,Germany,2025,
6793,2025 German Snooker Tour - Event 147,Amateur,Event,Dortmund,Germany,2025,
6791,2025 German Snooker Tour - Event 145,Amateur,Event,Dresden,Germany,2025,
6913,2025 Irish Amateur Championship,Amateur,National Championship,Carlow,Ireland,2025,
6784,2025 Lithuanian Amateur Championship,Amateur,National Championship,Vilnius,Lithuania,2025,
6899,2025 Northern Ireland Amateur Championship,Amateur,National Championship,Antrim,Northern Ireland,2025,
6904,2025 Romania - National League - Event 5,Amateur,National Ranking,Bucharest,Romania,2025,
6768,2025 World Seniors Championship,Pro-am,World Event,Sheffield,England,2025,
6914,2025 South African Amateur Championship,Amateur,National Championship,Cape Town,South Africa,2025,
6788,2025 German Snooker Tour - Event 142,Amateur,Event,Würzburg,Germany,2025,
6789,2025 German Snooker Tour - Event 143,Amateur,Event,Würzburg,Germany,2025,
6790,2025 German Snooker Tour - Event 144,Amateur,Event,Hanover,Germany,2025,
6910,2025 Irish Under-16 Championship,Amateur,National Championship,Carlow,Ireland,2025,
6787,2025 German Snooker Tour - Event 141,Amateur,Event,Rüsselsheim,Germany,2025,
6766,2025 Australian Masters Championship,Amateur,National Championship,Tumbi Umbi,Australia,2025,
6783,2025 German Snooker Tour - Event 140,Amateur,Event,Gießen,Germany,2025,
6906,2025 Irish Masters Championship,Amateur,National Championship,Carlow,Ireland,2025,
6755,2025 English Over-55 Championship,Amateur,National Championship,Newbury,England,2025,
6756,2025 English Under-21 Championship,Amateur,National Championship,Walsall,England,2025,
6376,2025 German Grand Prix - Event 4,Amateur,National Ranking,Hamburg,Germany,2025,
6767,2025 Iceland Amateur Championship,Amateur,National Championship,Reykjavik,Iceland,2025,
6912,2025 Irish Under-12 Championship,Amateur,National Championship,Carlow,Ireland,2025,
6908,2025 Irish Under-21 Championship,Amateur,National Championship,Carlow,Ireland,2025,
6764,2025 Channel Island Championship,Amateur,National Championship,Saint Sampson,Guernsey,2025,
6731,2025 Malta Amateur Championship,Amateur,National Championship,Hamrun,Malta,2025,
6782,2025 German Snooker Tour - Event 138,Amateur,Event,Vallendar,Germany,2025,
6907,2025 Irish Over-55 Championship,Amateur,National Championship,Carlow,Ireland,2025,
6759,2025 Scottish Womens Championship,Amateur,National Championship,Edinburgh,Scotland,2025,
6780,2025 German Snooker Tour - Event 136,Amateur,Event,Offenburg,Germany,2025,
6781,2025 German Snooker Tour - Event 137,Amateur,Event,Vallendar,Germany,2025,
6760,2025 Scottish Under-21 Championship,Amateur,National Championship,Edinburgh,Scotland,2025,
6743,2025 World Championship,Professional,Ranking,Sheffield,England,2025,
6752,2025 World Seniors Championship - Golden Ticket,Pro-am,Event,Reading,England,2025,
6753,2025 Danish Amateur Championship,Amateur,National Championship,Aarhus,Denmark,2025,
6779,2025 German Snooker Tour - Event 135,Amateur,Event,Schwalbach,Germany,2025,
6778,2025 German Snooker Tour - Event 134,Amateur,Event,Gießen,Germany,2025,
6750,2025 EPSB Open Series - Play-Off,Amateur,Event,Widnes,England,2025,
6909,2025 Irish Under-18 Championship,Amateur,National Championship,Carlow,Ireland,2025,
6698,2025 Scottish Amateur Championship,Amateur,National Championship,Edinburgh,Scotland,2025,
6714,2025 Welsh Amateur Championship,Amateur,National Championship,Tonypandy,Wales,2025,
6751,2025 Belgian Amateur Championship,Amateur,National Championship,Glabbeek,Belgium,2025,
6748,2025 English Under-16 Championship,Amateur,National Championship,Manchester,England,2025,
6777,2025 German Snooker Tour - Event 133,Amateur,Event,Hanover,Germany,2025,
6911,2025 Irish Under-14 Championship,Amateur,National Championship,Carlow,Ireland,2025,
6757,2025 Scottish Over-55 Championship,Amateur,National Championship,Edinburgh,Scotland,2025,
6761,2025 Scottish Under-16 Championship,Amateur,National Championship,Edinburgh,Scotland,2025,
6745,2025 Belgian Over-50 Championship,Amateur,National Championship,Glabbeek,Belgium,2025,
6744,2025 Belgian Under-18 Championship,Amateur,National Championship,Glabbeek,Belgium,2025,
6746,2025 Belgian Womens Championship,Amateur,National Championship,Glabbeek,Belgium,2025,
6758,2025 Scottish Masters Championship,Amateur,National Championship,Edinburgh,Scotland,2025,
6747,2025 Welsh Over-55 Championship,Amateur,National Championship,Aberaman,Wales,2025,
6737,2025 World Seniors Super Seniors - Event 9,Amateur,Event,Reading,England,2025,
6740,2025 Belgian Masters Championship,Amateur,National Championship,Glabbeek,Belgium,2025,
6738,2025 Belgian Over-60 Championship,Amateur,National Championship,Glabbeek,Belgium,2025,
6739,2025 Belgian Under-21 Championship,Amateur,National Championship,Glabbeek,Belgium,2025,
6705,2025 English Amateur Championship,Amateur,National Championship,Walsall,England,2025,
6775,2025 German Snooker Tour - Event 131,Amateur,Event,Fürth,Germany,2025,
6776,2025 German Snooker Tour - Event 132,Amateur,Event,Vallendar,Germany,2025,
6762,2025 Scottish Under-18 Championship,Amateur,National Championship,Edinburgh,Scotland,2025,
6742,2025 Welsh Under-14 Championship,Amateur,National Championship,Ammanford,Wales,2025,
6741,2025 Welsh Under-16 Championship,Amateur,National Championship,Ammanford,Wales,2025,
6736,2025 World Seniors Championship - Event 9,Amateur,Event,Reading,England,2025,
6774,2025 German Snooker Tour - Event 130,Amateur,Event,Rüsselsheim,Germany,2025,
6749,2025 Romania - National League - Event 4,Amateur,National Ranking,Bucharest,Romania,2025,
6709,2025 Asia-Pacific Championship,Amateur,Continental Event,Albury,Australia,2025,
6773,2025 German Snooker Tour - Event 129,Amateur,Event,Gießen,Germany,2025,
6724,2025 Tour Championship,Professional,Ranking,Manchester,England,2025,
6715,2025 Irish 6-Red Championship,Amateur,National Championship,Carlow,Ireland,2025,
6713,2025 Dutch Amateur Championship,Amateur,National Championship,Zaandam,Netherlands,2025,
6712,2025 EPSB Open Series - Oldham - Event 9,Amateur,Event,Oldham,England,2025,
6771,2025 German Snooker Tour - Event 127,Amateur,Event,Dortmund,Germany,2025,
6772,2025 German Snooker Tour - Event 128,Amateur,Event,Dortmund,Germany,2025,
6763,2025 Scottish Under-14 Championship,Amateur,National Championship,Edinburgh,Scotland,2025,
6708,2025 Womens British Open - Under-21,Amateur,Event,Walsall,England,2025,
6710,2025 Asia-Pacific Championship - Under-21,Amateur,Continental Event,Albury,Australia,2025,
6711,2025 Asia-Pacific Championship - Women,Amateur,Continental Event,Albury,Australia,2025,
6706,2025 Womens British Open,Amateur,Event,Walsall,England,2025,
6707,2025 Womens British Open - Senior,Amateur,Event,Walsall,England,2025,
6699,2025 Singapore Womens Championship,Amateur,National Championship,"Toa Payoh, Singapore",Singapore,2025,
6704,2025 Belgian 6-Reds Championship,Amateur,National Championship,Glabbeek,Belgium,2025,
6696,2025 EPSB Open Series - Mill Brow - Event 3,Amateur,Event,Widnes,England,2025,
6770,2025 German Snooker Tour - Event 126,Amateur,Event,Berlin,Germany,2025,
6702,2025 Welsh Masters Championship,Amateur,National Championship,Llanelli,Wales,2025,
6689,2025 EPSB Open Series - Elite - Event 3,Amateur,Event,Preston,England,2025,
6374,2025 German Grand Prix - Masters - Event 3,Amateur,National Ranking,Rüsselsheim,Germany,2025,
6769,2025 German Snooker Tour - Event 124,Amateur,Event,Selb,Germany,2025,
6697,2025 Italian Seniors Championship,Amateur,National Championship,Trezzano sul Naviglio,Italy,2025,
6703,2025 US Masters,Amateur,Event,Sacramento,United States,2025,
6676,2025 European Championships - Men,Amateur,Continental Event,Antalya,Turkey,2025,
6688,2025 German Snooker Tour - Event 123,Amateur,Event,Gießen,Germany,2025,
6679,2025 Players Championship,Professional,Ranking,Telford,England,2025,
6678,2025 EPSB Open Series - Oldham - Event 8,Amateur,Event,Oldham,England,2025,
6687,2025 German Snooker Tour - Event 122,Amateur,Event,Wettstetten,Germany,2025,
6677,2025 EPSB Open Series - Landywood - Event 6,Amateur,Event,Walsall,England,2025,
6685,2025 German Snooker Tour - Event 120,Amateur,Event,Braunschweig,Germany,2025,
6686,2025 German Snooker Tour - Event 121,Amateur,Event,Würzburg,Germany,2025,
6675,2025 European Championships - Under-21,Amateur,Continental Event,Antalya,Turkey,2025,
6674,2025 European Championships - Under-18,Amateur,Continental Event,Antalya,Turkey,2025,
6638,2025 Q Tour Global Playoff - Event 1,Amateur,Tour Qualifier,Antalya,Turkey,2025,
6639,2025 Q Tour Global Playoff - Event 2,Amateur,Tour Qualifier,Antalya,Turkey,2025,
6640,2025 Q Tour Global Playoff - Event 3,Amateur,Tour Qualifier,Antalya,Turkey,2025,
6673,2025 European Championships - Under-16,Amateur,Continental Event,Antalya,Turkey,2025,
6671,2025 World Seniors Super Seniors - Event 8,Amateur,Event,Reading,England,2025,
6684,2025 German Snooker Tour - Event 119,Amateur,Event,Hofgeismar,Germany,2025,
6670,2025 World Seniors Championship - Event 8,Amateur,Event,Reading,England,2025,
6683,2025 German Snooker Tour - Event 118,Amateur,Event,Rüsselsheim,Germany,2025,
6667,2025 World Grand Prix,Professional,Ranking,Kowloon City,Hong Kong,2025,
6665,2025 German Snooker Tour - Event 117,Amateur,Event,Gießen,Germany,2025,
6664,2025 German Snooker Tour - Event 116,Amateur,Event,Gießen,Germany,2025,
6641,2025 English Seniors Championship,Amateur,Event,Walsall,England,2025,
6642,2025 English Under-18 Championship,Amateur,National Championship,Northampton,England,2025,
6658,2025 German Snooker Tour - Event 110,Amateur,Event,Limbach Oberfrohna,Germany,2025,
6659,2025 German Snooker Tour - Event 111,Amateur,Event,Karlsruhe,Germany,2025,
6660,2025 German Snooker Tour - Event 112,Amateur,Event,Hanover,Germany,2025,
6661,2025 German Snooker Tour - Event 113,Amateur,Event,Kirchheim-Heimstetten,Germany,2025,
6662,2025 German Snooker Tour - Event 114,Amateur,Event,Vallendar,Germany,2025,
6663,2025 German Snooker Tour - Event 115,Amateur,Event,Vallendar,Germany,2025,
6700,2025 Welsh Under-18 Championship,Amateur,National Championship,Aberaman,Wales,2025,
6701,2025 Welsh Under-21 Championship,Amateur,National Championship,Aberaman,Wales,2025,
6668,2025 Italian Open,Amateur,Event,Bolzano,Italy,2025,
6669,2025 Romania - National League - Event 3,Amateur,National Ranking,Bucharest,Romania,2025,
6635,2025 EPSB Open Series - Landywood - Event 5,Amateur,Event,Walsall,England,2025,
6636,2025 EPSB Open Series - Oldham - Event 7,Amateur,Event,Oldham,England,2025,
6445,2025 World Open,Professional,Ranking,Yushan,China,2025,
6634,2025 English 6-Red Championship,Amateur,National Championship,Leeds,England,2025,
6651,2025 German Snooker Tour - Event 103,Amateur,Event,Ansbach,Germany,2025,
6652,2025 German Snooker Tour - Event 104,Amateur,Event,Dortmund,Germany,2025,
6653,2025 German Snooker Tour - Event 105,Amateur,Event,Dortmund,Germany,2025,
6654,2025 German Snooker Tour - Event 106,Amateur,Event,Goslar,Germany,2025,
6655,2025 German Snooker Tour - Event 107,Amateur,Event,Heilbronn,Germany,2025,
6656,2025 German Snooker Tour - Event 108,Amateur,Event,Heilbronn,Germany,2025,
6657,2025 German Snooker Tour - Event 109,Amateur,Event,Magdeburg,Germany,2025,
6650,2025 German Snooker Tour - Event 102,Amateur,Event,Schwalbach,Germany,2025,
6681,2025 Asian Championships - Under-21,Amateur,Continental Event,Doha,Qatar,2025,
6682,2025 Asian Championships - Women,Amateur,Continental Event,Doha,Qatar,2025,
6649,2025 German Snooker Tour - Event 101,Amateur,Event,Gießen,Germany,2025,
6648,2025 German Snooker Tour - Event 100,Amateur,National Ranking,Berlin,Germany,2025,
6680,2025 Asian Championships - Men,Amateur,Continental Event,Doha,Qatar,2025,
6629,2025 English Seniors Tour - Event 5,Amateur,Event,Leeds,England,2025,
6538,2025 English Under-14 Championship,Amateur,National Championship,Walsall,England,2025,
6631,2025 EPSB Open Series - Elite - Event 2,Amateur,Event,Preston,England,2025,
6630,2025 EPSB Open Series - Frames - Event 6,Amateur,Event,Coulsdon,England,2025,
6373,2025 German Grand Prix - Event 3,Amateur,National Ranking,Heilbronn,Germany,2025,
6647,2025 German Snooker Tour - Event 99,Amateur,Event,Fürth,Germany,2025,
6606,2025 Welsh Open,Professional,Ranking,Llandudno,Wales,2025,
6620,2025 EPSB Open Series - Oldham - Event 6,Amateur,Event,Oldham,England,2025,
6619,2025 World Seniors Super Seniors - Event 7,Amateur,Event,Reading,England,2025,
6644,2025 German Snooker Tour - Event 95,Amateur,Event,Hanover,Germany,2025,
6645,2025 German Snooker Tour - Event 96,Amateur,Event,Stuttgart,Germany,2025,
6646,2025 German Snooker Tour - Event 97,Amateur,Event,Hanover,Germany,2025,
6618,2025 World Seniors Championship - Event 7,Amateur,Event,Reading,England,2025,
6614,2025 Belgian Womens Open,Amateur,Event,Bruges,Belgium,2025,
6615,2025 Belgian Womens Open - Seniors,Amateur,Event,Bruges,Belgium,2025,
6616,2025 Belgian Womens Open - Under-21,Amateur,Event,Bruges,Belgium,2025,
6643,2025 German Snooker Tour - Event 94,Amateur,Event,Rüsselsheim,Germany,2025,
6617,2025 Q Tour Europe - Event 7,Amateur,Event,Walsall,England,2025,
6622,2025 Romania - National League - Event 2,Amateur,National Ranking,Bucharest,Romania,2025,
6624,2025 Asia-Pacific Championship - Seniors,Amateur,Continental Event,"Forster, NSW",Australia,2025,
6609,2025 German Snooker Tour - Event 93,Amateur,Event,Gießen,Germany,2025,
6604,2025 EPSB Open Series - Mill Brow - Event 2,Amateur,Event,Widnes,England,2025,
6599,2025 German Snooker Tour - Event 90,Amateur,Event,Erfurt,Germany,2025,
6536,2025 German Snooker Tour - Event 91,Amateur,Event,Vallendar,Germany,2025,
6600,2025 German Snooker Tour - Event 92,Amateur,Event,Vallendar,Germany,2025,
6603,2025 All-Ireland Amateur Championship,Amateur,National Championship,Killarney,Ireland,2025,
6632,2025 Jersey Amateur Championship,Amateur,National Championship,Various,Jersey,2025,
6442,2025 German Masters,Professional,Ranking,Berlin,Germany,2025,
6537,2025 German Snooker Tour - Event 89,Amateur,Event,Gießen,Germany,2025,
6597,2025 EPSB Open Series - Oldham - Event 5,Amateur,Event,Oldham,England,2025,
6592,2025 Q Tour Asia-Pacific - Event 5,Amateur,Event,"Redcliffe, QLD",Australia,2025,
6596,2025 WSF Championship,Amateur,World Event,Saïdia,Morocco,2025,
6545,2025 Austrian Womens Championship,Amateur,National Championship,Vienna,Austria,2025,
6535,2025 German Snooker Tour - Event 88,Amateur,Event,Berlin,Germany,2025,
6590,2025 World Seniors Super Seniors - Event 6,Amateur,Event,Newbury,England,2025,
6544,2025 Austrian Amateur Championship,Amateur,National Championship,Vienna,Austria,2025,
6588,2025 EPSB Open Series - Elite - Event 1,Amateur,Event,Preston,England,2025,
6589,2025 EPSB Open Series - Frames - Event 5,Amateur,Event,Coulsdon,England,2025,
6372,2025 German Grand Prix - Masters - Event 2,Amateur,National Ranking,Vallendar,Germany,2025,
6532,2025 German Snooker Tour - Event 84,Amateur,Event,Dresden,Germany,2025,
6533,2025 German Snooker Tour - Event 85,Amateur,Event,Karlsruhe,Germany,2025,
6534,2025 German Snooker Tour - Event 87,Amateur,Event,Wettstetten,Germany,2025,
6586,2025 WSF Junior Championship,Amateur,World Event,Saïdia,Morocco,2025,
6587,2025 WSF Womens Championship,Amateur,Event,Saïdia,Morocco,2025,
6598,2025 German Snooker Tour - Event 83,Amateur,Event,Schwalbach,Germany,2025,
6585,2025 Q Tour Americas - Event 4,Amateur,Event,Toronto,Canada,2025,
6583,2025 Q Tour Middle East - Event 3,Amateur,Event,Dubai,United Arab Emirates,2025,
6593,2025 Romania - National League - Event 1,Amateur,National Ranking,Bucharest,Romania,2025,
6594,2025 Spanish Amateur Championship,Amateur,National Championship,Zaragoza,Spain,2025,
6584,2025 World Seniors Championship - Event 6,Amateur,Event,Newbury,England,2025,
6531,2025 German Snooker Tour - Event 82,Amateur,Event,Gießen,Germany,2025,
6543,2025 Austrian Under-21 Championship,Amateur,National Championship,Vienna,Austria,2025,
6582,2025 EPSB Open Series - Mill Brow - Event 1,Amateur,Event,Widnes,England,2025,
6578,2025 Masters,Professional,Invitational,London,England,2025,
6542,2025 Austrian Masters Championship,Amateur,National Championship,Vienna,Austria,2025,
6637,2025 Bosnia Herzegovina Amateur Championship,Amateur,National Championship,Bugojno,Bosnia Herzegovina,2025,
6580,2025 EPSB Open Series - Landywood - Event 4,Amateur,Event,Walsall,England,2025,
6581,2025 EPSB Open Series - Oldham - Event 4,Amateur,Event,Oldham,England,2025,
6530,2025 German Snooker Tour - Event 81,Amateur,Event,Hanover,Germany,2025,
6579,2025 Q Tour Europe - Event 6,Amateur,Event,Mons,Belgium,2025,
6558,2025 SAARC Championship,Amateur,Event,Colombo,Sri Lanka,2025,
5251,2025 Australian Under-12 Championship,Amateur,National Championship,Albury,Australia,2025,
5633,2025 Australian Under-16 Championship,Amateur,National Championship,Albury,Australia,2025,
5649,2025 Australian Under-18 Championship,Amateur,National Championship,Albury,Australia,2025,
5769,2025 Australian Under-21 Championship,Amateur,National Championship,Albury,Australia,2025,
5775,2025 Australian Womens Under-18 Championship,Amateur,National Championship,Albury,Australia,2025,
5232,2025 French Under-21 Championship,Amateur,National Championship,Thionville,France,2025,
6539,2025 English Amateur Tour - Event 5,Amateur,National Ranking,Walsall,England,2025,
5223,2025 French Under-18 Championship,Amateur,National Championship,Saint-Avold,France,2025,
6527,2025 German Snooker Tour - Event 78,Amateur,Event,Hofgeismar,Germany,2025,
6528,2025 German Snooker Tour - Event 79,Amateur,Event,Vallendar,Germany,2025,
6529,2025 German Snooker Tour - Event 80,Amateur,Event,Vallendar,Germany,2025,
6523,2025 Championship League,Professional,Invitational,Leicester,England,2025,
6526,2025 German Snooker Tour - Event 77,Amateur,Event,Rüsselsheim,Germany,2025,
6524,2025 Polish Amateur Championship,Amateur,National Championship,Lublin,Poland,2025,
6426,2025 3 Kings Open,Amateur,Event,Rankweil,Austria,2025,
6591,2025 Isle of Man Amateur Championship,Amateur,National Championship,Ballasalla,Isle of Man,2025,
6623,2025 Israel Amateur Championship,Amateur,National Championship,Tel Aviv,Israel,2025,
6522,2025 Guernsey Amateur Championship,Amateur,National Championship,Various,Guernsey,2025,
7744,2026 World Championship,Professional,Ranking,,,2026,
7711,2026 Tour Championship,Professional,Ranking,,,2026,
7635,2026 World Open,Professional,Ranking,,,2026,
7466,2026 Welsh Open,Professional,Ranking,,,2026,
7662,2026 Players Championship,Professional,Ranking,,,2026,
7592,2026 World Grand Prix,Professional,Ranking,,,2026,
7546,2026 German Masters,Professional,Ranking,,,2026,
7467,2026 Masters,Professional,Ranking,,,2026,
7396,2026 Championship League,Professional,Ranking,,,2026,
7136,2025 Scottish Open,Professional,Ranking,,,2025,
7317,2025 Snooker Shoot Out,Professional,Ranking,,,2025,
7267,2025 UK Championship,Professional,Ranking,,,2025,
7263,2025 Riyadh Season Championship,Professional,Ranking,,,2025,
7244,2025 Champion of Champions,Professional,Ranking,,,2025,
7096,2025 International Championship,Professional,Ranking,,,2025,
7082,2025 Northern Ireland Open,Professional,Ranking,,,2025,
7072,2025 Xi'an Grand Prix,Professional,Ranking,,,2025,
6942,2025 British Open,Professional,Ranking,,,2025,
7085,2025 English Open,Professional,Ranking,,,2025,
6939,2025 Wuhan Open,Professional,Ranking,,,2025,
6973,2025 Saudi Arabia Masters,Professional,Ranking,,,2025,
6967,2025 Shanghai Masters,Professional,Ranking,,,2025,
6945,2025 Championship League,Professional,Ranking,,,2025,
